,,TVS,,,,,,,,,,,
Manufacture,Product,Status,Compliance,Configuration,Package Type,"Peak Pulse
Power
Dissipation
PPPM (W)","Reverse
Standoff
Voltage
VRWM(V)","Reverse
Leakage
IR(uA)","Max.
Clamping
Voltage
VC (V)","Peak Pulse
Current
IPP(A) ","Breakdown
Voltage
Min VBR(V)","Breakdown
Voltage
Max VBR(V)","Junction
Temperature
Tj [max] (°C)"
,,,,,,,,,,,,,
MCC (Micro Commercial Components),SMHE60AHE3,Preferred,A R H,Unidirectional,SOD-323HE-B,150,60,1,96.8,1.54,66.7,73.7,150
MCC (Micro Commercial Components),SMHE5.0AHE3,Preferred,A R H,Unidirectional,SOD-323HE-B,150,5,400,9.2,16.3,6.4,7.07,150
MCC (Micro Commercial Components),SMHE15AHE3,Preferred,A R H,Unidirectional,SOD-323HE-B,150,15,1,24.4,6.15,16.7,18.5,150
MCC (Micro Commercial Components),SMHE36AHE3,Preferred,A R H,Unidirectional,SOD-323HE-B,150,36,1,58.1,2.55,40,44.2,150
MCC (Micro Commercial Components),SMHE24AHE3,Preferred,A R H,Unidirectional,SOD-323HE-B,150,24,1,38.9,3.86,26.7,29.5,150
MCC (Micro Commercial Components),SMHE26AHE3,Preferred,A R H,Unidirectional,SOD-323HE-B,150,26,1,42.1,3.56,28.9,31.9,150
MCC (Micro Commercial Components),SMHEB43A,Preferred,R H,Unidirectional,SOD-323HE-B,200,43,1,69.4,2.88,47.8,52.8,150
MCC (Micro Commercial Components),SMHEB30A,Preferred,R H,Unidirectional,SOD-323HE-B,200,30,1,48.4,4.13,33.3,36.8,150
MCC (Micro Commercial Components),SMHEB15A,Preferred,R H,Unidirectional,SOD-323HE-B,200,15,1,24.4,8.2,16.7,18.5,150
MCC (Micro Commercial Components),SMAJP4KE550AQ,Preferred,A R H,Unidirectional,SMA,400,470,1,759,0.53,522.5,577.5,175
MCC (Micro Commercial Components),SMAJP4KE250CAQ,Preferred,A R H,Bidirectional,SMA,400,214,1,344,1.16,237.5,262.5,175
MCC (Micro Commercial Components),SMHE33AHE3,Preferred,A R H,Unidirectional,SOD-323HE-B,150,33,1,53.3,2.81,36.7,40.6,150
MCC (Micro Commercial Components),SMHEB58A,Preferred,R H,Unidirectional,SOD-323HE-B,200,58,1,93.6,2.14,64.4,71.2,150
MCC (Micro Commercial Components),SM8Z24CAHE3,Preferred,A R,Bidirectional,DO-218AB,8000,24,10,38.9,205.7,26.7,29.5,175
MCC (Micro Commercial Components),SM8Z26CAHE3,Preferred,A R,Bidirectional,DO-218AB,8000,26,10,42.1,190,28.9,31.9,175
MCC (Micro Commercial Components),SM8Z30CAHE3,Preferred,A R,Bidirectional,DO-218AB,8000,30,10,48.4,165.3,33.3,36.8,175
MCC (Micro Commercial Components),SM8Z33CAHE3,Preferred,A R,Bidirectional,DO-218AB,8000,33,10,53.3,150.1,36.7,40.6,175
MCC (Micro Commercial Components),SM8Z30AHE3,Preferred,A R,Unidirectional,DO-218AB,8000,30,10,48.4,165.3,33.3,36.8,175
MCC (Micro Commercial Components),SM8Z33AHE3,Preferred,A R,Unidirectional,DO-218AB,8000,33,10,53.3,150.1,36.7,40.6,175
MCC (Micro Commercial Components),SM8Z24AHE3,Preferred,A R,Unidirectional,DO-218AB,8000,24,10,38.9,205.7,26.7,29.5,175
MCC (Micro Commercial Components),SMAJP4KE250AQ,Preferred,A R H,Unidirectional,SMA,400,214,1,344,1.16,237.5,262.5,175
MCC (Micro Commercial Components),SM8Z26AHE3,Preferred,A R,Unidirectional,DO-218AB,8000,26,10,42.1,190,28.9,31.9,175
MCC (Micro Commercial Components),SMAJP4KE440AQ,Preferred,A R H,Unidirectional,SMA,400,376,1,607.2,0.66,418,462,175
MCC (Micro Commercial Components),SMAJP4KE440CAQ,Preferred,A R H,Bidirectional,SMA,400,376,1,607.2,0.66,418,462,175
MCC (Micro Commercial Components),SM4F3.3A,Preferred,R H,Unidirectional,SOD-123FL,400,3.3,150,8,54.8,5.2,6.5,150
MCC (Micro Commercial Components),SMAJ3.3CA,Preferred,R H,Bidirectional,SMA,400,3.3,150,8,54.8,5.2,6.5,150
MCC (Micro Commercial Components),SMBJ3.3CA,Preferred,R H,Bidirectional,SMB,600,3.3,200,8,82.2,5.2,6.5,150
MCC (Micro Commercial Components),SMBJ1505CA,Preferred,R H,Bidirectional,SMB,600,15,1,26.8,24.6,16.7,18.5,150
MCC (Micro Commercial Components),SMBJ1805CA,Preferred,R H,Bidirectional,SMB,600,18,1,32.1,20.6,20.0,22.1,150
MCC (Micro Commercial Components),SMAJP4KE550CAQ,Preferred,A R H,Bidirectional,SMA,400,470,1,759,0.53,522.5,577.5,175
MCC (Micro Commercial Components),SMA6J3.3A,Preferred,R H,Unidirectional,SMA,600,3.3,200,8,82.2,5.2,6.5,150
MCC (Micro Commercial Components),SMAJP4KE350CAQ,Active,A R H,Bidirectional,SMA,400,300,1,482,0.83,332.5,367.5,175
MCC (Micro Commercial Components),SMAJP4KE400CAQ,Active,A R H,Bidirectional,SMA,400,342,1,552,0.72,380,420,175
MCC (Micro Commercial Components),SMA6J3.3CA,Active,R H,Bidirectional,SMA,600,3.3,200,8,82.2,5.2,6.5,150
MCC (Micro Commercial Components),SMAJP4KE480CAQ,Active,A R H,Bidirectional,SMA,400,408,1,658,0.61,456,504,175
MCC (Micro Commercial Components),SMAJP4KE510CAQ,Active,A R H,Bidirectional,SMA,400,434,1,698,0.57,485,535,175
MCC (Micro Commercial Components),SMAJP4KE510AQ,Active,A R H,Unidirectional,SMA,400,434,1,698,0.57,485,535,175
MCC (Micro Commercial Components),SMAJP4KE530AQ,Active,A R H,Unidirectional,SMA,400,451,1,725,0.55,503.5,556.5,175
MCC (Micro Commercial Components),SMAJP4KE540AQ,Active,A R H,Unidirectional,SMA,400,460,1,740,0.54,513,567,175
MCC (Micro Commercial Components),SMAJP4KE480AQ,Active,A R H,Unidirectional,SMA,400,408,1,658,0.61,456,504,175
MCC (Micro Commercial Components),SMAJP4KE540CAQ,Active,A R H,Bidirectional,SMA,400,460,1,740,0.54,513,567,175
MCC (Micro Commercial Components),SM8Z28AHE3,Active,A R,Unidirectional,DO-218AB,8000,28,10,45.4,176.2,31.1,34.4,175
MCC (Micro Commercial Components),SMAJP4KE300AQ,Active,A R H,Unidirectional,SMA,400,256,1,414,0.97,285,315,175
MCC (Micro Commercial Components),SMAJP4KE350AQ,Active,A R H,Unidirectional,SMA,400,300,1,482,0.83,332.5,367.5,175
MCC (Micro Commercial Components),SMAJP4KE400AQ,Active,A R H,Unidirectional,SMA,400,342,1,552,0.72,380,420,175
MCC (Micro Commercial Components),SM8Z36AHE3,Active,A R,Unidirectional,DO-218AB,8000,36,10,58.1,137.7,40,44.2,175
MCC (Micro Commercial Components),SM8Z40AHE3,Active,A R,Unidirectional,DO-218AB,8000,40,10,64.5,124,44.4,49.1,175
MCC (Micro Commercial Components),SM8Z16AHE3,Active,A R,Unidirectional,DO-218AB,8000,16,10,26,307.7,17.8,19.7,175
MCC (Micro Commercial Components),SM8Z17AHE3,Active,A R,Unidirectional,DO-218AB,8000,17,10,27.6,289.9,18.9,20.9,175
MCC (Micro Commercial Components),SM8Z18AHE3,Active,A R,Unidirectional,DO-218AB,8000,18,10,29.2,274,20,22.1,175
MCC (Micro Commercial Components),SM8Z20AHE3,Active,A R,Unidirectional,DO-218AB,8000,20,10,32.4,246.9,22.2,24.5,175
MCC (Micro Commercial Components),SM8Z22AHE3,Active,A R,Unidirectional,DO-218AB,8000,22,10,35.5,225.4,24.4,26.9,175
MCC (Micro Commercial Components),SM8Z36CAHE3,Active,A R,Bidirectional,DO-218AB,8000,36,10,58.1,137.7,40,44.2,175
MCC (Micro Commercial Components),SM8Z15CAHE3,Active,A R,Bidirectional,DO-218AB,8000,15,10,24.4,327.9,16.7,18.5,175
MCC (Micro Commercial Components),SM8Z16CAHE3,Active,A R,Bidirectional,DO-218AB,8000,16,10,26,307.7,17.8,19.7,175
MCC (Micro Commercial Components),SM8Z17CAHE3,Active,A R,Bidirectional,DO-218AB,8000,17,10,27.6,289.9,18.9,20.9,175
MCC (Micro Commercial Components),SM8Z18CAHE3,Active,A R,Bidirectional,DO-218AB,8000,18,10,29.2,274,20,22.1,175
MCC (Micro Commercial Components),SM8Z20CAHE3,Active,A R,Bidirectional,DO-218AB,8000,20,10,32.4,246.9,22.2,24.5,175
MCC (Micro Commercial Components),SM8Z22CAHE3,Active,A R,Bidirectional,DO-218AB,8000,22,10,35.5,225.4,24.4,26.9,175
MCC (Micro Commercial Components),SM8Z43AHE3,Active,A R,Unidirectional,DO-218AB,8000,43,10,69.4,115.3,47.8,52.8,175
MCC (Micro Commercial Components),SM8Z10CAHE3,Active,A R,Bidirectional,DO-218AB,8000,10,15,17,470.6,11.1,12.3,175
MCC (Micro Commercial Components),SM8Z11CAHE3,Active,A R,Bidirectional,DO-218AB,8000,11,10,18.2,439.6,12.2,13.5,175
MCC (Micro Commercial Components),SM8Z12CAHE3,Active,A R,Bidirectional,DO-218AB,8000,12,10,19.9,402,13.3,14.7,175
MCC (Micro Commercial Components),SM8Z13CAHE3,Active,A R,Bidirectional,DO-218AB,8000,13,10,21.5,372.1,14.4,15.9,175
MCC (Micro Commercial Components),SM8Z14CAHE3,Active,A R,Bidirectional,DO-218AB,8000,14,10,23.2,344.8,15.6,17.2,175
MCC (Micro Commercial Components),SM8Z28CAHE3,Active,A R,Bidirectional,DO-218AB,8000,28,10,45.4,176.2,31.1,34.4,175
MCC (Micro Commercial Components),SMHEB40A,Active,R H,Unidirectional,SOD-323HE-B,200,40,1,64.5,3.1,44.4,49.1,150
MCC (Micro Commercial Components),SMHEB6.5A,Active,R H,Unidirectional,SOD-323HE-B,200,6.5,250,11.2,17.86,7.22,7.98,150
MCC (Micro Commercial Components),SMHEB7.0A,Active,R H,Unidirectional,SOD-323HE-B,200,7,100,12,16.67,7.78,8.6,150
MCC (Micro Commercial Components),SMHEB7.5A,Active,R H,Unidirectional,SOD-323HE-B,200,7.5,50,12.9,15.5,8.33,9.21,150
MCC (Micro Commercial Components),SMHEB8.0A,Active,R H,Unidirectional,SOD-323HE-B,200,8,25,13.6,14.71,8.89,9.83,150
MCC (Micro Commercial Components),SMHEB8.5A,Active,R H,Unidirectional,SOD-323HE-B,200,8.5,10,14.4,13.89,9.44,10.4,150
MCC (Micro Commercial Components),SMHEB9.0A,Active,R H,Unidirectional,SOD-323HE-B,200,9,5,15.4,12.99,10,11.1,150
MCC (Micro Commercial Components),SMAJP4KE300CAQ,Active,A R H,Bidirectional,SMA,400,256,1,414,0.97,285,315,175
MCC (Micro Commercial Components),SMAJP4KE530CAQ,Active,A R H,Bidirectional,SMA,400,451,1,725,0.55,503.5,556.5,175
MCC (Micro Commercial Components),SMF3.3A,Active,R H,Unidirectional,SOD-123FL,200,3.3,150,8,27.4,5.2,6.5,150
MCC (Micro Commercial Components),SMAJ250AQ,Active,A R H,Unidirectional,SMA,400,250,1,405,1,279,309,175
MCC (Micro Commercial Components),SMAJ300AQ,Active,A R H,Unidirectional,SMA,400,300,1,486,0.8,335,371,175
MCC (Micro Commercial Components),SMAJ350AQ,Active,A R H,Unidirectional,SMA,400,350,1,567,0.7,391,432,175
MCC (Micro Commercial Components),SMAJ400AQ,Active,A R H,Unidirectional,SMA,400,400,1,648,0.6,447,494,175
MCC (Micro Commercial Components),SMAJ440AQ,Active,A R H,Unidirectional,SMA,400,440,1,713,0.6,492,543,175
MCC (Micro Commercial Components),SMAJ250CAQ,Active,A R H,Bidirectional,SMA,400,250,1,405,1,279,309,175
MCC (Micro Commercial Components),SMAJ300CAQ,Active,A R H,Bidirectional,SMA,400,300,1,486,0.8,335,371,175
MCC (Micro Commercial Components),SMAJ350CAQ,Active,A R H,Bidirectional,SMA,400,350,1,567,0.7,391,432,175
MCC (Micro Commercial Components),SMAJ400CAQ,Active,A R H,Bidirectional,SMA,400,400,1,648,0.6,447,494,175
MCC (Micro Commercial Components),SMAJ440CAQ,Active,A R H,Bidirectional,SMA,400,440,1,713,0.6,492,543,175
MCC (Micro Commercial Components),SMBJ250AQ,Active,A R H,Unidirectional,SMB,600,250,1,405,1.48,279,309,175
MCC (Micro Commercial Components),SMBJ300AQ,Active,A R H,Unidirectional,SMB,600,300,1,486,1.23,335,371,175
MCC (Micro Commercial Components),SMBJ350AQ,Active,A R H,Unidirectional,SMB,600,350,1,567,1.06,391,432,175
MCC (Micro Commercial Components),SMBJ400AQ,Active,A R H,Unidirectional,SMB,600,400,1,648,0.93,447,494,175
MCC (Micro Commercial Components),SMBJ440AQ,Active,A R H,Unidirectional,SMB,600,440,1,713,0.84,492,543,175
MCC (Micro Commercial Components),SMBJ200CAQ,Active,A R H,Bidirectional,SMB,600,200,1,324,1.85,224,247,175
MCC (Micro Commercial Components),SMBJ400CAQ,Active,A R H,Bidirectional,SMB,600,400,1,648,0.93,447,494,175
MCC (Micro Commercial Components),SMBJ440CAQ,Active,A R H,Bidirectional,SMB,600,440,1,713,0.84,492,543,175
MCC (Micro Commercial Components),SMBJP6KE400CAQ,Active,A R H,Bidirectional,SMB,600,342,1,548,1.09,380,420,175
MCC (Micro Commercial Components),SMBJP6KE440CAQ,Active,A R H,Bidirectional,SMB,600,376,1,607.2,0.99,418,462,175
MCC (Micro Commercial Components),SMBJP6KE480CAQ,Active,A R H,Bidirectional,SMB,600,408,1,658,0.91,456,504,175
MCC (Micro Commercial Components),SMBJP6KE510CAQ,Active,A R H,Bidirectional,SMB,600,434,1,698.1,0.86,485,534,175
MCC (Micro Commercial Components),SMBJP6KE530CAQ,Active,A R H,Bidirectional,SMB,600,451,1,725,0.8,503.5,556.5,175
MCC (Micro Commercial Components),SMBJP6KE540CAQ,Active,A R H,Bidirectional,SMB,600,460,1,740,0.8,513,567,175
MCC (Micro Commercial Components),SMBJP6KE540AQ,Active,A R H,Unidirectional,SMB,600,460,1,740,0.8,513,567,175
MCC (Micro Commercial Components),SMBJP6KE250CAQ,Active,A R H,Bidirectional,SMB,600,214,1,344,1.9,237,263,175
MCC (Micro Commercial Components),SMBJP6KE300CAQ,Active,A R H,Bidirectional,SMB,600,256,1,414,1.45,285,315,175
MCC (Micro Commercial Components),SMBJP6KE350CAQ,Active,A R H,Bidirectional,SMB,600,300,1,482,1.24,332.5,367.5,175
MCC (Micro Commercial Components),SMBJ200AQ,Active,A R H,Unidirectional,SMB,600,200,1,324,1.85,224,247,175
MCC (Micro Commercial Components),SMBJ220AQ,Active,A R H,Unidirectional,SMB,600,220,1,356,1.69,246,272,175
MCC (Micro Commercial Components),SMBJP6KE350AQ,Active,A R H,Unidirectional,SMB,600,300,1,482,1.24,332.5,367.5,175
MCC (Micro Commercial Components),SMBJP6KE400AQ,Active,A R H,Unidirectional,SMB,600,342,1,548,1.09,380,420,175
MCC (Micro Commercial Components),SMBJP6KE440AQ,Active,A R H,Unidirectional,SMB,600,376,1,607.2,0.99,418,462,175
MCC (Micro Commercial Components),SMBJP6KE480AQ,Active,A R H,Unidirectional,SMB,600,408,1,658,0.91,456,504,175
MCC (Micro Commercial Components),SMBJP6KE510AQ,Active,A R H,Unidirectional,SMB,600,434,1,698.1,0.86,485,534,175
MCC (Micro Commercial Components),SMBJP6KE530AQ,Active,A R H,Unidirectional,SMB,600,451,1,725,0.8,503.5,556.5,175
MCC (Micro Commercial Components),SMBJ220CAQ,Active,A R H,Bidirectional,SMB,600,220,1,356,1.69,246,272,175
MCC (Micro Commercial Components),SMBJ250CAQ,Active,A R H,Bidirectional,SMB,600,250,1,405,1.48,279,309,175
MCC (Micro Commercial Components),SMBJ300CAQ,Active,A R H,Bidirectional,SMB,600,300,1,486,1.23,335,371,175
MCC (Micro Commercial Components),SMBJ350CAQ,Active,A R H,Bidirectional,SMB,600,350,1,567,1.06,391,432,175
MCC (Micro Commercial Components),SMBJP6KE250AQ,Active,A R H,Unidirectional,SMB,600,214,1,344,1.9,237,263,175
MCC (Micro Commercial Components),SMBJP6KE300AQ,Active,A R H,Unidirectional,SMB,600,256,1,414,1.45,285,315,175
MCC (Micro Commercial Components),SM4H20AHE3,Active,A R H,Unidirectional,SOD-123HL,400,20,1,32.4,12.34,22.2,24.5,150
MCC (Micro Commercial Components),SM4H22AHE3,Active,A R H,Unidirectional,SOD-123HL,400,22,1,35.5,11.26,24.4,26.9,150
MCC (Micro Commercial Components),SM4H24AHE3,Active,A R H,Unidirectional,SOD-123HL,400,24,1,38.9,10.28,26.7,29.5,150
MCC (Micro Commercial Components),SM4H26AHE3,Active,A R H,Unidirectional,SOD-123HL,400,26,1,42.1,9.5,28.9,31.9,150
MCC (Micro Commercial Components),SM4H28AHE3,Active,A R H,Unidirectional,SOD-123HL,400,28,1,45.4,8.82,31.1,34.4,150
MCC (Micro Commercial Components),SM4H30AHE3,Active,A R H,Unidirectional,SOD-123HL,400,30,1,48.4,8.26,33.3,36.8,150
MCC (Micro Commercial Components),SM4H8.5AHE3,Active,A R H,Unidirectional,SOD-123HL,400,8.5,10,14.4,27.78,9.44,10.4,150
MCC (Micro Commercial Components),SM4H9.0AHE3,Active,A R H,Unidirectional,SOD-123HL,400,9,5,15.4,25.97,10,11.1,150
MCC (Micro Commercial Components),SM4H10AHE3,Active,A R H,Unidirectional,SOD-123HL,400,10,2.5,17,23.52,11.1,12.3,150
MCC (Micro Commercial Components),SM4H11AHE3,Active,A R H,Unidirectional,SOD-123HL,400,11,2.5,18.2,21.98,12.2,13.5,150
MCC (Micro Commercial Components),SM4H12AHE3,Active,A R H,Unidirectional,SOD-123HL,400,12,2.5,19.9,20.1,13.3,14.7,150
MCC (Micro Commercial Components),SM4H64AHE3,Active,A R H,Unidirectional,SOD-123HL,400,64,1,103,3.88,71.1,78.6,150
MCC (Micro Commercial Components),SM4H70AHE3,Active,A R H,Unidirectional,SOD-123HL,400,70,1,113,3.54,77.8,86,150
MCC (Micro Commercial Components),SM4H6.5AHE3,Active,A R H,Unidirectional,SOD-123HL,400,6.5,500,11.2,35.71,7.22,7.98,150
MCC (Micro Commercial Components),SM4H7.0AHE3,Active,A R H,Unidirectional,SOD-123HL,400,7,200,12,33.33,7.78,8.6,150
MCC (Micro Commercial Components),SM4H7.5AHE3,Active,A R H,Unidirectional,SOD-123HL,400,7.5,100,12.9,31.01,8.33,9.21,150
MCC (Micro Commercial Components),SM4H8.0AHE3,Active,A R H,Unidirectional,SOD-123HL,400,8,50,13.6,29.41,8.89,9.83,150
MCC (Micro Commercial Components),SM4H45AHE3,Active,A R H,Unidirectional,SOD-123HL,400,45,1,72.7,5.5,50,55.3,150
MCC (Micro Commercial Components),SM4H48AHE3,Active,A R H,Unidirectional,SOD-123HL,400,48,1,77.4,5.16,53.3,58.9,150
MCC (Micro Commercial Components),SM4H51AHE3,Active,A R H,Unidirectional,SOD-123HL,400,51,1,82.4,4.86,56.7,62.7,150
MCC (Micro Commercial Components),SM4H54AHE3,Active,A R H,Unidirectional,SOD-123HL,400,54,1,87.1,4.6,60,66.3,150
MCC (Micro Commercial Components),SM4H58AHE3,Active,A R H,Unidirectional,SOD-123HL,400,58,1,93.6,4.28,64.4,71.2,150
MCC (Micro Commercial Components),SM4H60AHE3,Active,A R H,Unidirectional,SOD-123HL,400,60,1,96.8,4.14,66.7,73.7,150
MCC (Micro Commercial Components),SM4H15AHE3,Active,A R H,Unidirectional,SOD-123HL,400,15,1,24.4,16.4,16.7,18.5,150
MCC (Micro Commercial Components),SM4H16AHE3,Active,A R H,Unidirectional,SOD-123HL,400,16,1,26,15.38,17.8,19.7,150
MCC (Micro Commercial Components),SM4H17AHE3,Active,A R H,Unidirectional,SOD-123HL,400,17,1,27.6,14.5,18.9,20.9,150
MCC (Micro Commercial Components),SM4H18AHE3,Active,A R H,Unidirectional,SOD-123HL,400,18,1,29.2,13.7,20,22.1,150
MCC (Micro Commercial Components),SM4H19AHE3,Active,A R H,Unidirectional,SOD-123HL,400,19,1,30.6,13.08,21.1,23.3,150
MCC (Micro Commercial Components),SM4H43AHE3,Active,A R H,Unidirectional,SOD-123HL,400,43,1,69.4,5.76,47.8,52.8,150
MCC (Micro Commercial Components),SM4H200AHE3,Active,A R H,Unidirectional,SOD-123HL,400,200,1,324,1.2,224,247,150
MCC (Micro Commercial Components),SM4H220AHE3,Active,A R H,Unidirectional,SOD-123HL,400,220,1,356,1.1,246,272,150
MCC (Micro Commercial Components),SM4H5.0AHE3,Active,A R H,Unidirectional,SOD-123HL,400,5,800,9.2,43.38,6.4,7.07,150
MCC (Micro Commercial Components),SM4H6.0AHE3,Active,A R H,Unidirectional,SOD-123HL,400,6,800,10.3,38.83,6.67,7.37,150
MCC (Micro Commercial Components),SM4H13AHE3,Active,A R H,Unidirectional,SOD-123HL,400,13,1,20,18.6,14.4,15.9,150
MCC (Micro Commercial Components),SM4H14AHE3,Active,A R H,Unidirectional,SOD-123HL,400,14,1,23.2,17.24,15.6,17.2,150
MCC (Micro Commercial Components),SM4H140AHE3,Active,A R H,Unidirectional,SOD-123HL,400,140,1,226.8,1.76,155,171,150
MCC (Micro Commercial Components),SM4H150AHE3,Active,A R H,Unidirectional,SOD-123HL,400,150,1,243,1.65,167,185,150
MCC (Micro Commercial Components),SM4H160AHE3,Active,A R H,Unidirectional,SOD-123HL,400,160,1,259,1.54,178,197,150
MCC (Micro Commercial Components),SM4H170AHE3,Active,A R H,Unidirectional,SOD-123HL,400,170,1,275,1.45,189,209,150
MCC (Micro Commercial Components),SM4H180AHE3,Active,A R H,Unidirectional,SOD-123HL,400,180,1,291.6,1.37,200,220,150
MCC (Micro Commercial Components),SM4H190AHE3,Active,A R H,Unidirectional,SOD-123HL,400,190,1,307.8,1.3,211,232,150
MCC (Micro Commercial Components),SM4H85AHE3,Active,A R H,Unidirectional,SOD-123HL,400,85,1,137,2.92,94.4,104,150
MCC (Micro Commercial Components),SM4H90AHE3,Active,A R H,Unidirectional,SOD-123HL,400,90,1,146,2.74,100,111,150
MCC (Micro Commercial Components),SM4H100AHE3,Active,A R H,Unidirectional,SOD-123HL,400,100,1,162,2.46,111,123,150
MCC (Micro Commercial Components),SM4H110AHE3,Active,A R H,Unidirectional,SOD-123HL,400,110,1,177,2.26,122,135,150
MCC (Micro Commercial Components),SM4H120AHE3,Active,A R H,Unidirectional,SOD-123HL,400,120,1,193,2.07,133,147,150
MCC (Micro Commercial Components),SM4H130AHE3,Active,A R H,Unidirectional,SOD-123HL,400,130,1,209,1.91,144,159,150
MCC (Micro Commercial Components),SM4H33AHE3,Active,A R H,Unidirectional,SOD-123HL,400,33,1,53.3,7.5,36.7,40.6,150
MCC (Micro Commercial Components),SM4H36AHE3,Active,A R H,Unidirectional,SOD-123HL,400,36,1,58.1,6.88,40,44.2,150
MCC (Micro Commercial Components),SM4H40AHE3,Active,A R H,Unidirectional,SOD-123HL,400,40,1,64.5,6.2,44.4,49.1,150
MCC (Micro Commercial Components),SM4H75AHE3,Active,A R H,Unidirectional,SOD-123HL,400,75,1,121,3.3,83.3,92.1,150
MCC (Micro Commercial Components),SM4H78AHE3,Active,A R H,Unidirectional,SOD-123HL,400,78,1,126,3.18,86.7,95.8,150
MCC (Micro Commercial Components),SM4H80AHE3,Active,A R H,Unidirectional,SOD-123HL,400,80,1,129,3.1,88.8,97.6,150
MCC (Micro Commercial Components),AK3-380C-Y,Active,R H,Bidirectional,AK-Y,,380,10,520,3000,401,443,150
MCC (Micro Commercial Components),AK3-430C-Y,Active,R H,Bidirectional,AK-Y,,430,10,625,3000,440,490,150
MCC (Micro Commercial Components),AK3-560C-Y,Active,R H,Bidirectional,AK-Y,,560,10,760,3000,585,650,150
MCC (Micro Commercial Components),AK6-380C-Y,Active,R H,Bidirectional,AK-Y,,380,10,540,6000,401,443,150
MCC (Micro Commercial Components),AK6-430C-Y,Active,R H,Bidirectional,AK-Y,,430,10,625,6000,440,490,150
MCC (Micro Commercial Components),AK6-560C-Y,Active,R H,Bidirectional,AK-Y,,560,10,760,6000,585,650,150
MCC (Micro Commercial Components),AK10-380C-Y,Active,R H,Bidirectional,AK-Y,,380,10,540,10000,401,443,150
MCC (Micro Commercial Components),AK10-430C-Y,Active,R H,Bidirectional,AK-Y,,430,10,625,10000,440,490,150
MCC (Micro Commercial Components),AK10-560C-Y,Active,R H,Bidirectional,AK-Y,,560,10,760,10000,585,650,150
MCC (Micro Commercial Components),SM8Z10AHE3,Active,A R,Unidirectional,DO-218AB,8000,10,15,17,470.6,11.1,12.3,175
MCC (Micro Commercial Components),SM8Z11AHE3,Active,A R,Unidirectional,DO-218AB,8000,11,10,18.2,439.6,12.2,13.5,175
MCC (Micro Commercial Components),SM8Z12AHE3,Active,A R,Unidirectional,DO-218AB,8000,12,10,19.9,402,13.3,14.7,175
MCC (Micro Commercial Components),SM8Z13AHE3,Active,A R,Unidirectional,DO-218AB,8000,13,10,21.5,372.1,14.4,15.9,175
MCC (Micro Commercial Components),SM8Z14AHE3,Active,A R,Unidirectional,DO-218AB,8000,14,10,23.2,344.8,15.6,17.2,175
MCC (Micro Commercial Components),SM8Z15AHE3,Active,A R,Unidirectional,DO-218AB,8000,15,10,24.4,327.9,16.7,18.5,175
MCC (Micro Commercial Components),SM8Z40CAHE3,Active,A R,Bidirectional,DO-218AB,8000,40,10,64.5,124,44.4,49.1,175
MCC (Micro Commercial Components),SM8Z43CAHE3,Active,A R,Bidirectional,DO-218AB,8000,43,10,69.4,115.3,47.8,52.8,175
MCC (Micro Commercial Components),SMHEB33A,Active,R H,Unidirectional,SOD-323HE-B,200,33,1,53.3,3.75,36.7,40.6,150
MCC (Micro Commercial Components),SMHEB36A,Active,R H,Unidirectional,SOD-323HE-B,200,36,1,58.1,3.44,40,44.2,150
MCC (Micro Commercial Components),SMHEB16A,Active,R H,Unidirectional,SOD-323HE-B,200,16,1,26,7.69,17.8,19.7,150
MCC (Micro Commercial Components),SMHEB17A,Active,R H,Unidirectional,SOD-323HE-B,200,17,1,27.6,7.25,18.9,20.9,150
MCC (Micro Commercial Components),SMHEB18A,Active,R H,Unidirectional,SOD-323HE-B,200,18,1,29.2,6.85,20,22.1,150
MCC (Micro Commercial Components),SMHEB19A,Active,R H,Unidirectional,SOD-323HE-B,200,19,1,30.6,6.54,21.1,23.3,150
MCC (Micro Commercial Components),SMHEB20A,Active,R H,Unidirectional,SOD-323HE-B,200,20,1,32.4,6.17,22.2,24.5,150
MCC (Micro Commercial Components),SMHEB22A,Active,R H,Unidirectional,SOD-323HE-B,200,22,1,35.5,5.63,24.4,26.9,150
MCC (Micro Commercial Components),SMHEB10A,Active,R H,Unidirectional,SOD-323HE-B,200,10,2.5,17,11.76,11.1,12.3,150
MCC (Micro Commercial Components),SMHEB11A,Active,R H,Unidirectional,SOD-323HE-B,200,11,2.5,18.2,10.99,12.2,13.5,150
MCC (Micro Commercial Components),SMHEB12A,Active,R H,Unidirectional,SOD-323HE-B,200,12,2.5,19.9,10.05,13.3,14.7,150
MCC (Micro Commercial Components),SMHEB13A,Active,R H,Unidirectional,SOD-323HE-B,200,13,1,21.5,9.3,14.4,15.9,150
MCC (Micro Commercial Components),SMHEB14A,Active,R H,Unidirectional,SOD-323HE-B,200,14,1,23.2,8.62,15.6,17.2,150
MCC (Micro Commercial Components),SMHEB45A,Active,R H,Unidirectional,SOD-323HE-B,200,45,1,72.7,2.75,50,55.3,150
MCC (Micro Commercial Components),SMHEB48A,Active,R H,Unidirectional,SOD-323HE-B,200,48,1,77.4,2.58,53.3,58.9,150
MCC (Micro Commercial Components),SMHEB51A,Active,R H,Unidirectional,SOD-323HE-B,200,51,1,82.4,2.43,56.7,62.7,150
MCC (Micro Commercial Components),SMHEB54A,Active,R H,Unidirectional,SOD-323HE-B,200,54,1,87.1,2.3,60,66.3,150
MCC (Micro Commercial Components),SMHEB24A,Active,R H,Unidirectional,SOD-323HE-B,200,24,1,38.9,5.14,26.7,29.5,150
MCC (Micro Commercial Components),SMHEB26A,Active,R H,Unidirectional,SOD-323HE-B,200,26,1,42.1,4.75,28.9,31.9,150
MCC (Micro Commercial Components),SMHEB28A,Active,R H,Unidirectional,SOD-323HE-B,200,28,1,45.4,4.41,31.1,34.4,150
MCC (Micro Commercial Components),SMHE28AHE3,Active,A R H,Unidirectional,SOD-323HE-B,150,28,1,45.4,3.3,31.1,34.4,150
MCC (Micro Commercial Components),SMHE30AHE3,Active,A R H,Unidirectional,SOD-323HE-B,150,30,1,48.4,3.1,33.3,36.8,150
MCC (Micro Commercial Components),SMHE40AHE3,Active,A R H,Unidirectional,SOD-323HE-B,150,40,1,64.5,2.32,44.4,49.1,150
MCC (Micro Commercial Components),SMHE43AHE3,Active,A R H,Unidirectional,SOD-323HE-B,150,43,1,69.4,2.16,47.8,52.8,150
MCC (Micro Commercial Components),SMHE48AHE3,Active,A R H,Unidirectional,SOD-323HE-B,150,48,1,77.4,1.94,53.3,58.9,150
MCC (Micro Commercial Components),SMHE80AHE3,Active,A R H,Unidirectional,SOD-323HE-B,150,80,1,129,1.16,88.8,97.6,150
MCC (Micro Commercial Components),SMHE6.0AHE3,Active,A R H,Unidirectional,SOD-323HE-B,150,6,400,10.3,14.56,6.67,7.37,150
MCC (Micro Commercial Components),SMHE22AHE3,Active,A R H,Unidirectional,SOD-323HE-B,150,22,1,35.5,4.23,24.4,26.9,150
MCC (Micro Commercial Components),SMHE6.5AHE3,Active,A R H,Unidirectional,SOD-323HE-B,150,6.5,250,11.2,13.39,7.22,7.98,150
MCC (Micro Commercial Components),SMHE7.0AHE3,Active,A R H,Unidirectional,SOD-323HE-B,150,7,100,12,12.5,7.78,8.6,150
MCC (Micro Commercial Components),SMHE7.5AHE3,Active,A R H,Unidirectional,SOD-323HE-B,150,7.5,50,12.9,11.63,8.33,9.21,150
MCC (Micro Commercial Components),SMHE8.0AHE3,Active,A R H,Unidirectional,SOD-323HE-B,150,8,25,13.6,11.03,8.89,9.83,150
MCC (Micro Commercial Components),SMHE8.5AHE3,Active,A R H,Unidirectional,SOD-323HE-B,150,8.5,10,14.4,10.42,9.44,10.4,150
MCC (Micro Commercial Components),SMHE9.0AHE3,Active,A R H,Unidirectional,SOD-323HE-B,150,9,5,15.4,9.74,10,11.1,150
MCC (Micro Commercial Components),SMHE45AHE3,Active,A R H,Unidirectional,SOD-323HE-B,150,45,1,72.7,2.06,50,55.3,150
MCC (Micro Commercial Components),SMHE51AHE3,Active,A R H,Unidirectional,SOD-323HE-B,150,51,1,82.4,1.82,56.7,62.7,150
MCC (Micro Commercial Components),SMHE58AHE3,Active,A R H,Unidirectional,SOD-323HE-B,150,58,1,93.6,1.6,64.4,71.2,150
MCC (Micro Commercial Components),SMHE64AHE3,Active,A R H,Unidirectional,SOD-323HE-B,150,64,1,103,1.45,71.1,78.6,150
MCC (Micro Commercial Components),SMHE75AHE3,Active,A R H,Unidirectional,SOD-323HE-B,150,75,1,121,1.24,83.3,92.1,150
MCC (Micro Commercial Components),SMHE70AHE3,Active,A R H,Unidirectional,SOD-323HE-B,150,70,1,113,1.33,77.8,86,150
MCC (Micro Commercial Components),SMHE78AHE3,Active,A R H,Unidirectional,SOD-323HE-B,150,78,1,126,1.19,86.7,95.8,150
MCC (Micro Commercial Components),SMHE85AHE3,Active,A R H,Unidirectional,SOD-323HE-B,150,85,1,137,1.09,94.4,104,150
MCC (Micro Commercial Components),SMHE90AHE3,Active,A R H,Unidirectional,SOD-323HE-B,150,90,1,146,1.03,100,111,150
MCC (Micro Commercial Components),SMHE16AHE3,Active,A R H,Unidirectional,SOD-323HE-B,150,16,1,26,5.77,17.8,19.7,150
MCC (Micro Commercial Components),SMHE17AHE3,Active,A R H,Unidirectional,SOD-323HE-B,150,17,1,27.6,5.43,18.9,20.9,150
MCC (Micro Commercial Components),SMHE18AHE3,Active,A R H,Unidirectional,SOD-323HE-B,150,18,1,29.2,5.13,20,22.1,150
MCC (Micro Commercial Components),SMHE19AHE3,Active,A R H,Unidirectional,SOD-323HE-B,150,19,1,30.6,4.9,21.1,23.3,150
MCC (Micro Commercial Components),SMHE20AHE3,Active,A R H,Unidirectional,SOD-323HE-B,150,20,1,32.4,4.63,22.2,24.5,150
MCC (Micro Commercial Components),SMHE54AHE3,Active,A R H,Unidirectional,SOD-323HE-B,150,54,1,87.1,1.72,60,66.3,150
MCC (Micro Commercial Components),SMHE10AHE3,Active,A R H,Unidirectional,SOD-323HE-B,150,10,2.5,17,8.82,11.1,12.3,150
MCC (Micro Commercial Components),SMHE11AHE3,Active,A R H,Unidirectional,SOD-323HE-B,150,11,2.5,18.2,8.24,12.2,13.5,150
MCC (Micro Commercial Components),SMHE12AHE3,Active,A R H,Unidirectional,SOD-323HE-B,150,12,2.5,19.9,7.54,13.3,14.7,150
MCC (Micro Commercial Components),SMHE13AHE3,Active,A R H,Unidirectional,SOD-323HE-B,150,13,1,21.5,6.98,14.4,15.9,150
MCC (Micro Commercial Components),SMHE14AHE3,Active,A R H,Unidirectional,SOD-323HE-B,150,14,1,23.2,6.47,15.6,17.2,150
MCC (Micro Commercial Components),SMCJ180A,Active,R H,Unidirectional,SMC,1500,180,1,292,5.1,201,222,175
MCC (Micro Commercial Components),SMCJ180CA,Active,R H,Bidirectional,SMC,1500,180,1,292,5.1,201,222,175
MCC (Micro Commercial Components),SMCJ200A,Active,R H,Unidirectional,SMC,1500,200,1,324,4.6,224,247,175
MCC (Micro Commercial Components),SMCJ200CA,Active,R H,Bidirectional,SMC,1500,200,1,324,4.6,224,247,175
MCC (Micro Commercial Components),SMCJ220A,Active,R H,Unidirectional,SMC,1500,220,1,356,4.2,246,272,175
MCC (Micro Commercial Components),SMCJ220CA,Active,R H,Bidirectional,SMC,1500,220,1,356,4.2,246,272,175
MCC (Micro Commercial Components),1.5KE100A,Active,R,Unidirectional,DO-201AE,1500,85.5,5,137,11.1,95,105,175
MCC (Micro Commercial Components),1.5KE100CA,Active,R,Bidirectional,DO-201AE,1500,85.5,5,137,11.1,95,105,175
MCC (Micro Commercial Components),1.5KE10A,Active,R,Unidirectional,DO-201AE,1500,8.55,10,14.5,104.8,9.5,10.5,175
MCC (Micro Commercial Components),1.5KE10CA,Active,R,Bidirectional,DO-201AE,1500,8.55,10,14.5,104.8,9.5,10.5,175
MCC (Micro Commercial Components),1.5KE110A,Active,R,Unidirectional,DO-201AE,1500,94,5,152,10,105,116,175
MCC (Micro Commercial Components),1.5KE110CA,Active,R,Bidirectional,DO-201AE,1500,94,5,152,10,105,116,175
MCC (Micro Commercial Components),1.5KE11A,Active,R,Unidirectional,DO-201AE,1500,9.4,5,15.6,97.4,10.5,11.6,175
MCC (Micro Commercial Components),1.5KE11CA,Active,R,Bidirectional,DO-201AE,1500,9.4,5,15.6,97.4,10.5,11.6,175
MCC (Micro Commercial Components),1.5KE120A,Active,R,Unidirectional,DO-201AE,1500,102,5,165,9.2,114,126,175
MCC (Micro Commercial Components),1.5KE120CA,Active,R,Bidirectional,DO-201AE,1500,102,5,165,9.2,114,126,175
MCC (Micro Commercial Components),1.5KE12A,Active,R,Unidirectional,DO-201AE,1500,10.2,5,16.7,91,11.4,12.6,175
MCC (Micro Commercial Components),1.5KE12CA,Active,R,Bidirectional,DO-201AE,1500,10.2,5,16.7,91,11.4,12.6,175
MCC (Micro Commercial Components),1.5KE130A,Active,R,Unidirectional,DO-201AE,1500,111,5,179,8.5,124,137,175
MCC (Micro Commercial Components),1.5KE130CA,Active,R,Bidirectional,DO-201AE,1500,111,5,179,8.5,124,137,175
MCC (Micro Commercial Components),1.5KE13A,Active,R,Unidirectional,DO-201AE,1500,11.1,5,18.2,83.5,12.4,13.7,175
MCC (Micro Commercial Components),1.5KE13CA,Active,R,Bidirectional,DO-201AE,1500,11.1,5,18.2,83.5,12.4,13.7,175
MCC (Micro Commercial Components),1.5KE150A,Active,R,Unidirectional,DO-201AE,1500,128,5,207,7.3,143,158,175
MCC (Micro Commercial Components),1.5KE150CA,Active,R,Bidirectional,DO-201AE,1500,128,5,207,7.3,143,158,175
MCC (Micro Commercial Components),1.5KE15A,Active,R,Unidirectional,DO-201AE,1500,12.8,5,21.2,71.7,14.3,15.8,175
MCC (Micro Commercial Components),1.5KE15CA,Active,R,Bidirectional,DO-201AE,1500,12.8,5,21.2,71.7,14.3,15.8,175
MCC (Micro Commercial Components),1.5KE160A,Active,R,Unidirectional,DO-201AE,1500,136,5,219,6.9,152,168,175
MCC (Micro Commercial Components),1.5KE160CA,Active,R,Bidirectional,DO-201AE,1500,136,5,219,6.9,152,168,175
MCC (Micro Commercial Components),1.5KE16A,Active,R,Unidirectional,DO-201AE,1500,13.6,5,22.5,67.6,15.2,16.8,175
MCC (Micro Commercial Components),1.5KE16CA,Active,R,Bidirectional,DO-201AE,1500,13.6,5,22.5,67.6,15.2,16.8,175
MCC (Micro Commercial Components),1.5KE170A,Active,R,Unidirectional,DO-201AE,1500,145,5,234,6.5,162,179,175
MCC (Micro Commercial Components),1.5KE170CA,Active,R,Bidirectional,DO-201AE,1500,145,5,234,6.5,162,179,175
MCC (Micro Commercial Components),1.5KE180A,Active,R,Unidirectional,DO-201AE,1500,154,5,246,6.2,171,189,175
MCC (Micro Commercial Components),1.5KE180CA,Active,R,Bidirectional,DO-201AE,1500,154,5,246,6.2,171,189,175
MCC (Micro Commercial Components),1.5KE18A,Active,R,Unidirectional,DO-201AE,1500,15.3,5,25.2,60.3,17.1,18.9,175
MCC (Micro Commercial Components),1.5KE18CA,Active,R,Bidirectional,DO-201AE,1500,15.3,5,25.2,60.3,17.1,18.9,175
MCC (Micro Commercial Components),1.5KE200A,Active,R,Unidirectional,DO-201AE,1500,171,5,274,5.5,190,210,175
MCC (Micro Commercial Components),1.5KE200CA,Active,R,Bidirectional,DO-201AE,1500,171,5,274,5.5,190,210,175
MCC (Micro Commercial Components),1.5KE20A,Active,R,Unidirectional,DO-201AE,1500,17.1,5,27.7,54.9,19,21,175
MCC (Micro Commercial Components),1.5KE20CA,Active,R,Bidirectional,DO-201AE,1500,17.1,5,27.7,54.9,19,21,175
MCC (Micro Commercial Components),1.5KE220A,Active,R,Unidirectional,DO-201AE,1500,185,5,328,4.6,209,231,175
MCC (Micro Commercial Components),1.5KE220CA,Active,R,Bidirectional,DO-201AE,1500,185,5,328,4.6,209,231,175
MCC (Micro Commercial Components),1.5KE22A,Active,R,Unidirectional,DO-201AE,1500,18.8,5,30.6,49.7,20.9,23.1,175
MCC (Micro Commercial Components),1.5KE22CA,Active,R,Bidirectional,DO-201AE,1500,18.8,5,30.6,49.7,20.9,23.1,175
MCC (Micro Commercial Components),1.5KE24A,Active,R,Unidirectional,DO-201AE,1500,20.5,5,33.2,45.8,22.8,25.2,175
MCC (Micro Commercial Components),1.5KE24CA,Active,R,Bidirectional,DO-201AE,1500,20.5,5,33.2,45.8,22.8,25.2,175
MCC (Micro Commercial Components),1.5KE250A,Active,R,Unidirectional,DO-201AE,1500,214,5,344,4.4,237,263,175
MCC (Micro Commercial Components),1.5KE250CA,Active,R,Bidirectional,DO-201AE,1500,214,5,344,4.4,237,263,175
MCC (Micro Commercial Components),1.5KE27A,Active,R,Unidirectional,DO-201AE,1500,23.1,5,37.5,40.5,25.7,28.4,175
MCC (Micro Commercial Components),1.5KE27CA,Active,R,Bidirectional,DO-201AE,1500,23.1,5,37.5,40.5,25.7,28.4,175
MCC (Micro Commercial Components),1.5KE300A,Active,R,Unidirectional,DO-201AE,1500,256,5,414,3.7,285,315,175
MCC (Micro Commercial Components),1.5KE300CA,Active,R,Bidirectional,DO-201AE,1500,256,5,414,3.7,285,315,175
MCC (Micro Commercial Components),1.5KE30A,Active,R,Unidirectional,DO-201AE,1500,25.6,5,41.4,36.7,28.5,31.5,175
MCC (Micro Commercial Components),1.5KE30CA,Active,R,Bidirectional,DO-201AE,1500,25.6,5,41.4,36.7,28.5,31.5,175
MCC (Micro Commercial Components),1.5KE33A,Active,R,Unidirectional,DO-201AE,1500,28.2,5,45.7,33.3,31.4,34.7,175
MCC (Micro Commercial Components),1.5KE33CA,Active,R,Bidirectional,DO-201AE,1500,28.2,5,45.7,33.3,31.4,34.7,175
MCC (Micro Commercial Components),1.5KE350A,Active,R,Unidirectional,DO-201AE,1500,300,5,482,3.2,332,368,175
MCC (Micro Commercial Components),1.5KE350CA,Active,R,Bidirectional,DO-201AE,1500,300,5,482,3.2,332,368,175
MCC (Micro Commercial Components),1.5KE36A,Active,R,Unidirectional,DO-201AE,1500,30.8,5,49.9,30.5,34.2,37.8,175
MCC (Micro Commercial Components),1.5KE36CA,Active,R,Bidirectional,DO-201AE,1500,30.8,5,49.9,30.5,34.2,37.8,175
MCC (Micro Commercial Components),1.5KE39A,Active,R,Unidirectional,DO-201AE,1500,33.3,5,53.9,28.2,37.1,41,175
MCC (Micro Commercial Components),1.5KE39CA,Active,R,Bidirectional,DO-201AE,1500,33.3,5,53.9,28.2,37.1,41,175
MCC (Micro Commercial Components),1.5KE400A,Active,R,Unidirectional,DO-201AE,1500,342,5,548,2.8,380,420,175
MCC (Micro Commercial Components),1.5KE400CA,Active,R,Bidirectional,DO-201AE,1500,342,5,548,2.8,380,420,175
MCC (Micro Commercial Components),1.5KE43A,Active,R,Unidirectional,DO-201AE,1500,36.8,5,59.3,25.6,40.9,45.2,175
MCC (Micro Commercial Components),1.5KE43CA,Active,R,Bidirectional,DO-201AE,1500,36.8,5,59.3,25.6,40.9,45.2,175
MCC (Micro Commercial Components),1.5KE47A,Active,R,Unidirectional,DO-201AE,1500,40.2,5,64.8,23.5,44.7,49.4,175
MCC (Micro Commercial Components),1.5KE47CA,Active,R,Bidirectional,DO-201AE,1500,40.2,5,64.8,23.5,44.7,49.4,175
MCC (Micro Commercial Components),1.5KE51A,Active,R,Unidirectional,DO-201AE,1500,43.6,5,70.1,21.7,48.5,53.6,175
MCC (Micro Commercial Components),1.5KE51CA,Active,R,Bidirectional,DO-201AE,1500,43.6,5,70.1,21.7,48.5,53.6,175
MCC (Micro Commercial Components),1.5KE56A,Active,R,Unidirectional,DO-201AE,1500,47.8,5,77,19.7,53.2,58.8,175
MCC (Micro Commercial Components),1.5KE56CA,Active,R,Bidirectional,DO-201AE,1500,47.8,5,77,19.7,53.2,58.8,175
MCC (Micro Commercial Components),1.5KE6.8A,Active,R,Unidirectional,DO-201AE,1500,5.8,1000,10.5,144.8,6.45,7.14,175
MCC (Micro Commercial Components),1.5KE6.8CA,Active,R,Bidirectional,DO-201AE,1500,5.8,1000,10.5,144.8,6.45,7.14,175
MCC (Micro Commercial Components),1.5KE62A,Active,R,Unidirectional,DO-201AE,1500,53,5,85,17.9,58.9,65.1,175
MCC (Micro Commercial Components),1.5KE62CA,Active,R,Bidirectional,DO-201AE,1500,53,5,85,17.9,58.9,65.1,175
MCC (Micro Commercial Components),1.5KE68A,Active,R,Unidirectional,DO-201AE,1500,58.1,5,92,16.5,64.6,71.4,175
MCC (Micro Commercial Components),1.5KE68CA,Active,R,Bidirectional,DO-201AE,1500,58.1,5,92,16.5,64.6,71.4,175
MCC (Micro Commercial Components),1.5KE7.5A,Active,R,Unidirectional,DO-201AE,1500,6.4,500,11.3,134.5,7.13,7.88,175
MCC (Micro Commercial Components),1.5KE7.5CA,Active,R,Bidirectional,DO-201AE,1500,6.4,500,11.3,134.5,7.13,7.88,175
MCC (Micro Commercial Components),1.5KE75A,Active,R,Unidirectional,DO-201AE,1500,64.1,5,103,14.8,71.3,78.8,175
MCC (Micro Commercial Components),1.5KE75CA,Active,R,Bidirectional,DO-201AE,1500,64.1,5,103,14.8,71.3,78.8,175
MCC (Micro Commercial Components),1.5KE8.2A,Active,R,Unidirectional,DO-201AE,1500,7.02,200,12.1,125.6,7.79,8.61,175
MCC (Micro Commercial Components),1.5KE8.2CA,Active,R,Bidirectional,DO-201AE,1500,7.02,200,12.1,125.6,7.79,8.61,175
MCC (Micro Commercial Components),1.5KE82A,Active,R,Unidirectional,DO-201AE,1500,70.1,5,113,13.5,77.9,86.1,175
MCC (Micro Commercial Components),1.5KE82CA,Active,R,Bidirectional,DO-201AE,1500,70.1,5,113,13.5,77.9,86.1,175
MCC (Micro Commercial Components),1.5KE9.1A,Active,R,Unidirectional,DO-201AE,1500,7.78,50,13.4,113.4,8.65,9.5,175
MCC (Micro Commercial Components),1.5KE9.1CA,Active,R,Bidirectional,DO-201AE,1500,7.78,50,13.4,113.4,8.65,9.5,175
MCC (Micro Commercial Components),1.5KE91A,Active,R,Unidirectional,DO-201AE,1500,77.8,5,125,12.2,86.5,95.5,175
MCC (Micro Commercial Components),1.5KE91CA,Active,R,Bidirectional,DO-201AE,1500,77.8,5,125,12.2,86.5,95.5,175
MCC (Micro Commercial Components),5KP100A,Active,R,Unidirectional,R-6,5000,100,10,162,31,111,123,175
MCC (Micro Commercial Components),5KP100CA,Active,R,Bidirectional,R-6,5000,100,10,162,31,111,123,175
MCC (Micro Commercial Components),5KP10A,Active,R,Unidirectional,R-6,5000,10,15,17,294,11.1,12.3,175
MCC (Micro Commercial Components),5KP10CA,Active,R,Bidirectional,R-6,5000,10,15,17,294,11.1,12.3,175
MCC (Micro Commercial Components),5KP110A,Active,R,Unidirectional,R-6,5000,110,10,177,28,122,135,175
MCC (Micro Commercial Components),5KP110CA,Active,R,Bidirectional,R-6,5000,110,10,177,28,122,135,175
MCC (Micro Commercial Components),5KP11A,Active,R,Unidirectional,R-6,5000,11,10,18.2,274,12.2,13.5,175
MCC (Micro Commercial Components),5KP11CA,Active,R,Bidirectional,R-6,5000,11,10,18.2,274,12.2,13.5,175
MCC (Micro Commercial Components),5KP12A,Active,R,Unidirectional,R-6,5000,12,10,19.9,251,13.3,14.7,175
MCC (Micro Commercial Components),5KP12CA,Active,R,Bidirectional,R-6,5000,12,10,19.9,251,13.3,14.7,175
MCC (Micro Commercial Components),5KP13A,Active,R,Unidirectional,R-6,5000,13,10,21.5,232,14.4,15.9,175
MCC (Micro Commercial Components),5KP13CA,Active,R,Bidirectional,R-6,5000,13,10,21.5,232,14.4,15.9,175
MCC (Micro Commercial Components),5KP14A,Active,R,Unidirectional,R-6,5000,14,10,23.2,215,15.6,17.2,175
MCC (Micro Commercial Components),5KP14CA,Active,R,Bidirectional,R-6,5000,14,10,23.2,215,15.6,17.2,175
MCC (Micro Commercial Components),5KP15A,Active,R,Unidirectional,R-6,5000,15,10,24.4,206,16.7,18.5,175
MCC (Micro Commercial Components),5KP15CA,Active,R,Bidirectional,R-6,5000,15,10,24.4,206,16.7,18.5,175
MCC (Micro Commercial Components),5KP16A,Active,R,Unidirectional,R-6,5000,16,10,26,192,17.8,19.7,175
MCC (Micro Commercial Components),5KP16CA,Active,R,Bidirectional,R-6,5000,16,10,26,192,17.8,19.7,175
MCC (Micro Commercial Components),5KP17A,Active,R,Unidirectional,R-6,5000,17,10,27.6,181,18.9,20.9,175
MCC (Micro Commercial Components),5KP17CA,Active,R,Bidirectional,R-6,5000,17,10,27.6,181,18.9,20.9,175
MCC (Micro Commercial Components),5KP18A,Active,R,Unidirectional,R-6,5000,18,10,29.2,172,20,22.1,175
MCC (Micro Commercial Components),5KP18CA,Active,R,Bidirectional,R-6,5000,18,10,29.2,172,20,22.1,175
MCC (Micro Commercial Components),5KP20A,Active,R,Unidirectional,R-6,5000,20,10,32.4,154,22.2,24.5,175
MCC (Micro Commercial Components),5KP20CA,Active,R,Bidirectional,R-6,5000,20,10,32.4,154,22.2,24.5,175
MCC (Micro Commercial Components),5KP22A,Active,R,Unidirectional,R-6,5000,22,10,35.5,141,24.4,26.9,175
MCC (Micro Commercial Components),5KP22CA,Active,R,Bidirectional,R-6,5000,22,10,35.5,141,24.4,26.9,175
MCC (Micro Commercial Components),5KP24A,Active,R,Unidirectional,R-6,5000,24,10,38.9,128,26.7,29.5,175
MCC (Micro Commercial Components),5KP24CA,Active,R,Bidirectional,R-6,5000,24,10,38.9,128,26.7,29.5,175
MCC (Micro Commercial Components),5KP26A,Active,R,Unidirectional,R-6,5000,26,10,42.1,119,28.9,31.9,175
MCC (Micro Commercial Components),5KP26CA,Active,R,Bidirectional,R-6,5000,26,10,42.1,119,28.9,31.9,175
MCC (Micro Commercial Components),5KP28A,Active,R,Unidirectional,R-6,5000,28,10,45.4,110,31.1,34.4,175
MCC (Micro Commercial Components),5KP28CA,Active,R,Bidirectional,R-6,5000,28,10,45.4,110,31.1,34.4,175
MCC (Micro Commercial Components),5KP30A,Active,R,Unidirectional,R-6,5000,30,10,48.4,103,33.3,36.8,175
MCC (Micro Commercial Components),5KP30CA,Active,R,Bidirectional,R-6,5000,30,10,48.4,103,33.3,36.8,175
MCC (Micro Commercial Components),5KP33A,Active,R,Unidirectional,R-6,5000,33,10,53.3,94,36.7,40.6,175
MCC (Micro Commercial Components),5KP33CA,Active,R,Bidirectional,R-6,5000,33,10,53.3,94,36.7,40.6,175
MCC (Micro Commercial Components),5KP36A,Active,R,Unidirectional,R-6,5000,36,10,58.1,86,40,44.2,175
MCC (Micro Commercial Components),5KP36CA,Active,R,Bidirectional,R-6,5000,36,10,58.1,86,40,44.2,175
MCC (Micro Commercial Components),5KP40A,Active,R,Unidirectional,R-6,5000,40,10,64.5,78,44.4,49.1,175
MCC (Micro Commercial Components),5KP40CA,Active,R,Bidirectional,R-6,5000,40,10,64.5,78,44.4,49.1,175
MCC (Micro Commercial Components),5KP43A,Active,R,Unidirectional,R-6,5000,43,10,69.4,72,47.8,52.8,175
MCC (Micro Commercial Components),5KP43CA,Active,R,Bidirectional,R-6,5000,43,10,69.4,72,47.8,52.8,175
MCC (Micro Commercial Components),5KP45A,Active,R,Unidirectional,R-6,5000,45,10,72.7,69,50,55.3,175
MCC (Micro Commercial Components),5KP45CA,Active,R,Bidirectional,R-6,5000,45,10,72.7,69,50,55.3,175
MCC (Micro Commercial Components),5KP48A,Active,R,Unidirectional,R-6,5000,48,10,77.4,65,53.3,58.9,175
MCC (Micro Commercial Components),5KP48CA,Active,R,Bidirectional,R-6,5000,48,10,77.4,65,53.3,58.9,175
MCC (Micro Commercial Components),5KP5.0A,Active,R,Unidirectional,R-6,5000,5,5000,9.2,543,6.4,7,175
MCC (Micro Commercial Components),5KP5.0CA,Active,R,Bidirectional,R-6,5000,5,5000,9.2,543,6.4,7,175
MCC (Micro Commercial Components),5KP51A,Active,R,Unidirectional,R-6,5000,51,10,82.4,61,56.7,62.7,175
MCC (Micro Commercial Components),5KP51CA,Active,R,Bidirectional,R-6,5000,51,10,82.4,61,56.7,62.7,175
MCC (Micro Commercial Components),5KP54A,Active,R,Unidirectional,R-6,5000,54,10,87.1,57,60,66.3,175
MCC (Micro Commercial Components),5KP54CA,Active,R,Bidirectional,R-6,5000,54,10,87.1,57,60,66.3,175
MCC (Micro Commercial Components),5KP58A,Active,R,Unidirectional,R-6,5000,58,10,93.6,53,64.4,71.2,175
MCC (Micro Commercial Components),5KP58CA,Active,R,Bidirectional,R-6,5000,58,10,93.6,53,64.4,71.2,175
MCC (Micro Commercial Components),5KP6.0A,Active,R,Unidirectional,R-6,5000,6,5000,10.3,485,6.67,7.37,175
MCC (Micro Commercial Components),5KP6.0CA,Active,R,Bidirectional,R-6,5000,6,5000,10.3,485,6.67,7.37,175
MCC (Micro Commercial Components),5KP6.5A,Active,R,Unidirectional,R-6,5000,6.5,2000,11.2,447,7.22,7.98,175
MCC (Micro Commercial Components),5KP6.5CA,Active,R,Bidirectional,R-6,5000,6.5,2000,11.2,447,7.22,7.98,175
MCC (Micro Commercial Components),5KP60A,Active,R,Unidirectional,R-6,5000,60,10,96.8,52,66.7,73.7,175
MCC (Micro Commercial Components),5KP60CA,Active,R,Bidirectional,R-6,5000,60,10,96.8,52,66.7,73.7,175
MCC (Micro Commercial Components),5KP64A,Active,R,Unidirectional,R-6,5000,64,10,103,49,71.1,78.6,175
MCC (Micro Commercial Components),5KP64CA,Active,R,Bidirectional,R-6,5000,64,10,103,49,71.1,78.6,175
MCC (Micro Commercial Components),5KP7.0A,Active,R,Unidirectional,R-6,5000,7,1000,12,417,7.78,8.6,175
MCC (Micro Commercial Components),5KP7.0CA,Active,R,Bidirectional,R-6,5000,7,1000,12,417,7.78,8.6,175
MCC (Micro Commercial Components),5KP7.5A,Active,R,Unidirectional,R-6,5000,7.5,250,12.9,388,8.33,9.21,175
MCC (Micro Commercial Components),5KP7.5CA,Active,R,Bidirectional,R-6,5000,7.5,250,12.9,388,8.33,9.21,175
MCC (Micro Commercial Components),5KP70A,Active,R,Unidirectional,R-6,5000,70,10,113,44,77.8,86,175
MCC (Micro Commercial Components),5KP70CA,Active,R,Bidirectional,R-6,5000,70,10,113,44,77.8,86,175
MCC (Micro Commercial Components),5KP75A,Active,R,Unidirectional,R-6,5000,75,10,121,41,83.3,92.1,175
MCC (Micro Commercial Components),5KP75CA,Active,R,Bidirectional,R-6,5000,75,10,121,41,83.3,92.1,175
MCC (Micro Commercial Components),5KP78A,Active,R,Unidirectional,R-6,5000,78,10,126,40,86.7,95.8,175
MCC (Micro Commercial Components),5KP78CA,Active,R,Bidirectional,R-6,5000,78,10,126,40,86.7,95.8,175
MCC (Micro Commercial Components),5KP8.0A,Active,R,Unidirectional,R-6,5000,8,150,13.6,367,8.89,9.83,175
MCC (Micro Commercial Components),5KP8.0CA,Active,R,Bidirectional,R-6,5000,8,150,13.6,367,8.89,9.83,175
MCC (Micro Commercial Components),5KP8.5A,Active,R,Unidirectional,R-6,5000,8.5,50,14.4,347,9.44,10.4,175
MCC (Micro Commercial Components),5KP8.5CA,Active,R,Bidirectional,R-6,5000,8.5,50,14.4,347,9.44,10.4,175
MCC (Micro Commercial Components),5KP85A,Active,R,Unidirectional,R-6,5000,85,10,137,36,94.4,104,175
MCC (Micro Commercial Components),5KP85CA,Active,R,Bidirectional,R-6,5000,85,10,137,36,94.4,104,175
MCC (Micro Commercial Components),5KP9.0A,Active,R,Unidirectional,R-6,5000,9,20,15.4,325,10,11.1,175
MCC (Micro Commercial Components),5KP9.0CA,Active,R,Bidirectional,R-6,5000,9,20,15.4,325,10,11.1,175
MCC (Micro Commercial Components),5KP90A,Active,R,Unidirectional,R-6,5000,90,10,146,34,100,111,175
MCC (Micro Commercial Components),5KP90CA,Active,R,Bidirectional,R-6,5000,90,10,146,34,100,111,175
MCC (Micro Commercial Components),P4KE100A,Active,R,Unidirectional,DO-41,400,85.5,1,137,3.1,95,105,175
MCC (Micro Commercial Components),P4KE100CA,Active,R,Bidirectional,DO-41,400,85.5,1,137,3.1,95,105,175
MCC (Micro Commercial Components),P4KE10A,Active,R,Unidirectional,DO-41,400,8.55,10,14.5,28.3,9.5,10.5,175
MCC (Micro Commercial Components),P4KE10CA,Active,R,Bidirectional,DO-41,400,8.55,10,14.5,28.3,9.5,10.5,175
MCC (Micro Commercial Components),P4KE110A,Active,R,Unidirectional,DO-41,400,94,1,152,2.8,105,116,175
MCC (Micro Commercial Components),P4KE110CA,Active,R,Bidirectional,DO-41,400,94,1,152,2.8,105,116,175
MCC (Micro Commercial Components),P4KE11A,Active,R,Unidirectional,DO-41,400,9.4,5,15.6,26.3,10.5,11.6,175
MCC (Micro Commercial Components),P4KE11CA,Active,R,Bidirectional,DO-41,400,9.4,5,15.6,26.3,10.5,11.6,175
MCC (Micro Commercial Components),P4KE120A,Active,R,Unidirectional,DO-41,400,102,1,165,2.5,114,126,175
MCC (Micro Commercial Components),P4KE120CA,Active,R,Bidirectional,DO-41,400,102,1,165,2.5,114,126,175
MCC (Micro Commercial Components),P4KE12A,Active,R,Unidirectional,DO-41,400,10.2,5,16.7,24.6,11.4,12.6,175
MCC (Micro Commercial Components),P4KE12CA,Active,R,Bidirectional,DO-41,400,10.2,5,16.7,24.6,11.4,12.6,175
MCC (Micro Commercial Components),P4KE130A,Active,R,Unidirectional,DO-41,400,111,1,179,2.3,124,137,175
MCC (Micro Commercial Components),P4KE130CA,Active,R,Bidirectional,DO-41,400,111,1,179,2.3,124,137,175
MCC (Micro Commercial Components),P4KE13A,Active,R,Unidirectional,DO-41,400,11.1,1,18.2,22.5,12.4,13.7,175
MCC (Micro Commercial Components),P4KE13CA,Active,R,Bidirectional,DO-41,400,11.1,1,18.2,22.5,12.4,13.7,175
MCC (Micro Commercial Components),P4KE150A,Active,R,Unidirectional,DO-41,400,128,1,207,2,143,158,175
MCC (Micro Commercial Components),P4KE150CA,Active,R,Bidirectional,DO-41,400,128,1,207,2,143,158,175
MCC (Micro Commercial Components),P4KE15A,Active,R,Unidirectional,DO-41,400,12.8,1,21.2,20,14.3,15.8,175
MCC (Micro Commercial Components),P4KE15CA,Active,R,Bidirectional,DO-41,400,12.8,1,21.2,20,14.3,15.8,175
MCC (Micro Commercial Components),P4KE160A,Active,R,Unidirectional,DO-41,400,136,1,219,1.9,152,168,175
MCC (Micro Commercial Components),P4KE160CA,Active,R,Bidirectional,DO-41,400,136,1,219,1.9,152,168,175
MCC (Micro Commercial Components),P4KE16A,Active,R,Unidirectional,DO-41,400,13.6,1,22.5,19,15.2,16.8,175
MCC (Micro Commercial Components),P4KE16CA,Active,R,Bidirectional,DO-41,400,13.6,1,22.5,19,15.2,16.8,175
MCC (Micro Commercial Components),P4KE170A,Active,R,Unidirectional,DO-41,400,145,1,234,1.8,162,179,175
MCC (Micro Commercial Components),P4KE170CA,Active,R,Bidirectional,DO-41,400,145,1,234,1.8,162,179,175
MCC (Micro Commercial Components),P4KE180A,Active,R,Unidirectional,DO-41,400,154,1,246,1.7,171,189,175
MCC (Micro Commercial Components),P4KE180CA,Active,R,Bidirectional,DO-41,400,154,1,246,1.7,171,189,175
MCC (Micro Commercial Components),P4KE18A,Active,R,Unidirectional,DO-41,400,15.3,1,25.5,16.1,17.1,18.9,175
MCC (Micro Commercial Components),P4KE18CA,Active,R,Bidirectional,DO-41,400,15.3,1,25.5,16.1,17.1,18.9,175
MCC (Micro Commercial Components),P4KE200A,Active,R,Unidirectional,DO-41,400,171,1,274,1.53,190,210,175
MCC (Micro Commercial Components),P4KE200CA,Active,R,Bidirectional,DO-41,400,171,1,274,1.53,190,210,175
MCC (Micro Commercial Components),P4KE20A,Active,R,Unidirectional,DO-41,400,17.1,1,27.7,15,19,21,175
MCC (Micro Commercial Components),P4KE20CA,Active,R,Bidirectional,DO-41,400,17.1,1,27.7,15,19,21,175
MCC (Micro Commercial Components),P4KE220A,Active,R,Unidirectional,DO-41,400,185,1,328,1.22,209,231,175
MCC (Micro Commercial Components),P4KE220CA,Active,R,Bidirectional,DO-41,400,185,1,328,1.22,209,231,175
MCC (Micro Commercial Components),P4KE22A,Active,R,Unidirectional,DO-41,400,18.8,1,30.6,14,20.9,23.1,175
MCC (Micro Commercial Components),P4KE22CA,Active,R,Bidirectional,DO-41,400,18.8,1,30.6,14,20.9,23.1,175
MCC (Micro Commercial Components),P4KE24A,Active,R,Unidirectional,DO-41,400,20.5,1,33.2,13,22.8,25.2,175
MCC (Micro Commercial Components),P4KE24CA,Active,R,Bidirectional,DO-41,400,20.5,1,33.2,13,22.8,25.2,175
MCC (Micro Commercial Components),P4KE250A,Active,R,Unidirectional,DO-41,400,214,1,344,1.16,237,263,175
MCC (Micro Commercial Components),P4KE250CA,Active,R,Bidirectional,DO-41,400,214,1,344,1.16,237,263,175
MCC (Micro Commercial Components),P4KE27A,Active,R,Unidirectional,DO-41,400,23.1,1,37.5,10.9,25.7,28.4,175
MCC (Micro Commercial Components),P4KE27CA,Active,R,Bidirectional,DO-41,400,23.1,1,37.5,10.9,25.7,28.4,175
MCC (Micro Commercial Components),P4KE300A,Active,R,Unidirectional,DO-41,400,256,1,414,0.97,285,315,175
MCC (Micro Commercial Components),P4KE300CA,Active,R,Bidirectional,DO-41,400,256,1,414,0.97,285,315,175
MCC (Micro Commercial Components),P4KE30A,Active,R,Unidirectional,DO-41,400,25.6,1,41.4,10,28.5,31.5,175
MCC (Micro Commercial Components),P4KE30CA,Active,R,Bidirectional,DO-41,400,25.6,1,41.4,10,28.5,31.5,175
MCC (Micro Commercial Components),P4KE33A,Active,R,Unidirectional,DO-41,400,28.2,1,45.7,9,31.4,34.7,175
MCC (Micro Commercial Components),P4KE33CA,Active,R,Bidirectional,DO-41,400,28.2,1,45.7,9,31.4,34.7,175
MCC (Micro Commercial Components),P4KE350A,Active,R,Unidirectional,DO-41,400,300,1,482,0.83,333,368,175
MCC (Micro Commercial Components),P4KE350CA,Active,R,Bidirectional,DO-41,400,300,1,482,0.83,333,368,175
MCC (Micro Commercial Components),P4KE36A,Active,R,Unidirectional,DO-41,400,30.8,1,49.9,8.4,34.2,37.8,175
MCC (Micro Commercial Components),P4KE36CA,Active,R,Bidirectional,DO-41,400,30.8,1,49.9,8.4,34.2,37.8,175
MCC (Micro Commercial Components),P4KE39A,Active,R,Unidirectional,DO-41,400,33.3,1,53.9,7.8,37.1,41,175
MCC (Micro Commercial Components),P4KE39CA,Active,R,Bidirectional,DO-41,400,33.3,1,53.9,7.8,37.1,41,175
MCC (Micro Commercial Components),P4KE400A,Active,R,Unidirectional,DO-41,400,342,1,548,0.73,380,420,175
MCC (Micro Commercial Components),P4KE400CA,Active,R,Bidirectional,DO-41,400,342,1,548,0.73,380,420,175
MCC (Micro Commercial Components),P4KE43A,Active,R,Unidirectional,DO-41,400,36.8,1,59.3,7.1,40.9,45.2,175
MCC (Micro Commercial Components),P4KE43CA,Active,R,Bidirectional,DO-41,400,36.8,1,59.3,7.1,40.9,45.2,175
MCC (Micro Commercial Components),P4KE47A,Active,R,Unidirectional,DO-41,400,40.2,1,64.8,6.3,44.7,49.4,175
MCC (Micro Commercial Components),P4KE47CA,Active,R,Bidirectional,DO-41,400,40.2,1,64.8,6.3,44.7,49.4,175
MCC (Micro Commercial Components),P4KE51A,Active,R,Unidirectional,DO-41,400,43.6,1,70.1,6,48.5,53.6,175
MCC (Micro Commercial Components),P4KE51CA,Active,R,Bidirectional,DO-41,400,43.6,1,70.1,6,48.5,53.6,175
MCC (Micro Commercial Components),P4KE56A,Active,R,Unidirectional,DO-41,400,47.8,1,77,5.5,53.2,58.8,175
MCC (Micro Commercial Components),P4KE56CA,Active,R,Bidirectional,DO-41,400,47.8,1,77,5.5,53.2,58.8,175
MCC (Micro Commercial Components),P4KE6.8A,Active,R,Unidirectional,DO-41,400,5.8,1000,10.5,39,6.45,7.14,175
MCC (Micro Commercial Components),P4KE6.8CA,Active,R,Bidirectional,DO-41,400,5.8,1000,10.5,39,6.45,7.14,175
MCC (Micro Commercial Components),P4KE62A,Active,R,Unidirectional,DO-41,400,53,1,85,5,58.9,65.1,175
MCC (Micro Commercial Components),P4KE62CA,Active,R,Bidirectional,DO-41,400,53,1,85,5,58.9,65.1,175
MCC (Micro Commercial Components),P4KE68A,Active,R,Unidirectional,DO-41,400,58.1,1,92,4.6,64.6,71.4,175
MCC (Micro Commercial Components),P4KE68CA,Active,R,Bidirectional,DO-41,400,58.1,1,92,4.6,64.6,71.4,175
MCC (Micro Commercial Components),P4KE7.5A,Active,R,Unidirectional,DO-41,400,6.4,1,11.3,36.3,7.13,7.88,175
MCC (Micro Commercial Components),P4KE7.5CA,Active,R,Bidirectional,DO-41,400,6.4,1,11.3,36.3,7.13,7.88,175
MCC (Micro Commercial Components),P4KE75A,Active,R,Unidirectional,DO-41,400,64.1,1,103,4.1,71.3,78.8,175
MCC (Micro Commercial Components),P4KE75CA,Active,R,Bidirectional,DO-41,400,64.1,1,103,4.1,71.3,78.8,175
MCC (Micro Commercial Components),P4KE8.2A,Active,R,Unidirectional,DO-41,400,7.02,200,12.1,33.9,7.79,8.61,175
MCC (Micro Commercial Components),P4KE8.2CA,Active,R,Bidirectional,DO-41,400,7.02,200,12.1,33.9,7.79,8.61,175
MCC (Micro Commercial Components),P4KE82A,Active,R,Unidirectional,DO-41,400,70.1,1,113,3.7,77.9,86.1,175
MCC (Micro Commercial Components),P4KE82CA,Active,R,Bidirectional,DO-41,400,70.1,1,113,3.7,77.9,86.1,175
MCC (Micro Commercial Components),P4KE9.1A,Active,R,Unidirectional,DO-41,400,7.78,50,13.4,30.6,8.65,9.55,175
MCC (Micro Commercial Components),P4KE9.1CA,Active,R,Bidirectional,DO-41,400,7.78,50,13.4,30.6,8.65,9.55,175
MCC (Micro Commercial Components),P4KE91A,Active,R,Unidirectional,DO-41,400,77.8,1,125,3.4,86.5,95.5,175
MCC (Micro Commercial Components),P4KE91CA,Active,R,Bidirectional,DO-41,400,77.8,1,125,3.4,86.5,95.5,175
MCC (Micro Commercial Components),SMAJ100A,Active,R H,Unidirectional,SMA,400,100,1,162,2.5,111,123,175
MCC (Micro Commercial Components),SMAJ100CA,Active,R H,Bidirectional,SMA,400,100,1,162,2.5,111,123,175
MCC (Micro Commercial Components),SMAJ10A,Active,R H,Unidirectional,SMA,400,10,5,17,23.5,11.1,12.3,175
MCC (Micro Commercial Components),SMAJ10CA,Active,R H,Bidirectional,SMA,400,10,5,17,23.5,11.1,12.3,175
MCC (Micro Commercial Components),SMAJ110A,Active,R H,Unidirectional,SMA,400,110,1,177,2.3,122,135,175
MCC (Micro Commercial Components),SMAJ110CA,Active,R H,Bidirectional,SMA,400,110,1,177,2.3,122,135,175
MCC (Micro Commercial Components),SMAJ11A,Active,R H,Unidirectional,SMA,400,11,1,18.2,22,12.2,13.5,175
MCC (Micro Commercial Components),SMAJ11CA,Active,R H,Bidirectional,SMA,400,11,1,18.2,22,12.2,13.5,175
MCC (Micro Commercial Components),SMAJ120A,Active,R H,Unidirectional,SMA,400,120,1,193,2,133,147,175
MCC (Micro Commercial Components),SMAJ120CA,Active,R H,Bidirectional,SMA,400,120,1,193,2,133,147,175
MCC (Micro Commercial Components),SMAJ12A,Active,R H,Unidirectional,SMA,400,12,1,19.9,20.1,13.3,14.7,175
MCC (Micro Commercial Components),SMAJ12CA,Active,R H,Bidirectional,SMA,400,12,1,19.9,20.1,13.3,14.7,175
MCC (Micro Commercial Components),SMAJ130A,Active,R H,Unidirectional,SMA,400,130,1,209,1.9,144,159,175
MCC (Micro Commercial Components),SMAJ130CA,Active,R H,Bidirectional,SMA,400,130,1,209,1.9,144,159,175
MCC (Micro Commercial Components),SMAJ13A,Active,R H,Unidirectional,SMA,400,13,1,21.5,18.6,14.4,15.9,175
MCC (Micro Commercial Components),SMAJ13CA,Active,R H,Bidirectional,SMA,400,13,1,21.5,18.6,14.4,15.9,175
MCC (Micro Commercial Components),SMAJ14A,Active,R H,Unidirectional,SMA,400,14,1,23.2,17.2,15.6,17.2,175
MCC (Micro Commercial Components),SMAJ14CA,Active,R H,Bidirectional,SMA,400,14,1,23.2,17.2,15.6,17.2,175
MCC (Micro Commercial Components),SMAJ150A,Active,R H,Unidirectional,SMA,400,150,1,243,1.6,167,185,175
MCC (Micro Commercial Components),SMAJ150CA,Active,R H,Bidirectional,SMA,400,150,1,243,1.6,167,185,175
MCC (Micro Commercial Components),SMAJ15A,Active,R H,Unidirectional,SMA,400,15,1,24.4,16.4,16.7,18.5,175
MCC (Micro Commercial Components),SMAJ15CA,Active,R H,Bidirectional,SMA,400,15,1,24.4,16.4,16.7,18.5,175
MCC (Micro Commercial Components),SMAJ160A,Active,R H,Unidirectional,SMA,400,160,1,259,1.5,178,197,175
MCC (Micro Commercial Components),SMAJ160CA,Active,R H,Bidirectional,SMA,400,160,1,259,1.5,178,197,175
MCC (Micro Commercial Components),SMAJ16A,Active,R H,Unidirectional,SMA,400,16,1,26,15.3,17.8,19.7,175
MCC (Micro Commercial Components),SMAJ16CA,Active,R H,Bidirectional,SMA,400,16,1,26,15.3,17.8,19.7,175
MCC (Micro Commercial Components),SMAJ170A,Active,R H,Unidirectional,SMA,400,170,1,275,1.4,189,209,175
MCC (Micro Commercial Components),SMAJ170CA,Active,R H,Bidirectional,SMA,400,170,1,275,1.4,189,209,175
MCC (Micro Commercial Components),SMAJ17A,Active,R H,Unidirectional,SMA,400,17,1,27.6,14.5,18.9,20.9,175
MCC (Micro Commercial Components),SMAJ17CA,Active,R H,Bidirectional,SMA,400,17,1,27.6,14.5,18.9,20.9,175
MCC (Micro Commercial Components),SMAJ18A,Active,R H,Unidirectional,SMA,400,18,1,29.2,13.7,20,22.1,175
MCC (Micro Commercial Components),SMAJ18CA,Active,R H,Bidirectional,SMA,400,18,1,29.2,13.7,20,22.1,175
MCC (Micro Commercial Components),SMAJ20A,Active,R H,Unidirectional,SMA,400,20,1,32.4,12.3,22.2,24.5,175
MCC (Micro Commercial Components),SMAJ20CA,Active,R H,Bidirectional,SMA,400,20,1,32.4,12.3,22.2,24.5,175
MCC (Micro Commercial Components),SMAJ22A,Active,R H,Unidirectional,SMA,400,22,1,35.5,11.2,24.4,26.9,175
MCC (Micro Commercial Components),SMAJ22CA,Active,R H,Bidirectional,SMA,400,22,1,35.5,11.2,24.4,26.9,175
MCC (Micro Commercial Components),SMAJ24A,Active,R H,Unidirectional,SMA,400,24,1,38.9,10.3,26.7,29.5,175
MCC (Micro Commercial Components),SMAJ24CA,Active,R H,Bidirectional,SMA,400,24,1,38.9,10.3,26.7,29.5,175
MCC (Micro Commercial Components),SMAJ26A,Active,R H,Unidirectional,SMA,400,26,1,42.1,9.5,28.9,31.9,175
MCC (Micro Commercial Components),SMAJ26CA,Active,R H,Bidirectional,SMA,400,26,1,42.1,9.5,28.9,31.9,175
MCC (Micro Commercial Components),SMAJ28A,Active,R H,Unidirectional,SMA,400,28,1,45.4,8.8,31.1,34.4,175
MCC (Micro Commercial Components),SMAJ28CA,Active,R H,Bidirectional,SMA,400,28,1,45.4,8.8,31.1,34.4,175
MCC (Micro Commercial Components),SMAJ30A,Active,R H,Unidirectional,SMA,400,30,1,48.4,8.3,33.3,36.8,175
MCC (Micro Commercial Components),SMAJ30CA,Active,R H,Bidirectional,SMA,400,30,1,48.4,8.3,33.3,36.8,175
MCC (Micro Commercial Components),SMAJ33A,Active,R H,Unidirectional,SMA,400,33,1,53.3,7.5,36.7,40.6,175
MCC (Micro Commercial Components),SMAJ33CA,Active,R H,Bidirectional,SMA,400,33,1,53.3,7.5,36.7,40.6,175
MCC (Micro Commercial Components),SMAJ36A,Active,R H,Unidirectional,SMA,400,36,1,58.1,6.9,40,44.2,175
MCC (Micro Commercial Components),SMAJ36CA,Active,R H,Bidirectional,SMA,400,36,1,58.1,6.9,40,44.2,175
MCC (Micro Commercial Components),SMAJ40A,Active,R H,Unidirectional,SMA,400,40,1,64.5,6.2,44.4,49.1,175
MCC (Micro Commercial Components),SMAJ40CA,Active,R H,Bidirectional,SMA,400,40,1,64.5,6.2,44.4,49.1,175
MCC (Micro Commercial Components),SMAJ43A,Active,R H,Unidirectional,SMA,400,43,1,69.4,5.7,47.8,52.8,175
MCC (Micro Commercial Components),SMAJ43CA,Active,R H,Bidirectional,SMA,400,43,1,69.4,5.7,47.8,52.8,175
MCC (Micro Commercial Components),SMAJ45A,Active,R H,Unidirectional,SMA,400,45,1,72.7,5.5,50,55.3,175
MCC (Micro Commercial Components),SMAJ45CA,Active,R H,Bidirectional,SMA,400,45,1,72.7,5.5,50,55.3,175
MCC (Micro Commercial Components),SMAJ48A,Active,R H,Unidirectional,SMA,400,48,1,77.4,5.2,53.3,58.9,175
MCC (Micro Commercial Components),SMAJ48CA,Active,R H,Bidirectional,SMA,400,48,1,77.4,5.2,53.3,58.9,175
MCC (Micro Commercial Components),SMAJ5.0A,Active,R H,Unidirectional,SMA,400,5,800,9.2,43.5,6.4,7,175
MCC (Micro Commercial Components),SMAJ5.0CA,Active,R H,Bidirectional,SMA,400,5,800,9.2,43.5,6.4,7,175
MCC (Micro Commercial Components),SMAJ51A,Active,R H,Unidirectional,SMA,400,51,1,82.4,4.9,56.7,62.7,175
MCC (Micro Commercial Components),SMAJ51CA,Active,R H,Bidirectional,SMA,400,51,1,82.4,4.9,56.7,62.7,175
MCC (Micro Commercial Components),SMAJ54A,Active,R H,Unidirectional,SMA,400,54,1,87.1,4.6,60,66.3,175
MCC (Micro Commercial Components),SMAJ54CA,Active,R H,Bidirectional,SMA,400,54,1,87.1,4.6,60,66.3,175
MCC (Micro Commercial Components),SMAJ58A,Active,R H,Unidirectional,SMA,400,58,1,93.6,4.3,64.4,71.2,175
MCC (Micro Commercial Components),SMAJ58CA,Active,R H,Bidirectional,SMA,400,58,1,93.6,4.3,64.4,71.2,175
MCC (Micro Commercial Components),SMAJ6.0A,Active,R H,Unidirectional,SMA,400,6,800,10.3,38.8,6.67,7.37,175
MCC (Micro Commercial Components),SMAJ6.0CA,Active,R H,Bidirectional,SMA,400,6,800,10.3,38.8,6.67,7.37,175
MCC (Micro Commercial Components),SMAJ6.5A,Active,R H,Unidirectional,SMA,400,6.5,500,11.2,35.7,7.22,7.98,175
MCC (Micro Commercial Components),SMAJ6.5CA,Active,R H,Bidirectional,SMA,400,6.5,500,11.2,35.7,7.22,7.98,175
MCC (Micro Commercial Components),SMAJ60A,Active,R H,Unidirectional,SMA,400,60,1,96.8,4.1,66.7,73.7,175
MCC (Micro Commercial Components),SMAJ60CA,Active,R H,Bidirectional,SMA,400,60,1,96.8,4.1,66.7,73.7,175
MCC (Micro Commercial Components),SMAJ64A,Active,R H,Unidirectional,SMA,400,64,1,103,3.9,71.1,78.6,175
MCC (Micro Commercial Components),SMAJ64CA,Active,R H,Bidirectional,SMA,400,64,1,103,3.9,71.1,78.6,175
MCC (Micro Commercial Components),SMAJ7.0A,Active,R H,Unidirectional,SMA,400,7,200,12,33.3,7.78,8.6,175
MCC (Micro Commercial Components),SMAJ7.0CA,Active,R H,Bidirectional,SMA,400,7,200,12,33.3,7.78,8.6,175
MCC (Micro Commercial Components),SMAJ7.5A,Active,R H,Unidirectional,SMA,400,7.5,100,12.9,31,8.33,9.21,175
MCC (Micro Commercial Components),SMAJ7.5CA,Active,R H,Bidirectional,SMA,400,7.5,100,12.9,31,8.33,9.21,175
MCC (Micro Commercial Components),SMAJ70A,Active,R H,Unidirectional,SMA,400,70,1,113,3.5,77.8,86,175
MCC (Micro Commercial Components),SMAJ70CA,Active,R H,Bidirectional,SMA,400,70,1,113,3.5,77.8,86,175
MCC (Micro Commercial Components),SMAJ75A,Active,R H,Unidirectional,SMA,400,75,1,121,3.3,83.3,92.1,175
MCC (Micro Commercial Components),SMAJ75CA,Active,R H,Bidirectional,SMA,400,75,1,121,3.3,83.3,92.1,175
MCC (Micro Commercial Components),SMAJ78A,Active,R H,Unidirectional,SMA,400,78,1,126,3.2,86.7,95.8,175
MCC (Micro Commercial Components),SMAJ78CA,Active,R H,Bidirectional,SMA,400,78,1,126,3.2,86.7,95.8,175
MCC (Micro Commercial Components),SMAJ8.0A,Active,R H,Unidirectional,SMA,400,8,50,13.6,29.4,8.89,9.83,175
MCC (Micro Commercial Components),SMAJ8.0CA,Active,R H,Bidirectional,SMA,400,8,50,13.6,29.4,8.89,9.83,175
MCC (Micro Commercial Components),SMAJ8.5A,Active,R H,Unidirectional,SMA,400,8.5,20,14.4,27.7,9.44,10.4,175
MCC (Micro Commercial Components),SMAJ8.5CA,Active,R H,Bidirectional,SMA,400,8.5,20,14.4,27.7,9.44,10.4,175
MCC (Micro Commercial Components),SMAJ85A,Active,R H,Unidirectional,SMA,400,85,1,137,2.9,94.4,104,175
MCC (Micro Commercial Components),SMAJ85CA,Active,R H,Bidirectional,SMA,400,85,1,137,2.9,94.4,104,175
MCC (Micro Commercial Components),SMAJ9.0A,Active,R H,Unidirectional,SMA,400,9,10,15.4,26,10,11.1,175
MCC (Micro Commercial Components),SMAJ9.0CA,Active,R H,Bidirectional,SMA,400,9,10,15.4,26,10,11.1,175
MCC (Micro Commercial Components),SMAJ90A,Active,R H,Unidirectional,SMA,400,90,1,146,2.7,100,111,175
MCC (Micro Commercial Components),SMAJ90CA,Active,R H,Bidirectional,SMA,400,90,1,146,2.7,100,111,175
MCC (Micro Commercial Components),P6KE100A,Active,R,Unidirectional,DO-15,600,85.5,1,137,4.4,95,105,175
MCC (Micro Commercial Components),P6KE100CA,Active,R,Bidirectional,DO-15,600,85.5,1,137,4.4,95,105,175
MCC (Micro Commercial Components),P6KE10A,Active,R,Unidirectional,DO-15,600,8.55,10,14.5,41,9.5,10.5,175
MCC (Micro Commercial Components),P6KE10CA,Active,R,Bidirectional,DO-15,600,8.55,10,14.5,41,9.5,10.5,175
MCC (Micro Commercial Components),P6KE110A,Active,R,Unidirectional,DO-15,600,94,1,152,3.4,105,116,175
MCC (Micro Commercial Components),P6KE110CA,Active,R,Bidirectional,DO-15,600,94,1,152,3.4,105,116,175
MCC (Micro Commercial Components),P6KE11A,Active,R,Unidirectional,DO-15,600,9.4,5,15.6,38,10.5,11.6,175
MCC (Micro Commercial Components),P6KE11CA,Active,R,Bidirectional,DO-15,600,9.4,5,15.6,38,10.5,11.6,175
MCC (Micro Commercial Components),P6KE120A,Active,R,Unidirectional,DO-15,600,102,1,165,3.6,114,126,175
MCC (Micro Commercial Components),P6KE120CA,Active,R,Bidirectional,DO-15,600,102,1,165,3.6,114,126,175
MCC (Micro Commercial Components),P6KE12A,Active,R,Unidirectional,DO-15,600,10.2,5,16.7,36,11.4,12.6,175
MCC (Micro Commercial Components),P6KE12CA,Active,R,Bidirectional,DO-15,600,10.2,5,16.7,36,11.4,12.6,175
MCC (Micro Commercial Components),P6KE130A,Active,R,Unidirectional,DO-15,600,111,1,179,3.3,124,137,175
MCC (Micro Commercial Components),P6KE130CA,Active,R,Bidirectional,DO-15,600,111,1,179,3.3,124,137,175
MCC (Micro Commercial Components),P6KE13A,Active,R,Unidirectional,DO-15,600,11.1,1,18.2,33,12.4,13.7,175
MCC (Micro Commercial Components),P6KE13CA,Active,R,Bidirectional,DO-15,600,11.1,1,18.2,33,12.4,13.7,175
MCC (Micro Commercial Components),P6KE150A,Active,R,Unidirectional,DO-15,600,128,1,207,2.9,143,158,175
MCC (Micro Commercial Components),P6KE150CA,Active,R,Bidirectional,DO-15,600,128,1,207,2.9,143,158,175
MCC (Micro Commercial Components),P6KE15A,Active,R,Unidirectional,DO-15,600,12.8,1,21.2,28,14.3,15.8,175
MCC (Micro Commercial Components),P6KE15CA,Active,R,Bidirectional,DO-15,600,12.8,1,21.2,28,14.3,15.8,175
MCC (Micro Commercial Components),P6KE160A,Active,R,Unidirectional,DO-15,600,136,1,219,2.7,152,168,175
MCC (Micro Commercial Components),P6KE160CA,Active,R,Bidirectional,DO-15,600,136,1,219,2.7,152,168,175
MCC (Micro Commercial Components),P6KE16A,Active,R,Unidirectional,DO-15,600,13.6,1,22.5,27,15.2,16.8,175
MCC (Micro Commercial Components),P6KE16CA,Active,R,Bidirectional,DO-15,600,13.6,1,22.5,27,15.2,16.8,175
MCC (Micro Commercial Components),P6KE170A,Active,R,Unidirectional,DO-15,600,145,1,234,2.6,161,179,175
MCC (Micro Commercial Components),P6KE170CA,Active,R,Bidirectional,DO-15,600,145,1,234,2.6,161,179,175
MCC (Micro Commercial Components),P6KE180A,Active,R,Unidirectional,DO-15,600,154,1,246,2.4,171,189,175
MCC (Micro Commercial Components),P6KE180CA,Active,R,Bidirectional,DO-15,600,154,1,246,2.4,171,189,175
MCC (Micro Commercial Components),P6KE18A,Active,R,Unidirectional,DO-15,600,15.3,1,25.2,24,17.1,18.9,175
MCC (Micro Commercial Components),P6KE18CA,Active,R,Bidirectional,DO-15,600,15.3,1,25.2,24,17.1,18.9,175
MCC (Micro Commercial Components),P6KE200A,Active,R,Unidirectional,DO-15,600,171,1,274,2.2,190,210,175
MCC (Micro Commercial Components),P6KE200CA,Active,R,Bidirectional,DO-15,600,171,1,274,2.2,190,210,175
MCC (Micro Commercial Components),P6KE20A,Active,R,Unidirectional,DO-15,600,17.1,1,27.7,22,19,21,175
MCC (Micro Commercial Components),P6KE20CA,Active,R,Bidirectional,DO-15,600,17.1,1,27.7,22,19,21,175
MCC (Micro Commercial Components),P6KE22A,Active,R,Unidirectional,DO-15,600,18.8,1,30.6,20,20.9,23.1,175
MCC (Micro Commercial Components),P6KE22CA,Active,R,Bidirectional,DO-15,600,18.8,1,30.6,20,20.9,23.1,175
MCC (Micro Commercial Components),P6KE24A,Active,R,Unidirectional,DO-15,600,20.5,1,33.2,18,22.8,25.2,175
MCC (Micro Commercial Components),P6KE24CA,Active,R,Bidirectional,DO-15,600,20.5,1,33.2,18,22.8,25.2,175
MCC (Micro Commercial Components),P6KE27A,Active,R,Unidirectional,DO-15,600,23.1,1,37.5,16,25.7,28.4,175
MCC (Micro Commercial Components),P6KE27CA,Active,R,Bidirectional,DO-15,600,23.1,1,37.5,16,25.7,28.4,175
MCC (Micro Commercial Components),P6KE30A,Active,R,Unidirectional,DO-15,600,25.6,1,41.4,14.4,28.5,31.5,175
MCC (Micro Commercial Components),P6KE30CA,Active,R,Bidirectional,DO-15,600,25.6,1,41.4,14.4,28.5,31.5,175
MCC (Micro Commercial Components),P6KE33A,Active,R,Unidirectional,DO-15,600,28.2,1,45.7,13.2,31.4,34.7,175
MCC (Micro Commercial Components),P6KE33CA,Active,R,Bidirectional,DO-15,600,28.2,1,45.7,13.2,31.4,34.7,175
MCC (Micro Commercial Components),P6KE36A,Active,R,Unidirectional,DO-15,600,30.8,1,49.9,12,34.2,37.8,175
MCC (Micro Commercial Components),P6KE36CA,Active,R,Bidirectional,DO-15,600,30.8,1,49.9,12,34.2,37.8,175
MCC (Micro Commercial Components),P6KE39A,Active,R,Unidirectional,DO-15,600,33.3,1,53.9,11.2,37.1,41,175
MCC (Micro Commercial Components),P6KE39CA,Active,R,Bidirectional,DO-15,600,33.3,1,53.9,11.2,37.1,41,175
MCC (Micro Commercial Components),P6KE43A,Active,R,Unidirectional,DO-15,600,36.8,1,59.3,10.1,40.9,45.2,175
MCC (Micro Commercial Components),P6KE43CA,Active,R,Bidirectional,DO-15,600,36.8,1,59.3,10.1,40.9,45.2,175
MCC (Micro Commercial Components),P6KE47A,Active,R,Unidirectional,DO-15,600,40.2,1,64.8,9.3,44.7,49.4,175
MCC (Micro Commercial Components),P6KE47CA,Active,R,Bidirectional,DO-15,600,40.2,1,64.8,9.3,44.7,49.4,175
MCC (Micro Commercial Components),P6KE51A,Active,R,Unidirectional,DO-15,600,43.6,1,70.1,8.6,48.5,53.6,175
MCC (Micro Commercial Components),P6KE51CA,Active,R,Bidirectional,DO-15,600,43.6,1,70.1,8.6,48.5,53.6,175
MCC (Micro Commercial Components),P6KE56A,Active,R,Unidirectional,DO-15,600,47.8,1,77,7.8,53.2,58.8,175
MCC (Micro Commercial Components),P6KE56CA,Active,R,Bidirectional,DO-15,600,47.8,1,77,7.8,53.2,58.8,175
MCC (Micro Commercial Components),P6KE6.8A,Active,R,Unidirectional,DO-15,600,5.8,1000,10.5,57,6.45,7.14,175
MCC (Micro Commercial Components),P6KE6.8CA,Active,R,Bidirectional,DO-15,600,5.8,1000,10.5,57,6.45,7.14,175
MCC (Micro Commercial Components),P6KE62A,Active,R,Unidirectional,DO-15,600,53,1,85,7.1,58.9,65.1,175
MCC (Micro Commercial Components),P6KE62CA,Active,R,Bidirectional,DO-15,600,53,1,85,7.1,58.9,65.1,175
MCC (Micro Commercial Components),P6KE68A,Active,R,Unidirectional,DO-15,600,58.1,1,92,6.5,64.6,71.4,175
MCC (Micro Commercial Components),P6KE68CA,Active,R,Bidirectional,DO-15,600,58.1,1,92,6.5,64.6,71.4,175
MCC (Micro Commercial Components),P6KE7.5A,Active,R,Unidirectional,DO-15,600,6.4,500,11.3,53,7.13,7.88,175
MCC (Micro Commercial Components),P6KE7.5CA,Active,R,Bidirectional,DO-15,600,6.4,500,11.3,53,7.13,7.88,175
MCC (Micro Commercial Components),P6KE75A,Active,R,Unidirectional,DO-15,600,64.1,1,103,5.8,71.3,78.8,175
MCC (Micro Commercial Components),P6KE75CA,Active,R,Bidirectional,DO-15,600,64.1,1,103,5.8,71.3,78.8,175
MCC (Micro Commercial Components),P6KE8.2A,Active,R,Unidirectional,DO-15,600,7.02,200,12.1,50,7.79,8.61,175
MCC (Micro Commercial Components),P6KE8.2CA,Active,R,Bidirectional,DO-15,600,7.02,200,12.1,50,7.79,8.61,175
MCC (Micro Commercial Components),P6KE82A,Active,R,Unidirectional,DO-15,600,70.1,1,113,5.3,77.9,86.1,175
MCC (Micro Commercial Components),P6KE82CA,Active,R,Bidirectional,DO-15,600,70.1,1,113,5.3,77.9,86.1,175
MCC (Micro Commercial Components),P6KE9.1A,Active,R,Unidirectional,DO-15,600,7.78,50,13.4,45,8.65,9.55,175
MCC (Micro Commercial Components),P6KE9.1CA,Active,R,Bidirectional,DO-15,600,7.78,50,13.4,45,8.65,9.55,175
MCC (Micro Commercial Components),P6KE91A,Active,R,Unidirectional,DO-15,600,77.8,1,125,4.8,86.5,95.5,175
MCC (Micro Commercial Components),P6KE91CA,Active,R,Bidirectional,DO-15,600,77.8,1,125,4.8,86.5,95.5,175
MCC (Micro Commercial Components),P6KE220CA,Active,R,Bidirectional,DO-15,600,185,1,328,1.9,209,231,175
MCC (Micro Commercial Components),P6KE250A,Active,R,Unidirectional,DO-15,600,214,1,344,1.8,237,263,175
MCC (Micro Commercial Components),P6KE250CA,Active,R,Bidirectional,DO-15,600,214,1,344,1.8,237,263,175
MCC (Micro Commercial Components),SMBJ100A,Active,R H,Unidirectional,SMB,600,100,1,162,3.7,111,123,175
MCC (Micro Commercial Components),SMBJ100CA,Active,R H,Bidirectional,SMB,600,100,1,162,3.7,111,123,175
MCC (Micro Commercial Components),SMBJ10A,Active,R H,Unidirectional,SMB,600,10,1,17,35.3,11.1,12.3,175
MCC (Micro Commercial Components),SMBJ10CA,Active,R H,Bidirectional,SMB,600,10,1,17,35.3,11.1,12.3,175
MCC (Micro Commercial Components),SMBJ110A,Active,R H,Unidirectional,SMB,600,110,1,177,3.4,122,135,175
MCC (Micro Commercial Components),SMBJ110CA,Active,R H,Bidirectional,SMB,600,110,1,177,3.4,122,135,175
MCC (Micro Commercial Components),SMBJ11A,Active,R H,Unidirectional,SMB,600,11,1,18.2,33,12.2,13.5,175
MCC (Micro Commercial Components),SMBJ11CA,Active,R H,Bidirectional,SMB,600,11,1,18.2,33,12.2,13.5,175
MCC (Micro Commercial Components),SMBJ120A,Active,R H,Unidirectional,SMB,600,120,1,193,3.1,133,147,175
MCC (Micro Commercial Components),SMBJ120CA,Active,R H,Bidirectional,SMB,600,120,1,193,3.1,133,147,175
MCC (Micro Commercial Components),SMBJ12A,Active,R H,Unidirectional,SMB,600,12,1,19.9,30.2,13.3,14.7,175
MCC (Micro Commercial Components),SMBJ12CA,Active,R H,Bidirectional,SMB,600,12,1,19.9,30.2,13.3,14.7,175
MCC (Micro Commercial Components),SMBJ130A,Active,R H,Unidirectional,SMB,600,130,1,209,2.9,144,159,175
MCC (Micro Commercial Components),SMBJ130CA,Active,R H,Bidirectional,SMB,600,130,1,209,2.9,144,159,175
MCC (Micro Commercial Components),SMBJ13A,Active,R H,Unidirectional,SMB,600,13,1,21.5,27.9,14.4,15.9,175
MCC (Micro Commercial Components),SMBJ13CA,Active,R H,Bidirectional,SMB,600,13,1,21.5,27.9,14.4,15.9,175
MCC (Micro Commercial Components),SMBJ14A,Active,R H,Unidirectional,SMB,600,14,1,23.2,25.8,15.6,17.2,175
MCC (Micro Commercial Components),SMBJ14CA,Active,R H,Bidirectional,SMB,600,14,1,23.2,25.8,15.6,17.2,175
MCC (Micro Commercial Components),SMBJ150A,Active,R H,Unidirectional,SMB,600,150,1,243,2.5,167,185,175
MCC (Micro Commercial Components),SMBJ150CA,Active,R H,Bidirectional,SMB,600,150,1,243,2.5,167,185,175
MCC (Micro Commercial Components),SMBJ15A,Active,R H,Unidirectional,SMB,600,15,1,24.4,24,16.7,18.5,175
MCC (Micro Commercial Components),SMBJ15CA,Active,R H,Bidirectional,SMB,600,15,1,24.4,24,16.7,18.5,175
MCC (Micro Commercial Components),SMBJ160A,Active,R H,Unidirectional,SMB,600,160,1,259,2.3,178,197,175
MCC (Micro Commercial Components),SMBJ160CA,Active,R H,Bidirectional,SMB,600,160,1,259,2.3,178,197,175
MCC (Micro Commercial Components),SMBJ16A,Active,R H,Unidirectional,SMB,600,16,1,26,23.1,17.8,19.7,175
MCC (Micro Commercial Components),SMBJ16CA,Active,R H,Bidirectional,SMB,600,16,1,26,23.1,17.8,19.7,175
MCC (Micro Commercial Components),SMBJ170A,Active,R H,Unidirectional,SMB,600,170,1,275,2.2,189,209,175
MCC (Micro Commercial Components),SMBJ170CA,Active,R H,Bidirectional,SMB,600,170,1,275,2.2,189,209,175
MCC (Micro Commercial Components),SMBJ17A,Active,R H,Unidirectional,SMB,600,17,1,27.6,21.7,18.9,20.9,175
MCC (Micro Commercial Components),SMBJ17CA,Active,R H,Bidirectional,SMB,600,17,1,27.6,21.7,18.9,20.9,175
MCC (Micro Commercial Components),SMBJ18A,Active,R H,Unidirectional,SMB,600,18,1,29.2,20.5,20,22.1,175
MCC (Micro Commercial Components),SMBJ18CA,Active,R H,Bidirectional,SMB,600,18,1,29.2,20.5,20,22.1,175
MCC (Micro Commercial Components),SMBJ20A,Active,R H,Unidirectional,SMB,600,20,1,32.4,18.5,22.2,24.5,175
MCC (Micro Commercial Components),SMBJ20CA,Active,R H,Bidirectional,SMB,600,20,1,32.4,18.5,22.2,24.5,175
MCC (Micro Commercial Components),SMBJ22A,Active,R H,Unidirectional,SMB,600,22,1,35.5,16.9,24.4,26.9,175
MCC (Micro Commercial Components),SMBJ22CA,Active,R H,Bidirectional,SMB,600,22,1,35.5,16.9,24.4,26.9,175
MCC (Micro Commercial Components),SMBJ24A,Active,R H,Unidirectional,SMB,600,24,1,38.9,15.4,26.7,29.5,175
MCC (Micro Commercial Components),SMBJ24CA,Active,R H,Bidirectional,SMB,600,24,1,38.9,15.4,26.7,29.5,175
MCC (Micro Commercial Components),SMBJ26A,Active,R H,Unidirectional,SMB,600,26,1,42.1,14.2,28.9,31.9,175
MCC (Micro Commercial Components),SMBJ26CA,Active,R H,Bidirectional,SMB,600,26,1,42.1,14.2,28.9,31.9,175
MCC (Micro Commercial Components),SMBJ28A,Active,R H,Unidirectional,SMB,600,28,1,45.4,13.2,31.1,34.4,175
MCC (Micro Commercial Components),SMBJ28CA,Active,R H,Bidirectional,SMB,600,28,1,45.4,13.2,31.1,34.4,175
MCC (Micro Commercial Components),SMBJ30A,Active,R H,Unidirectional,SMB,600,30,1,48.4,12.4,33.3,36.8,175
MCC (Micro Commercial Components),SMBJ30CA,Active,R H,Bidirectional,SMB,600,30,1,48.4,12.4,33.3,36.8,175
MCC (Micro Commercial Components),SMBJ33A,Active,R H,Unidirectional,SMB,600,33,1,53.3,11.3,36.7,40.6,175
MCC (Micro Commercial Components),SMBJ33CA,Active,R H,Bidirectional,SMB,600,33,1,53.3,11.3,36.7,40.6,175
MCC (Micro Commercial Components),SMBJ36A,Active,R H,Unidirectional,SMB,600,36,1,58.1,10.3,40,44.2,175
MCC (Micro Commercial Components),SMBJ36CA,Active,R H,Bidirectional,SMB,600,36,1,58.1,10.3,40,44.2,175
MCC (Micro Commercial Components),SMBJ40A,Active,R H,Unidirectional,SMB,600,40,1,64.5,9.3,44.4,49.1,175
MCC (Micro Commercial Components),SMBJ40CA,Active,R H,Bidirectional,SMB,600,40,1,64.5,9.3,44.4,49.1,175
MCC (Micro Commercial Components),SMBJ43A,Active,R H,Unidirectional,SMB,600,43,1,69.4,8.6,47.8,52.8,175
MCC (Micro Commercial Components),SMBJ43CA,Active,R H,Bidirectional,SMB,600,43,1,69.4,8.6,47.8,52.8,175
MCC (Micro Commercial Components),SMBJ45A,Active,R H,Unidirectional,SMB,600,45,1,72.7,8.3,50,55.3,175
MCC (Micro Commercial Components),SMBJ45CA,Active,R H,Bidirectional,SMB,600,45,1,72.7,8.3,50,55.3,175
MCC (Micro Commercial Components),SMBJ48A,Active,R H,Unidirectional,SMB,600,48,1,77.4,7.7,53.3,58.9,175
MCC (Micro Commercial Components),SMBJ48CA,Active,R H,Bidirectional,SMB,600,48,1,77.4,7.7,53.3,58.9,175
MCC (Micro Commercial Components),SMBJ51A,Active,R H,Unidirectional,SMB,600,51,1,82.4,7.3,56.7,62.7,175
MCC (Micro Commercial Components),SMBJ51CA,Active,R H,Bidirectional,SMB,600,51,1,82.4,7.3,56.7,62.7,175
MCC (Micro Commercial Components),SMBJ54A,Active,R H,Unidirectional,SMB,600,54,1,87.1,6.9,60,66.3,175
MCC (Micro Commercial Components),SMBJ54CA,Active,R H,Bidirectional,SMB,600,54,1,87.1,6.9,60,66.3,175
MCC (Micro Commercial Components),SMBJ58A,Active,R H,Unidirectional,SMB,600,58,1,93.6,6.4,64.4,71.2,175
MCC (Micro Commercial Components),SMBJ58CA,Active,R H,Bidirectional,SMB,600,58,1,93.6,6.4,64.4,71.2,175
MCC (Micro Commercial Components),SMBJ6.0A,Active,R H,Unidirectional,SMB,600,6,800,10.3,58.3,6.67,7.37,175
MCC (Micro Commercial Components),SMBJ6.0CA,Active,R H,Bidirectional,SMB,600,6,800,10.3,58.3,6.67,7.37,175
MCC (Micro Commercial Components),SMBJ6.5A,Active,R H,Unidirectional,SMB,600,6.5,500,11.2,53.6,7.22,7.98,175
MCC (Micro Commercial Components),SMBJ6.5CA,Active,R H,Bidirectional,SMB,600,6.5,500,11.2,53.6,7.22,7.98,175
MCC (Micro Commercial Components),SMBJ60A,Active,R H,Unidirectional,SMB,600,60,1,96.8,6.2,66.7,73.7,175
MCC (Micro Commercial Components),SMBJ60CA,Active,R H,Bidirectional,SMB,600,60,1,96.8,6.2,66.7,73.7,175
MCC (Micro Commercial Components),SMBJ64A,Active,R H,Unidirectional,SMB,600,64,1,103,5.8,71.1,78.6,175
MCC (Micro Commercial Components),SMBJ64CA,Active,R H,Bidirectional,SMB,600,64,1,103,5.8,71.1,78.6,175
MCC (Micro Commercial Components),SMBJ7.0A,Active,R H,Unidirectional,SMB,600,7,200,12,50,7.78,8.6,175
MCC (Micro Commercial Components),SMBJ7.0CA,Active,R H,Bidirectional,SMB,600,7,200,12,50,7.78,8.6,175
MCC (Micro Commercial Components),SMBJ7.5A,Active,R H,Unidirectional,SMB,600,7.5,100,12.9,46.5,8.33,9.21,175
MCC (Micro Commercial Components),SMBJ7.5CA,Active,R H,Bidirectional,SMB,600,7.5,100,12.9,46.5,8.33,9.21,175
MCC (Micro Commercial Components),SMBJ70A,Active,R H,Unidirectional,SMB,600,70,1,113,5.3,77.8,86,175
MCC (Micro Commercial Components),SMBJ70CA,Active,R H,Bidirectional,SMB,600,70,1,113,5.3,77.8,86,175
MCC (Micro Commercial Components),SMBJ75A,Active,R H,Unidirectional,SMB,600,75,1,121,4.9,83.3,92.1,175
MCC (Micro Commercial Components),SMBJ75CA,Active,R H,Bidirectional,SMB,600,75,1,121,4.9,83.3,92.1,175
MCC (Micro Commercial Components),SMBJ78A,Active,R H,Unidirectional,SMB,600,78,1,126,4.7,86.7,95.8,175
MCC (Micro Commercial Components),SMBJ78CA,Active,R H,Bidirectional,SMB,600,78,1,126,4.7,86.7,95.8,175
MCC (Micro Commercial Components),SMBJ8.0A,Active,R H,Unidirectional,SMB,600,8,50,13.6,44.1,8.89,9.83,175
MCC (Micro Commercial Components),SMBJ8.0CA,Active,R H,Bidirectional,SMB,600,8,50,13.6,44.1,8.89,9.83,175
MCC (Micro Commercial Components),SMBJ8.5A,Active,R H,Unidirectional,SMB,600,8.5,10,14.1,41.7,9.44,10.4,175
MCC (Micro Commercial Components),SMBJ8.5CA,Active,R H,Bidirectional,SMB,600,8.5,10,14.1,41.7,9.44,10.4,175
MCC (Micro Commercial Components),SMBJ85A,Active,R H,Unidirectional,SMB,600,85,1,137,4.4,94.4,104,175
MCC (Micro Commercial Components),SMBJ85CA,Active,R H,Bidirectional,SMB,600,85,1,137,4.4,94.4,104,175
MCC (Micro Commercial Components),SMBJ9.0A,Active,R H,Unidirectional,SMB,600,9,5,15.4,39,10,11.1,175
MCC (Micro Commercial Components),SMBJ9.0CA,Active,R H,Bidirectional,SMB,600,9,5,15.4,39,10,11.1,175
MCC (Micro Commercial Components),SMBJ90A,Active,R H,Unidirectional,SMB,600,90,1,146,4.1,100,111,175
MCC (Micro Commercial Components),SMBJ90CA,Active,R H,Bidirectional,SMB,600,90,1,146,4.1,100,111,175
MCC (Micro Commercial Components),SMCJ100A,Active,R H,Unidirectional,SMC,1500,100,1,162,9.3,111,123,175
MCC (Micro Commercial Components),SMCJ100CA,Active,R H,Bidirectional,SMC,1500,100,1,162,9.3,111,123,175
MCC (Micro Commercial Components),SMCJ10A,Active,R H,Unidirectional,SMC,1500,10,5,17,88.3,11.1,12.3,175
MCC (Micro Commercial Components),SMCJ10CA,Active,R H,Bidirectional,SMC,1500,10,5,17,88.3,11.1,12.3,175
MCC (Micro Commercial Components),SMCJ110A,Active,R H,Unidirectional,SMC,1500,110,1,177,8.5,122,135,175
MCC (Micro Commercial Components),SMCJ110CA,Active,R H,Bidirectional,SMC,1500,110,1,177,8.5,122,135,175
MCC (Micro Commercial Components),SMCJ11A,Active,R H,Unidirectional,SMC,1500,11,1,18.2,82.5,12.2,13.5,175
MCC (Micro Commercial Components),SMCJ11CA,Active,R H,Bidirectional,SMC,1500,11,1,18.2,82.5,12.2,13.5,175
MCC (Micro Commercial Components),SMCJ120A,Active,R H,Unidirectional,SMC,1500,120,1,193,7.8,133,147,175
MCC (Micro Commercial Components),SMCJ120CA,Active,R H,Bidirectional,SMC,1500,120,1,193,7.8,133,147,175
MCC (Micro Commercial Components),SMCJ12A,Active,R H,Unidirectional,SMC,1500,12,1,19.9,75.4,13.3,14.7,175
MCC (Micro Commercial Components),SMCJ12CA,Active,R H,Bidirectional,SMC,1500,12,1,19.9,75.4,13.3,14.7,175
MCC (Micro Commercial Components),SMCJ130A,Active,R H,Unidirectional,SMC,1500,130,1,209,7.2,144,159,175
MCC (Micro Commercial Components),SMCJ130CA,Active,R H,Bidirectional,SMC,1500,130,1,209,7.2,144,159,175
MCC (Micro Commercial Components),SMCJ13A,Active,R H,Unidirectional,SMC,1500,13,1,21.5,69.8,14.4,15.9,175
MCC (Micro Commercial Components),SMCJ13CA,Active,R H,Bidirectional,SMC,1500,13,1,21.5,69.8,14.4,15.9,175
MCC (Micro Commercial Components),SMCJ14A,Active,R H,Unidirectional,SMC,1500,14,1,23.2,64.7,15.6,17.2,175
MCC (Micro Commercial Components),SMCJ14CA,Active,R H,Bidirectional,SMC,1500,14,1,23.2,64.7,15.6,17.2,175
MCC (Micro Commercial Components),SMCJ150A,Active,R H,Unidirectional,SMC,1500,150,1,243,6.2,167,185,175
MCC (Micro Commercial Components),SMCJ150CA,Active,R H,Bidirectional,SMC,1500,150,1,243,6.2,167,185,175
MCC (Micro Commercial Components),SMCJ15A,Active,R H,Unidirectional,SMC,1500,15,1,24.4,61.5,16.7,18.5,175
MCC (Micro Commercial Components),SMCJ15CA,Active,R H,Bidirectional,SMC,1500,15,1,24.4,61.5,16.7,18.5,175
MCC (Micro Commercial Components),SMCJ160A,Active,R H,Unidirectional,SMC,1500,160,1,259,5.8,178,197,175
MCC (Micro Commercial Components),SMCJ160CA,Active,R H,Bidirectional,SMC,1500,160,1,259,5.8,178,197,175
MCC (Micro Commercial Components),SMCJ16A,Active,R H,Unidirectional,SMC,1500,16,1,26,57.7,17.8,19.7,175
MCC (Micro Commercial Components),SMCJ16CA,Active,R H,Bidirectional,SMC,1500,16,1,26,57.7,17.8,19.7,175
MCC (Micro Commercial Components),SMCJ170A,Active,R H,Unidirectional,SMC,1500,170,1,275,5.5,189,209,175
MCC (Micro Commercial Components),SMCJ170CA,Active,R H,Bidirectional,SMC,1500,170,1,275,5.5,189,209,175
MCC (Micro Commercial Components),SMCJ17A,Active,R H,Unidirectional,SMC,1500,17,1,27.6,54.4,18.9,20.9,175
MCC (Micro Commercial Components),SMCJ17CA,Active,R H,Bidirectional,SMC,1500,17,1,27.6,54.4,18.9,20.9,175
MCC (Micro Commercial Components),SMCJ18A,Active,R H,Unidirectional,SMC,1500,18,1,29.2,51.4,20,22.1,175
MCC (Micro Commercial Components),SMCJ18CA,Active,R H,Bidirectional,SMC,1500,18,1,29.2,51.4,20,22.1,175
MCC (Micro Commercial Components),SMCJ20A,Active,R H,Unidirectional,SMC,1500,20,1,32.4,46.3,22.2,24.5,175
MCC (Micro Commercial Components),SMCJ20CA,Active,R H,Bidirectional,SMC,1500,20,1,32.4,46.3,22.2,24.5,175
MCC (Micro Commercial Components),SMCJ22A,Active,R H,Unidirectional,SMC,1500,22,1,35.5,42.3,24.4,26.9,175
MCC (Micro Commercial Components),SMCJ22CA,Active,R H,Bidirectional,SMC,1500,22,1,35.5,42.3,24.4,26.9,175
MCC (Micro Commercial Components),SMCJ24A,Active,R H,Unidirectional,SMC,1500,24,1,38.9,38.6,26.7,29.5,175
MCC (Micro Commercial Components),SMCJ24CA,Active,R H,Bidirectional,SMC,1500,24,1,38.9,38.6,26.7,29.5,175
MCC (Micro Commercial Components),SMCJ26A,Active,R H,Unidirectional,SMC,1500,26,1,42.1,35.7,28.9,31.9,175
MCC (Micro Commercial Components),SMCJ26CA,Active,R H,Bidirectional,SMC,1500,26,1,42.1,35.7,28.9,31.9,175
MCC (Micro Commercial Components),SMCJ28A,Active,R H,Unidirectional,SMC,1500,28,1,45.4,33.1,31.1,34.4,175
MCC (Micro Commercial Components),SMCJ28CA,Active,R H,Bidirectional,SMC,1500,28,1,45.4,33.1,31.1,34.4,175
MCC (Micro Commercial Components),SMCJ30A,Active,R H,Unidirectional,SMC,1500,30,1,48.4,31,33.3,36.8,175
MCC (Micro Commercial Components),SMCJ30CA,Active,R H,Bidirectional,SMC,1500,30,1,48.4,31,33.3,36.8,175
MCC (Micro Commercial Components),SMCJ33A,Active,R H,Unidirectional,SMC,1500,33,1,53.3,28.2,36.7,40.6,175
MCC (Micro Commercial Components),SMCJ33CA,Active,R H,Bidirectional,SMC,1500,33,1,53.3,28.2,36.7,40.6,175
MCC (Micro Commercial Components),SMCJ36A,Active,R H,Unidirectional,SMC,1500,36,1,58.1,25.9,40,44.2,175
MCC (Micro Commercial Components),SMCJ36CA,Active,R H,Bidirectional,SMC,1500,36,1,58.1,25.9,40,44.2,175
MCC (Micro Commercial Components),SMCJ40A,Active,R H,Unidirectional,SMC,1500,40,1,64.5,23.3,44.4,49.1,175
MCC (Micro Commercial Components),SMCJ40CA,Active,R H,Bidirectional,SMC,1500,40,1,64.5,23.3,44.4,49.1,175
MCC (Micro Commercial Components),SMCJ43A,Active,R H,Unidirectional,SMC,1500,43,1,69.4,21.6,47.8,52.8,175
MCC (Micro Commercial Components),SMCJ43CA,Active,R H,Bidirectional,SMC,1500,43,1,69.4,21.6,47.8,52.8,175
MCC (Micro Commercial Components),SMCJ45A,Active,R H,Unidirectional,SMC,1500,45,1,72.7,20.6,50,55.3,175
MCC (Micro Commercial Components),SMCJ45CA,Active,R H,Bidirectional,SMC,1500,45,1,72.7,20.6,50,55.3,175
MCC (Micro Commercial Components),SMCJ48A,Active,R H,Unidirectional,SMC,1500,48,1,77.4,19.4,53.3,58.9,175
MCC (Micro Commercial Components),SMCJ48CA,Active,R H,Bidirectional,SMC,1500,48,1,77.4,19.4,53.3,58.9,175
MCC (Micro Commercial Components),SMCJ5.0A,Active,R H,Unidirectional,SMC,1500,5,800,9.2,163,6.4,7,175
MCC (Micro Commercial Components),SMCJ5.0CA,Active,R H,Bidirectional,SMC,1500,5,800,9.2,163,6.4,7,175
MCC (Micro Commercial Components),SMCJ51A,Active,R H,Unidirectional,SMC,1500,51,1,82.4,18.2,56.7,62.7,175
MCC (Micro Commercial Components),SMCJ51CA,Active,R H,Bidirectional,SMC,1500,51,1,82.4,18.2,56.7,62.7,175
MCC (Micro Commercial Components),SMCJ54A,Active,R H,Unidirectional,SMC,1500,54,1,87.1,17.3,60,66.3,175
MCC (Micro Commercial Components),SMCJ54CA,Active,R H,Bidirectional,SMC,1500,54,1,87.1,17.3,60,66.3,175
MCC (Micro Commercial Components),SMCJ58A,Active,R H,Unidirectional,SMC,1500,58,1,93.6,16.1,64.4,71.2,175
MCC (Micro Commercial Components),SMCJ58CA,Active,R H,Bidirectional,SMC,1500,58,1,93.6,16.1,64.4,71.2,175
MCC (Micro Commercial Components),SMCJ6.0A,Active,R H,Unidirectional,SMC,1500,6,800,10.3,145.7,6.7,7.4,175
MCC (Micro Commercial Components),SMCJ6.0CA,Active,R H,Bidirectional,SMC,1500,6,800,10.3,145.7,6.7,7.4,175
MCC (Micro Commercial Components),SMCJ6.5A,Active,R H,Unidirectional,SMC,1500,6.5,500,11.2,134,7.2,8,175
MCC (Micro Commercial Components),SMCJ6.5CA,Active,R H,Bidirectional,SMC,1500,6.5,500,11.2,134,7.2,8,175
MCC (Micro Commercial Components),SMCJ60A,Active,R H,Unidirectional,SMC,1500,60,1,96.8,15.5,66.7,73.7,175
MCC (Micro Commercial Components),SMCJ60CA,Active,R H,Bidirectional,SMC,1500,60,1,96.8,15.5,66.7,73.7,175
MCC (Micro Commercial Components),SMCJ64A,Active,R H,Unidirectional,SMC,1500,64,1,103,14.6,71.1,78.6,175
MCC (Micro Commercial Components),SMCJ64CA,Active,R H,Bidirectional,SMC,1500,64,1,103,14.6,71.1,78.6,175
MCC (Micro Commercial Components),SMCJ7.0A,Active,R H,Unidirectional,SMC,1500,7,200,12,125,7.8,8.6,175
MCC (Micro Commercial Components),SMCJ7.0CA,Active,R H,Bidirectional,SMC,1500,7,200,12,125,7.8,8.6,175
MCC (Micro Commercial Components),SMCJ7.5A,Active,R H,Unidirectional,SMC,1500,7.5,100,12.9,116.3,8.3,9.2,175
MCC (Micro Commercial Components),SMCJ7.5CA,Active,R H,Bidirectional,SMC,1500,7.5,100,12.9,116.3,8.3,9.2,175
MCC (Micro Commercial Components),SMCJ70A,Active,R H,Unidirectional,SMC,1500,70,1,113,13.3,77.8,86,175
MCC (Micro Commercial Components),SMCJ70CA,Active,R H,Bidirectional,SMC,1500,70,1,113,13.3,77.8,86,175
MCC (Micro Commercial Components),SMCJ75A,Active,R H,Unidirectional,SMC,1500,75,1,121,12.4,83.3,92.1,175
MCC (Micro Commercial Components),SMCJ75CA,Active,R H,Bidirectional,SMC,1500,75,1,121,12.4,83.3,92.1,175
MCC (Micro Commercial Components),SMCJ78A,Active,R H,Unidirectional,SMC,1500,78,1,126,11.9,86.7,95.8,175
MCC (Micro Commercial Components),SMCJ78CA,Active,R H,Bidirectional,SMC,1500,78,1,126,11.9,86.7,95.8,175
MCC (Micro Commercial Components),SMCJ8.0A,Active,R H,Unidirectional,SMC,1500,8,50,13.6,110.3,8.9,9.8,175
MCC (Micro Commercial Components),SMCJ8.0CA,Active,R H,Bidirectional,SMC,1500,8,50,13.6,110.3,8.9,9.8,175
MCC (Micro Commercial Components),SMCJ8.5A,Active,R H,Unidirectional,SMC,1500,8.5,20,14.4,104.2,9.4,10.4,175
MCC (Micro Commercial Components),SMCJ8.5CA,Active,R H,Bidirectional,SMC,1500,8.5,20,14.4,104.2,9.4,10.4,175
MCC (Micro Commercial Components),SMCJ85A,Active,R H,Unidirectional,SMC,1500,85,1,137,11,94.4,104,175
MCC (Micro Commercial Components),P6KE300A,Active,R,Unidirectional,DO-15,600,256,1,414,1.5,285,315,175
MCC (Micro Commercial Components),P6KE300CA,Active,R,Bidirectional,DO-15,600,256,1,414,1.5,285,315,175
MCC (Micro Commercial Components),P6KE350A,Active,R,Unidirectional,DO-15,600,300,1,482,1.3,332,368,175
MCC (Micro Commercial Components),P6KE350CA,Active,R,Bidirectional,DO-15,600,300,1,482,1.3,332,368,175
MCC (Micro Commercial Components),P6KE400A,Active,R,Unidirectional,DO-15,600,342,1,548,1.1,380,420,175
MCC (Micro Commercial Components),P6KE400CA,Active,R,Bidirectional,DO-15,600,342,1,548,1.1,380,420,175
MCC (Micro Commercial Components),P6KE440A,Active,R,Unidirectional,DO-15,600,376,1,600,1.04,418,462,175
MCC (Micro Commercial Components),P6KE440CA,Active,R,Bidirectional,DO-15,600,376,1,600,1.04,418,462,175
MCC (Micro Commercial Components),SMCJ85CA,Active,R H,Bidirectional,SMC,1500,85,1,137,11,94.4,104,175
MCC (Micro Commercial Components),SMCJ9.0A,Active,R H,Unidirectional,SMC,1500,9,10,15.4,97.4,10,11.1,175
MCC (Micro Commercial Components),SMCJ9.0CA,Active,R H,Bidirectional,SMC,1500,9,10,15.4,97.4,10,11.1,175
MCC (Micro Commercial Components),SMCJ90A,Active,R H,Unidirectional,SMC,1500,90,1,146,10.3,100,111,175
MCC (Micro Commercial Components),SMCJ90CA,Active,R H,Bidirectional,SMC,1500,90,1,146,10.3,100,111,175
MCC (Micro Commercial Components),P6KE220A,Active,R,Unidirectional,DO-15,600,185,1,328,1.9,209,231,175
MCC (Micro Commercial Components),1.5KE440A,Active,R,Unidirectional,DO-201AE,1500,376,5,602,2.5,418,462,175
MCC (Micro Commercial Components),1.5KE440CA,Active,R,Bidirectional,DO-201AE,1500,376,5,602,2.5,418,462,175
MCC (Micro Commercial Components),SMBJ180A,Active,R H,Unidirectional,SMB,600,180,1,292,2.1,201,222,175
MCC (Micro Commercial Components),SMBJ180CA,Active,R H,Bidirectional,SMB,600,180,1,292,2.1,201,222,175
MCC (Micro Commercial Components),SMBJ200A,Active,R H,Unidirectional,SMB,600,200,1,324,1.9,224,247,175
MCC (Micro Commercial Components),SMBJ200CA,Active,R H,Bidirectional,SMB,600,200,1,324,1.9,224,247,175
MCC (Micro Commercial Components),SMBJ220A,Active,R H,Unidirectional,SMB,600,220,1,356,1.7,246,272,175
MCC (Micro Commercial Components),SMBJ220CA,Active,R H,Bidirectional,SMB,600,220,1,356,1.7,246,272,175
MCC (Micro Commercial Components),SMBJ250A,Active,R H,Unidirectional,SMB,600,250,1,405,1.5,279,309,175
MCC (Micro Commercial Components),SMBJ250CA,Active,R H,Bidirectional,SMB,600,250,1,405,1.5,279,309,175
MCC (Micro Commercial Components),SMBJ300A,Active,R H,Unidirectional,SMB,600,300,1,486,1.3,335,371,175
MCC (Micro Commercial Components),SMBJ300CA,Active,R H,Bidirectional,SMB,600,300,1,486,1.3,335,371,175
MCC (Micro Commercial Components),SMBJ350A,Active,R H,Unidirectional,SMB,600,350,1,567,1.1,391,432,175
MCC (Micro Commercial Components),SMBJ350CA,Active,R H,Bidirectional,SMB,600,350,1,567,1.1,391,432,175
MCC (Micro Commercial Components),SMBJ400A,Active,R H,Unidirectional,SMB,600,400,1,648,0.9,447,494,175
MCC (Micro Commercial Components),SMBJ400CA,Active,R H,Bidirectional,SMB,600,400,1,648,0.9,447,494,175
MCC (Micro Commercial Components),SMBJ440A,Active,R H,Unidirectional,SMB,600,440,1,713,0.9,492,543,175
MCC (Micro Commercial Components),SMBJ440CA,Active,R H,Bidirectional,SMB,600,440,1,713,0.9,492,543,175
MCC (Micro Commercial Components),SMLJ100A,Active,R H,Unidirectional,SMC,3000,100,2,162,18.6,111,123,175
MCC (Micro Commercial Components),SMLJ100CA,Active,R H,Bidirectional,SMC,3000,100,2,162,18.6,111,123,175
MCC (Micro Commercial Components),SMLJ10A,Active,R H,Unidirectional,SMC,3000,10,5,17,176.4,11.1,12.3,175
MCC (Micro Commercial Components),SMLJ10CA,Active,R H,Bidirectional,SMC,3000,10,5,17,176.4,11.1,12.3,175
MCC (Micro Commercial Components),SMLJ110A,Active,R H,Unidirectional,SMC,3000,110,2,177,16.8,122,135,175
MCC (Micro Commercial Components),SMLJ110CA,Active,R H,Bidirectional,SMC,3000,110,2,177,16.8,122,135,175
MCC (Micro Commercial Components),SMLJ11A,Active,R H,Unidirectional,SMC,3000,11,2,18.2,164.8,12.2,13.5,175
MCC (Micro Commercial Components),SMLJ11CA,Active,R H,Bidirectional,SMC,3000,11,2,18.2,164.8,12.2,13.5,175
MCC (Micro Commercial Components),SMLJ120A,Active,R H,Unidirectional,SMC,3000,120,2,193,15.6,133,147,175
MCC (Micro Commercial Components),SMLJ120CA,Active,R H,Bidirectional,SMC,3000,120,2,193,15.6,133,147,175
MCC (Micro Commercial Components),SMLJ12A,Active,R H,Unidirectional,SMC,3000,12,2,19.9,150.6,13.3,14.7,175
MCC (Micro Commercial Components),SMLJ12CA,Active,R H,Bidirectional,SMC,3000,12,2,19.9,150.6,13.3,14.7,175
MCC (Micro Commercial Components),SMLJ130A,Active,R H,Unidirectional,SMC,3000,130,2,209,14.4,144,159,175
MCC (Micro Commercial Components),SMLJ130CA,Active,R H,Bidirectional,SMC,3000,130,2,209,14.4,144,159,175
MCC (Micro Commercial Components),SMLJ13A,Active,R H,Unidirectional,SMC,3000,13,2,21.5,139.4,14.4,15.9,175
MCC (Micro Commercial Components),SMLJ13CA,Active,R H,Bidirectional,SMC,3000,13,2,21.5,139.4,14.4,15.9,175
MCC (Micro Commercial Components),SMLJ14A,Active,R H,Unidirectional,SMC,3000,14,2,23.2,129.4,15.6,17.2,175
MCC (Micro Commercial Components),SMLJ14CA,Active,R H,Bidirectional,SMC,3000,14,2,23.2,129.4,15.6,17.2,175
MCC (Micro Commercial Components),SMLJ150A,Active,R H,Unidirectional,SMC,3000,150,2,243,12.4,167,185,175
MCC (Micro Commercial Components),SMLJ150CA,Active,R H,Bidirectional,SMC,3000,150,2,243,12.4,167,185,175
MCC (Micro Commercial Components),SMLJ15A,Active,R H,Unidirectional,SMC,3000,15,2,24.4,123,16.7,18.5,175
MCC (Micro Commercial Components),SMLJ15CA,Active,R H,Bidirectional,SMC,3000,15,2,24.4,123,16.7,18.5,175
MCC (Micro Commercial Components),SMLJ160A,Active,R H,Unidirectional,SMC,3000,160,2,259,11.6,178,197,175
MCC (Micro Commercial Components),SMLJ160CA,Active,R H,Bidirectional,SMC,3000,160,2,259,11.6,178,197,175
MCC (Micro Commercial Components),SMLJ16A,Active,R H,Unidirectional,SMC,3000,16,2,26,115.4,17.8,19.7,175
MCC (Micro Commercial Components),SMLJ16CA,Active,R H,Bidirectional,SMC,3000,16,2,26,115.4,17.8,19.7,175
MCC (Micro Commercial Components),SMLJ170A,Active,R H,Unidirectional,SMC,3000,170,2,275,11,189,209,175
MCC (Micro Commercial Components),SMLJ170CA,Active,R H,Bidirectional,SMC,3000,170,2,275,11,189,209,175
MCC (Micro Commercial Components),SMLJ17A,Active,R H,Unidirectional,SMC,3000,17,2,27.6,106.6,18.9,20.9,175
MCC (Micro Commercial Components),SMLJ17CA,Active,R H,Bidirectional,SMC,3000,17,2,27.6,106.6,18.9,20.9,175
MCC (Micro Commercial Components),SMLJ18A,Active,R H,Unidirectional,SMC,3000,18,2,29.2,102.8,20,22.1,175
MCC (Micro Commercial Components),SMLJ18CA,Active,R H,Bidirectional,SMC,3000,18,2,29.2,102.8,20,22.1,175
MCC (Micro Commercial Components),SMLJ20A,Active,R H,Unidirectional,SMC,3000,20,2,32.4,92.6,22.2,24.5,175
MCC (Micro Commercial Components),SMLJ20CA,Active,R H,Bidirectional,SMC,3000,20,2,32.4,92.6,22.2,24.5,175
MCC (Micro Commercial Components),SMLJ22A,Active,R H,Unidirectional,SMC,3000,22,2,35.5,84.4,24.4,26.9,175
MCC (Micro Commercial Components),SMLJ22CA,Active,R H,Bidirectional,SMC,3000,22,2,35.5,84.4,24.4,26.9,175
MCC (Micro Commercial Components),SMLJ24A,Active,R H,Unidirectional,SMC,3000,24,2,38.9,77.2,26.7,29.5,175
MCC (Micro Commercial Components),SMLJ24CA,Active,R H,Bidirectional,SMC,3000,24,2,38.9,77.2,26.7,29.5,175
MCC (Micro Commercial Components),SMLJ26A,Active,R H,Unidirectional,SMC,3000,26,2,42.1,71.2,28.9,31.9,175
MCC (Micro Commercial Components),SMLJ26CA,Active,R H,Bidirectional,SMC,3000,26,2,42.1,71.2,28.9,31.9,175
MCC (Micro Commercial Components),SMLJ28A,Active,R H,Unidirectional,SMC,3000,28,2,45.4,66,31.1,34.4,175
MCC (Micro Commercial Components),SMLJ28CA,Active,R H,Bidirectional,SMC,3000,28,2,45.4,66,31.1,34.4,175
MCC (Micro Commercial Components),SMLJ30A,Active,R H,Unidirectional,SMC,3000,30,2,48.4,62,33.3,36.8,175
MCC (Micro Commercial Components),SMLJ30CA,Active,R H,Bidirectional,SMC,3000,30,2,48.4,62,33.3,36.8,175
MCC (Micro Commercial Components),SMLJ33A,Active,R H,Unidirectional,SMC,3000,33,2,53.3,56.2,36.7,40.6,175
MCC (Micro Commercial Components),SMLJ33CA,Active,R H,Bidirectional,SMC,3000,33,2,53.3,56.2,36.7,40.6,175
MCC (Micro Commercial Components),SMLJ36A,Active,R H,Unidirectional,SMC,3000,36,2,58.1,51.6,40,44.2,175
MCC (Micro Commercial Components),SMLJ36CA,Active,R H,Bidirectional,SMC,3000,36,2,58.1,51.6,40,44.2,175
MCC (Micro Commercial Components),SMLJ40A,Active,R H,Unidirectional,SMC,3000,40,2,64.5,46.4,44.4,49.1,175
MCC (Micro Commercial Components),SMLJ40CA,Active,R H,Bidirectional,SMC,3000,40,2,64.5,46.4,44.4,49.1,175
MCC (Micro Commercial Components),SMLJ43A,Active,R H,Unidirectional,SMC,3000,43,2,69.4,43.2,47.8,52.8,175
MCC (Micro Commercial Components),SMLJ43CA,Active,R H,Bidirectional,SMC,3000,43,2,69.4,43.2,47.8,52.8,175
MCC (Micro Commercial Components),SMLJ45A,Active,R H,Unidirectional,SMC,3000,45,2,72.7,41.2,50,55.3,175
MCC (Micro Commercial Components),SMLJ45CA,Active,R H,Bidirectional,SMC,3000,45,2,72.7,41.2,50,55.3,175
MCC (Micro Commercial Components),SMLJ48A,Active,R H,Unidirectional,SMC,3000,48,2,77.4,38.8,53.3,58.9,175
MCC (Micro Commercial Components),SMLJ48CA,Active,R H,Bidirectional,SMC,3000,48,2,77.4,38.8,53.3,58.9,175
MCC (Micro Commercial Components),SMLJ5.0A,Active,R H,Unidirectional,SMC,3000,5,1000,9.2,326,6.4,7,175
MCC (Micro Commercial Components),SMLJ5.0CA,Active,R H,Bidirectional,SMC,3000,5,1000,9.2,326,6.4,7,175
MCC (Micro Commercial Components),SMLJ51A,Active,R H,Unidirectional,SMC,3000,51,2,82.4,36.4,56.7,62.7,175
MCC (Micro Commercial Components),SMLJ51CA,Active,R H,Bidirectional,SMC,3000,51,2,82.4,36.4,56.7,62.7,175
MCC (Micro Commercial Components),SMLJ54A,Active,R H,Unidirectional,SMC,3000,54,2,87.1,34.4,60,66.3,175
MCC (Micro Commercial Components),SMLJ54CA,Active,R H,Bidirectional,SMC,3000,54,2,87.1,34.4,60,66.3,175
MCC (Micro Commercial Components),SMLJ58A,Active,R H,Unidirectional,SMC,3000,58,2,93.6,32,64.4,71.2,175
MCC (Micro Commercial Components),SMLJ58CA,Active,R H,Bidirectional,SMC,3000,58,2,93.6,32,64.4,71.2,175
MCC (Micro Commercial Components),SMLJ6.0A,Active,R H,Unidirectional,SMC,3000,6,1000,10.3,291.3,6.67,7.37,175
MCC (Micro Commercial Components),SMLJ6.0CA,Active,R H,Bidirectional,SMC,3000,6,1000,10.3,291.3,6.67,7.37,175
MCC (Micro Commercial Components),SMLJ6.5A,Active,R H,Unidirectional,SMC,3000,6.5,500,11.2,267.9,7.22,7.98,175
MCC (Micro Commercial Components),SMLJ6.5CA,Active,R H,Bidirectional,SMC,3000,6.5,500,11.2,267.9,7.22,7.98,175
MCC (Micro Commercial Components),SMLJ60A,Active,R H,Unidirectional,SMC,3000,60,2,96.8,31,66.7,73.7,175
MCC (Micro Commercial Components),SMLJ60CA,Active,R H,Bidirectional,SMC,3000,60,2,96.8,31,66.7,73.7,175
MCC (Micro Commercial Components),SMLJ64A,Active,R H,Unidirectional,SMC,3000,64,2,103,29.2,71.1,78.6,175
MCC (Micro Commercial Components),SMLJ64CA,Active,R H,Bidirectional,SMC,3000,64,2,103,29.2,71.1,78.6,175
MCC (Micro Commercial Components),SMLJ7.0A,Active,R H,Unidirectional,SMC,3000,7,200,12,250,7.78,8.6,175
MCC (Micro Commercial Components),SMLJ7.0CA,Active,R H,Bidirectional,SMC,3000,7,200,12,250,7.78,8.6,175
MCC (Micro Commercial Components),SMLJ7.5A,Active,R H,Unidirectional,SMC,3000,7.5,100,12.9,232.6,8.33,9.21,175
MCC (Micro Commercial Components),SMLJ7.5CA,Active,R H,Bidirectional,SMC,3000,7.5,100,12.9,232.6,8.33,9.21,175
MCC (Micro Commercial Components),SMLJ70A,Active,R H,Unidirectional,SMC,3000,70,2,113,26.6,77.8,86,175
MCC (Micro Commercial Components),SMLJ70CA,Active,R H,Bidirectional,SMC,3000,70,2,113,26.6,77.8,86,175
MCC (Micro Commercial Components),SMLJ75A,Active,R H,Unidirectional,SMC,3000,75,2,121,24.8,83.3,92.1,175
MCC (Micro Commercial Components),SMLJ75CA,Active,R H,Bidirectional,SMC,3000,75,2,121,24.8,83.3,92.1,175
MCC (Micro Commercial Components),SMLJ78A,Active,R H,Unidirectional,SMC,3000,78,2,126,22.8,86.7,95.8,175
MCC (Micro Commercial Components),SMLJ78CA,Active,R H,Bidirectional,SMC,3000,78,2,126,22.8,86.7,95.8,175
MCC (Micro Commercial Components),SMLJ8.0A,Active,R H,Unidirectional,SMC,3000,8,50,13.6,220,8.89,9.83,175
MCC (Micro Commercial Components),SMLJ8.0CA,Active,R H,Bidirectional,SMC,3000,8,50,13.6,220,8.89,9.83,175
MCC (Micro Commercial Components),SMLJ8.5A,Active,R H,Unidirectional,SMC,3000,8.5,25,14.1,208.4,9.44,10.4,175
MCC (Micro Commercial Components),SMLJ8.5CA,Active,R H,Bidirectional,SMC,3000,8.5,25,14.1,208.4,9.44,10.4,175
MCC (Micro Commercial Components),SMLJ85A,Active,R H,Unidirectional,SMC,3000,85,2,137,20.8,94.4,104,175
MCC (Micro Commercial Components),SMLJ85CA,Active,R H,Bidirectional,SMC,3000,85,2,137,20.8,94.4,104,175
MCC (Micro Commercial Components),SMLJ9.0A,Active,R H,Unidirectional,SMC,3000,9,10,15.4,194.8,10,11.1,175
MCC (Micro Commercial Components),SMLJ9.0CA,Active,R H,Bidirectional,SMC,3000,9,10,15.4,194.8,10,11.1,175
MCC (Micro Commercial Components),SMLJ90A,Active,R H,Unidirectional,SMC,3000,90,2,146,20.6,100,111,175
MCC (Micro Commercial Components),SMLJ90CA,Active,R H,Bidirectional,SMC,3000,90,2,146,20.6,100,111,175
MCC (Micro Commercial Components),SMCJ1.5KE6.8A,Active,R H,Unidirectional,SMC,1500,5.8,1000,10.5,144.8,6.45,7.14,175
MCC (Micro Commercial Components),SMCJ1.5KE7.5A,Active,R H,Unidirectional,SMC,1500,6.4,500,11.3,134.5,7.13,7.88,175
MCC (Micro Commercial Components),SMCJ1.5KE8.2A,Active,R H,Unidirectional,SMC,1500,7.02,200,12.1,125.6,7.79,8.61,175
MCC (Micro Commercial Components),SMCJ1.5KE9.1A,Active,R H,Unidirectional,SMC,1500,7.78,50,13.4,113.4,8.65,9.55,175
MCC (Micro Commercial Components),SMCJ1.5KE10A,Active,R H,Unidirectional,SMC,1500,8.55,10,14.5,104.8,9.5,10.5,175
MCC (Micro Commercial Components),SMCJ1.5KE11A,Active,R H,Unidirectional,SMC,1500,9.4,5,15.6,97.4,10.5,11.6,175
MCC (Micro Commercial Components),SMCJ1.5KE12A,Active,R H,Unidirectional,SMC,1500,10.2,5,16.7,91,11.4,12.6,175
MCC (Micro Commercial Components),SMCJ1.5KE13A,Active,R H,Unidirectional,SMC,1500,11.1,5,18.2,83.5,12.4,13.7,175
MCC (Micro Commercial Components),SMCJ1.5KE15A,Active,R H,Unidirectional,SMC,1500,12.8,5,21.2,71.7,14.3,15.8,175
MCC (Micro Commercial Components),SMCJ1.5KE16A,Active,R H,Unidirectional,SMC,1500,13.6,5,22.5,67.6,15.2,16.8,175
MCC (Micro Commercial Components),SMCJ1.5KE18A,Active,R H,Unidirectional,SMC,1500,15.3,5,25.5,60.3,17.1,18.9,175
MCC (Micro Commercial Components),SMCJ1.5KE20A,Active,R H,Unidirectional,SMC,1500,17.1,5,27.7,54.9,19,21,175
MCC (Micro Commercial Components),SMCJ1.5KE22A,Active,R H,Unidirectional,SMC,1500,18.8,5,30.6,49.7,20.9,23.1,175
MCC (Micro Commercial Components),SMCJ1.5KE24A,Active,R H,Unidirectional,SMC,1500,20.5,5,33.2,45.8,22.8,25.2,175
MCC (Micro Commercial Components),SMCJ1.5KE27A,Active,R H,Unidirectional,SMC,1500,23.1,5,37.5,40.5,25.7,28.4,175
MCC (Micro Commercial Components),SMCJ1.5KE30A,Active,R H,Unidirectional,SMC,1500,25.6,5,41.4,36.7,28.5,31.5,175
MCC (Micro Commercial Components),SMCJ1.5KE33A,Active,R H,Unidirectional,SMC,1500,28.2,5,45.7,33.3,31.4,34.7,175
MCC (Micro Commercial Components),SMCJ1.5KE36A,Active,R H,Unidirectional,SMC,1500,30.8,5,49.9,30.5,34.2,37.8,175
MCC (Micro Commercial Components),SMCJ1.5KE39A,Active,R H,Unidirectional,SMC,1500,33.3,5,53.9,28.2,37.1,41,175
MCC (Micro Commercial Components),SMCJ1.5KE43A,Active,R H,Unidirectional,SMC,1500,36.8,5,59.3,25.6,40.9,45.2,175
MCC (Micro Commercial Components),SMCJ1.5KE47A,Active,R H,Unidirectional,SMC,1500,40.2,5,64.8,23.5,44.7,49.4,175
MCC (Micro Commercial Components),SMCJ1.5KE51A,Active,R H,Unidirectional,SMC,1500,43.6,5,70.1,21.7,48.5,53.6,175
MCC (Micro Commercial Components),SMCJ1.5KE56A,Active,R H,Unidirectional,SMC,1500,47.8,5,77,19.7,53.2,58.8,175
MCC (Micro Commercial Components),SMCJ1.5KE62A,Active,R H,Unidirectional,SMC,1500,53,5,85,17.9,58.9,65.1,175
MCC (Micro Commercial Components),SMCJ1.5KE68A,Active,R H,Unidirectional,SMC,1500,58.1,5,92,16.5,64.6,71.4,175
MCC (Micro Commercial Components),SMCJ1.5KE75A,Active,R H,Unidirectional,SMC,1500,64.1,5,103,14.8,71.3,78.8,175
MCC (Micro Commercial Components),SMCJ1.5KE82A,Active,R H,Unidirectional,SMC,1500,70.1,5,113,13.5,77.9,86.1,175
MCC (Micro Commercial Components),SMCJ1.5KE91A,Active,R H,Unidirectional,SMC,1500,77.8,5,125,12.2,86.5,95.5,175
MCC (Micro Commercial Components),SMCJ1.5KE100A,Active,R H,Unidirectional,SMC,1500,85.5,5,137,11.1,95,105,175
MCC (Micro Commercial Components),SMCJ1.5KE110A,Active,R H,Unidirectional,SMC,1500,94,5,152,10,105,116,175
MCC (Micro Commercial Components),SMCJ1.5KE120A,Active,R H,Unidirectional,SMC,1500,102,5,165,9.2,114,126,175
MCC (Micro Commercial Components),SMCJ1.5KE130A,Active,R H,Unidirectional,SMC,1500,111,5,179,8.5,124,137,175
MCC (Micro Commercial Components),SMCJ1.5KE150A,Active,R H,Unidirectional,SMC,1500,128,5,207,7.3,143,158,175
MCC (Micro Commercial Components),SMCJ1.5KE160A,Active,R H,Unidirectional,SMC,1500,136,5,219,6.9,152,168,175
MCC (Micro Commercial Components),SMCJ1.5KE170A,Active,R H,Unidirectional,SMC,1500,145,5,234,6.5,162,179,175
MCC (Micro Commercial Components),SMCJ1.5KE180A,Active,R H,Unidirectional,SMC,1500,154,5,246,6.2,171,189,175
MCC (Micro Commercial Components),SMCJ1.5KE200A,Active,R H,Unidirectional,SMC,1500,171,5,274,5.5,190,210,175
MCC (Micro Commercial Components),SMCJ1.5KE220A,Active,R H,Unidirectional,SMC,1500,185,5,328,4.6,209,231,175
MCC (Micro Commercial Components),SMCJ1.5KE250A,Active,R H,Unidirectional,SMC,1500,214,5,344,4.4,237,263,175
MCC (Micro Commercial Components),SMCJ1.5KE300A,Active,R H,Unidirectional,SMC,1500,256,5,414,3.7,285,315,175
MCC (Micro Commercial Components),SMCJ1.5KE350A,Active,R H,Unidirectional,SMC,1500,300,5,482,3.2,332,368,175
MCC (Micro Commercial Components),SMCJ1.5KE400A,Active,R H,Unidirectional,SMC,1500,342,5,548,2.8,380,420,175
MCC (Micro Commercial Components),SMCJ1.5KE440A,Active,R H,Unidirectional,SMC,1500,376,5,602,2.5,418,462,175
MCC (Micro Commercial Components),SMCJ1.5KE480A,Active,R H,Unidirectional,SMC,1500,408,5,658,2.3,456,504,175
MCC (Micro Commercial Components),SMCJ1.5KE510A,Active,R H,Unidirectional,SMC,1500,434,5,698,2.1,485,535,175
MCC (Micro Commercial Components),SMCJ1.5KE530A,Active,R H,Unidirectional,SMC,1500,459,5,725,2.1,503.5,556.5,175
MCC (Micro Commercial Components),SMCJ1.5KE540A,Active,R H,Unidirectional,SMC,1500,477,5,740,2,513,567,175
MCC (Micro Commercial Components),SMCJ1.5KE550A,Active,R H,Unidirectional,SMC,1500,495,5,760,2,522.5,577.5,175
MCC (Micro Commercial Components),SMCJ1.5KE6.8CA,Active,R H,Bidirectional,SMC,1500,5.8,1000,10.5,144.8,6.45,7.14,175
MCC (Micro Commercial Components),SMCJ1.5KE7.5CA,Active,R H,Bidirectional,SMC,1500,6.4,500,11.3,134.5,7.13,7.88,175
MCC (Micro Commercial Components),SMCJ1.5KE8.2CA,Active,R H,Bidirectional,SMC,1500,7.02,200,12.1,125.6,7.79,8.61,175
MCC (Micro Commercial Components),SMCJ1.5KE9.1CA,Active,R H,Bidirectional,SMC,1500,7.78,50,13.4,113.4,8.65,9.55,175
MCC (Micro Commercial Components),SMCJ1.5KE10CA,Active,R H,Bidirectional,SMC,1500,8.55,10,14.5,104.8,9.5,10.5,175
MCC (Micro Commercial Components),SMCJ1.5KE11CA,Active,R H,Bidirectional,SMC,1500,9.4,5,15.6,97.4,10.5,11.6,175
MCC (Micro Commercial Components),SMCJ1.5KE12CA,Active,R H,Bidirectional,SMC,1500,10.2,5,16.7,91,11.4,12.6,175
MCC (Micro Commercial Components),SMCJ1.5KE13CA,Active,R H,Bidirectional,SMC,1500,11.1,5,18.2,83.5,12.4,13.7,175
MCC (Micro Commercial Components),SMCJ1.5KE15CA,Active,R H,Bidirectional,SMC,1500,12.8,5,21.2,71.7,14.3,15.8,175
MCC (Micro Commercial Components),SMCJ1.5KE16CA,Active,R H,Bidirectional,SMC,1500,13.6,5,22.5,67.6,15.2,16.8,175
MCC (Micro Commercial Components),SMCJ1.5KE18CA,Active,R H,Bidirectional,SMC,1500,15.3,5,25.5,60.3,17.1,18.9,175
MCC (Micro Commercial Components),SMCJ1.5KE20CA,Active,R H,Bidirectional,SMC,1500,17.1,5,27.7,54.9,19,21,175
MCC (Micro Commercial Components),SMCJ1.5KE22CA,Active,R H,Bidirectional,SMC,1500,18.8,5,30.6,49.7,20.9,23.1,175
MCC (Micro Commercial Components),SMCJ1.5KE24CA,Active,R H,Bidirectional,SMC,1500,20.5,5,33.2,45.8,22.8,25.2,175
MCC (Micro Commercial Components),SMCJ1.5KE27CA,Active,R H,Bidirectional,SMC,1500,23.1,5,37.5,40.5,25.7,28.4,175
MCC (Micro Commercial Components),SMCJ1.5KE30CA,Active,R H,Bidirectional,SMC,1500,25.6,5,41.4,36.7,28.5,31.5,175
MCC (Micro Commercial Components),SMCJ1.5KE33CA,Active,R H,Bidirectional,SMC,1500,28.2,5,45.7,33.3,31.4,34.7,175
MCC (Micro Commercial Components),SMCJ1.5KE36CA,Active,R H,Bidirectional,SMC,1500,30.8,5,49.9,30.5,34.2,37.8,175
MCC (Micro Commercial Components),SMCJ1.5KE39CA,Active,R H,Bidirectional,SMC,1500,33.3,5,53.9,28.2,37.1,41,175
MCC (Micro Commercial Components),SMCJ1.5KE43CA,Active,R H,Bidirectional,SMC,1500,36.8,5,59.3,25.6,40.9,45.2,175
MCC (Micro Commercial Components),SMCJ1.5KE47CA,Active,R H,Bidirectional,SMC,1500,40.2,5,64.8,23.5,44.7,49.4,175
MCC (Micro Commercial Components),SMCJ1.5KE51CA,Active,R H,Bidirectional,SMC,1500,43.6,5,70.1,21.7,48.5,53.6,175
MCC (Micro Commercial Components),SMCJ1.5KE56CA,Active,R H,Bidirectional,SMC,1500,47.8,5,77,19.7,53.2,58.8,175
MCC (Micro Commercial Components),SMCJ1.5KE62CA,Active,R H,Bidirectional,SMC,1500,53,5,85,17.9,58.9,65.1,175
MCC (Micro Commercial Components),SMCJ1.5KE68CA,Active,R H,Bidirectional,SMC,1500,58.1,5,92,16.5,64.6,71.4,175
MCC (Micro Commercial Components),SMCJ1.5KE75CA,Active,R H,Bidirectional,SMC,1500,64.1,5,103,14.8,71.3,78.8,175
MCC (Micro Commercial Components),SMCJ1.5KE82CA,Active,R H,Bidirectional,SMC,1500,70.1,5,113,13.5,77.9,86.1,175
MCC (Micro Commercial Components),SMCJ1.5KE91CA,Active,R H,Bidirectional,SMC,1500,77.8,5,125,12.2,86.5,95.5,175
MCC (Micro Commercial Components),SMCJ1.5KE100CA,Active,R H,Bidirectional,SMC,1500,85.5,5,137,11.1,95,105,175
MCC (Micro Commercial Components),SMCJ1.5KE110CA,Active,R H,Bidirectional,SMC,1500,94,5,152,10,105,116,175
MCC (Micro Commercial Components),SMCJ1.5KE120CA,Active,R H,Bidirectional,SMC,1500,102,5,165,9.2,114,126,175
MCC (Micro Commercial Components),SMCJ1.5KE130CA,Active,R H,Bidirectional,SMC,1500,111,5,179,8.5,124,137,175
MCC (Micro Commercial Components),SMCJ1.5KE150CA,Active,R H,Bidirectional,SMC,1500,128,5,207,7.3,143,158,175
MCC (Micro Commercial Components),SMCJ1.5KE160CA,Active,R H,Bidirectional,SMC,1500,136,5,219,6.9,152,168,175
MCC (Micro Commercial Components),SMCJ1.5KE170CA,Active,R H,Bidirectional,SMC,1500,145,5,234,6.5,162,179,175
MCC (Micro Commercial Components),SMCJ1.5KE180CA,Active,R H,Bidirectional,SMC,1500,154,5,246,6.2,171,189,175
MCC (Micro Commercial Components),SMCJ1.5KE200CA,Active,R H,Bidirectional,SMC,1500,171,5,274,5.5,190,210,175
MCC (Micro Commercial Components),SMCJ1.5KE220CA,Active,R H,Bidirectional,SMC,1500,185,5,328,4.6,209,231,175
MCC (Micro Commercial Components),SMCJ1.5KE250CA,Active,R H,Bidirectional,SMC,1500,214,5,344,4.4,237,263,175
MCC (Micro Commercial Components),SMCJ1.5KE300CA,Active,R H,Bidirectional,SMC,1500,256,5,414,3.7,285,315,175
MCC (Micro Commercial Components),SMCJ1.5KE350CA,Active,R H,Bidirectional,SMC,1500,300,5,482,3.2,332,368,175
MCC (Micro Commercial Components),SMCJ1.5KE400CA,Active,R H,Bidirectional,SMC,1500,342,5,548,2.8,380,420,175
MCC (Micro Commercial Components),SMCJ1.5KE440CA,Active,R H,Bidirectional,SMC,1500,376,5,602,2.5,418,462,175
MCC (Micro Commercial Components),SMCJ1.5KE480CA,Active,R H,Bidirectional,SMC,1500,408,5,658,2.3,456,504,175
MCC (Micro Commercial Components),SMCJ1.5KE510CA,Active,R H,Bidirectional,SMC,1500,434,5,698,2.1,485,535,175
MCC (Micro Commercial Components),SMCJ1.5KE530CA,Active,R H,Bidirectional,SMC,1500,459,5,725,2.1,503.5,556.5,175
MCC (Micro Commercial Components),SMCJ1.5KE540CA,Active,R H,Bidirectional,SMC,1500,477,5,740,2,513,567,175
MCC (Micro Commercial Components),SMCJ1.5KE550CA,Active,R H,Bidirectional,SMC,1500,495,5,760,2,522.5,577.5,175
MCC (Micro Commercial Components),SMAJP4KE6.8A,Active,R H,Unidirectional,SMA,400,5.8,1000,10.5,39,6.45,7.14,175
MCC (Micro Commercial Components),SMAJP4KE7.5A,Active,R H,Unidirectional,SMA,400,6.4,500,11.3,36.3,7.13,7.88,175
MCC (Micro Commercial Components),SMAJP4KE8.2A,Active,R H,Unidirectional,SMA,400,7.02,200,12.1,33.9,7.79,8.61,175
MCC (Micro Commercial Components),SMAJP4KE9.1A,Active,R H,Unidirectional,SMA,400,7.78,50,13.4,30.6,8.65,9.55,175
MCC (Micro Commercial Components),SMAJP4KE10A,Active,R H,Unidirectional,SMA,400,8.55,10,14.5,28.3,9.5,10.5,175
MCC (Micro Commercial Components),SMAJP4KE11A,Active,R H,Unidirectional,SMA,400,9.4,5,15.6,26.3,10.5,11.6,175
MCC (Micro Commercial Components),SMAJP4KE12A,Active,R H,Unidirectional,SMA,400,10.2,5,16.7,24.6,11.4,12.6,175
MCC (Micro Commercial Components),SMAJP4KE13A,Active,R H,Unidirectional,SMA,400,11.1,1,18.2,22.5,12.4,13.7,175
MCC (Micro Commercial Components),SMAJP4KE15A,Active,R H,Unidirectional,SMA,400,12.8,1,21.2,19.3,14.3,15.8,175
MCC (Micro Commercial Components),SMAJP4KE16A,Active,R H,Unidirectional,SMA,400,13.6,1,22.5,18.2,15.2,16.8,175
MCC (Micro Commercial Components),SMAJP4KE18A,Active,R H,Unidirectional,SMA,400,15.3,1,25.5,16.1,17.1,18.9,175
MCC (Micro Commercial Components),SMAJP4KE20A,Active,R H,Unidirectional,SMA,400,17.1,1,27.7,14.8,19,21,175
MCC (Micro Commercial Components),SMAJP4KE22A,Active,R H,Unidirectional,SMA,400,18.8,1,30.6,13.4,20.9,23.1,175
MCC (Micro Commercial Components),SMAJP4KE24A,Active,R H,Unidirectional,SMA,400,20.5,1,33.2,12.3,22.8,25.2,175
MCC (Micro Commercial Components),SMAJP4KE27A,Active,R H,Unidirectional,SMA,400,23.1,1,37.5,10.9,25.7,28.4,175
MCC (Micro Commercial Components),SMAJP4KE30A,Active,R H,Unidirectional,SMA,400,25.6,1,41.4,9.9,28.5,31.5,175
MCC (Micro Commercial Components),SMAJP4KE33A,Active,R H,Unidirectional,SMA,400,28.2,1,45.7,9,31.4,34.7,175
MCC (Micro Commercial Components),SMAJP4KE36A,Active,R H,Unidirectional,SMA,400,30.8,1,49.9,8.2,34.2,37.8,175
MCC (Micro Commercial Components),SMAJP4KE39A,Active,R H,Unidirectional,SMA,400,33.3,1,53.9,7.6,37.1,41,175
MCC (Micro Commercial Components),SMAJP4KE43A,Active,R H,Unidirectional,SMA,400,36.8,1,59.3,6.9,40.9,45.2,175
MCC (Micro Commercial Components),SMAJP4KE47A,Active,R H,Unidirectional,SMA,400,40.2,1,64.8,6.3,44.7,49.4,175
MCC (Micro Commercial Components),SMAJP4KE51A,Active,R H,Unidirectional,SMA,400,43.6,1,70.1,5.8,48.5,53.6,175
MCC (Micro Commercial Components),SMAJP4KE56A,Active,R H,Unidirectional,SMA,400,47.8,1,77,5.3,53.2,58.8,175
MCC (Micro Commercial Components),SMAJP4KE62A,Active,R H,Unidirectional,SMA,400,53,1,85,4.8,58.9,65.1,175
MCC (Micro Commercial Components),SMAJP4KE68A,Active,R H,Unidirectional,SMA,400,58.1,1,92,4.5,64.6,71.4,175
MCC (Micro Commercial Components),SMAJP4KE75A,Active,R H,Unidirectional,SMA,400,64.1,1,103,4,71.3,78.8,175
MCC (Micro Commercial Components),SMAJP4KE82A,Active,R H,Unidirectional,SMA,400,70.1,1,113,3.6,77.9,86.1,175
MCC (Micro Commercial Components),SMAJP4KE91A,Active,R H,Unidirectional,SMA,400,77.8,1,125,3.3,86.5,95.5,175
MCC (Micro Commercial Components),SMAJP4KE100A,Active,R H,Unidirectional,SMA,400,85.5,1,137,3,95,105,175
MCC (Micro Commercial Components),SMAJP4KE110A,Active,R H,Unidirectional,SMA,400,94,1,152,2.7,105,116,175
MCC (Micro Commercial Components),SMAJP4KE120A,Active,R H,Unidirectional,SMA,400,102,1,165,2.5,114,126,175
MCC (Micro Commercial Components),SMAJP4KE130A,Active,R H,Unidirectional,SMA,400,111,1,179,2.3,124,137,175
MCC (Micro Commercial Components),SMAJP4KE150A,Active,R H,Unidirectional,SMA,400,128,1,207,2,143,158,175
MCC (Micro Commercial Components),SMAJP4KE160A,Active,R H,Unidirectional,SMA,400,136,1,219,1.9,152,168,175
MCC (Micro Commercial Components),SMAJP4KE170A,Active,R H,Unidirectional,SMA,400,145,1,234,1.8,162,179,175
MCC (Micro Commercial Components),SMAJP4KE180A,Active,R H,Unidirectional,SMA,400,154,1,246,1.7,171,189,175
MCC (Micro Commercial Components),SMAJP4KE200A,Active,R H,Unidirectional,SMA,400,171,1,274,1.5,190,210,175
MCC (Micro Commercial Components),SMAJP4KE220A,Active,R H,Unidirectional,SMA,400,185,1,328,1.3,209,231,175
MCC (Micro Commercial Components),SMAJP4KE300A,Active,R H,Unidirectional,SMA,400,256,1,414,1,285,315,175
MCC (Micro Commercial Components),SMAJP4KE350A,Active,R H,Unidirectional,SMA,400,300,1,482,0.9,332,368,175
MCC (Micro Commercial Components),SMAJP4KE400A,Active,R H,Unidirectional,SMA,400,342,1,548,0.8,380,420,175
MCC (Micro Commercial Components),SMAJP4KE440A,Active,R H,Unidirectional,SMA,400,376,1,602,0.7,418,462,175
MCC (Micro Commercial Components),SMAJP4KE480A,Active,R H,Unidirectional,SMA,400,408,1,658,0.6,456,504,175
MCC (Micro Commercial Components),SMAJP4KE510A,Active,R H,Unidirectional,SMA,400,434,1,698,0.6,485,535,175
MCC (Micro Commercial Components),SMAJP4KE530A,Active,R H,Unidirectional,SMA,400,477,1,725,0.6,503.5,556.5,175
MCC (Micro Commercial Components),SMAJP4KE540A,Active,R H,Unidirectional,SMA,400,459,1,740,0.5,513,567,175
MCC (Micro Commercial Components),SMAJP4KE550A,Active,R H,Unidirectional,SMA,400,495,1,760,0.5,522.5,577.5,175
MCC (Micro Commercial Components),SMAJP4KE6.8CA,Active,R H,Bidirectional,SMA,400,5.8,1000,10.5,39,6.45,7.14,175
MCC (Micro Commercial Components),SMAJP4KE7.5CA,Active,R H,Bidirectional,SMA,400,6.4,500,11.3,36.3,7.13,7.88,175
MCC (Micro Commercial Components),SMAJP4KE8.2CA,Active,R H,Bidirectional,SMA,400,7.02,200,12.1,33.9,7.79,8.61,175
MCC (Micro Commercial Components),SMAJP4KE9.1CA,Active,R H,Bidirectional,SMA,400,7.78,50,13.4,30.6,8.65,9.55,175
MCC (Micro Commercial Components),SMAJP4KE10CA,Active,R H,Bidirectional,SMA,400,8.55,10,14.5,28.3,9.5,10.5,175
MCC (Micro Commercial Components),SMAJP4KE11CA,Active,R H,Bidirectional,SMA,400,9.4,5,15.6,26.3,10.5,11.6,175
MCC (Micro Commercial Components),SMAJP4KE12CA,Active,R H,Bidirectional,SMA,400,10.2,5,16.7,24.6,11.4,12.6,175
MCC (Micro Commercial Components),SMAJP4KE13CA,Active,R H,Bidirectional,SMA,400,11.1,1,18.2,22.5,12.4,13.7,175
MCC (Micro Commercial Components),SMAJP4KE15CA,Active,R H,Bidirectional,SMA,400,12.8,1,21.2,19.3,14.3,15.8,175
MCC (Micro Commercial Components),SMAJP4KE16CA,Active,R H,Bidirectional,SMA,400,13.6,1,22.5,18.2,15.2,16.8,175
MCC (Micro Commercial Components),SMAJP4KE18CA,Active,R H,Bidirectional,SMA,400,15.3,1,25.5,16.1,17.1,18.9,175
MCC (Micro Commercial Components),SMAJP4KE20CA,Active,R H,Bidirectional,SMA,400,17.1,1,27.7,14.8,19,21,175
MCC (Micro Commercial Components),SMAJP4KE22CA,Active,R H,Bidirectional,SMA,400,18.8,1,30.6,13.4,20.9,23.1,175
MCC (Micro Commercial Components),SMAJP4KE24CA,Active,R H,Bidirectional,SMA,400,20.5,1,33.2,12.3,22.8,25.2,175
MCC (Micro Commercial Components),SMAJP4KE27CA,Active,R H,Bidirectional,SMA,400,23.1,1,37.5,10.9,25.7,28.4,175
MCC (Micro Commercial Components),SMAJP4KE30CA,Active,R H,Bidirectional,SMA,400,25.6,1,41.4,9.9,28.5,31.5,175
MCC (Micro Commercial Components),SMAJP4KE33CA,Active,R H,Bidirectional,SMA,400,28.2,1,45.7,9,31.4,34.7,175
MCC (Micro Commercial Components),SMAJP4KE36CA,Active,R H,Bidirectional,SMA,400,30.8,1,49.9,8.2,34.2,37.8,175
MCC (Micro Commercial Components),SMAJP4KE39CA,Active,R H,Bidirectional,SMA,400,33.3,1,53.9,7.6,37.1,41,175
MCC (Micro Commercial Components),SMAJP4KE43CA,Active,R H,Bidirectional,SMA,400,36.8,1,59.3,6.9,40.9,45.2,175
MCC (Micro Commercial Components),SMAJP4KE47CA,Active,R H,Bidirectional,SMA,400,40.2,1,64.8,6.3,44.7,49.4,175
MCC (Micro Commercial Components),SMAJP4KE51CA,Active,R H,Bidirectional,SMA,400,43.6,1,70.1,5.8,48.5,53.6,175
MCC (Micro Commercial Components),SMAJP4KE56CA,Active,R H,Bidirectional,SMA,400,47.8,1,77,5.3,53.2,58.8,175
MCC (Micro Commercial Components),SMAJP4KE62CA,Active,R H,Bidirectional,SMA,400,53,1,85,4.8,58.9,65.1,175
MCC (Micro Commercial Components),SMAJP4KE68CA,Active,R H,Bidirectional,SMA,400,58.1,1,92,4.5,64.6,71.4,175
MCC (Micro Commercial Components),SMAJP4KE75CA,Active,R H,Bidirectional,SMA,400,64.1,1,103,4,71.3,78.8,175
MCC (Micro Commercial Components),SMAJP4KE82CA,Active,R H,Bidirectional,SMA,400,70.1,1,113,3.6,77.9,86.1,175
MCC (Micro Commercial Components),SMAJP4KE91CA,Active,R H,Bidirectional,SMA,400,77.8,1,125,3.3,86.5,95.5,175
MCC (Micro Commercial Components),SMAJP4KE100CA,Active,R H,Bidirectional,SMA,400,85.5,1,137,3,95,105,175
MCC (Micro Commercial Components),SMAJP4KE110CA,Active,R H,Bidirectional,SMA,400,94,1,152,2.7,105,116,175
MCC (Micro Commercial Components),SMAJP4KE120CA,Active,R H,Bidirectional,SMA,400,102,1,165,2.5,114,126,175
MCC (Micro Commercial Components),SMAJP4KE130CA,Active,R H,Bidirectional,SMA,400,111,1,179,2.3,124,137,175
MCC (Micro Commercial Components),SMAJP4KE150CA,Active,R H,Bidirectional,SMA,400,128,1,207,2,143,158,175
MCC (Micro Commercial Components),SMAJP4KE160CA,Active,R H,Bidirectional,SMA,400,136,1,219,1.9,152,168,175
MCC (Micro Commercial Components),SMAJP4KE170CA,Active,R H,Bidirectional,SMA,400,145,1,234,1.8,162,179,175
MCC (Micro Commercial Components),SMAJP4KE180CA,Active,R H,Bidirectional,SMA,400,154,1,246,1.7,171,189,175
MCC (Micro Commercial Components),SMAJP4KE200CA,Active,R H,Bidirectional,SMA,400,171,1,274,1.5,190,210,175
MCC (Micro Commercial Components),SMAJP4KE220CA,Active,R H,Bidirectional,SMA,400,185,1,328,1.3,209,231,175
MCC (Micro Commercial Components),SMAJP4KE300CA,Active,R H,Bidirectional,SMA,400,256,1,414,1,285,315,175
MCC (Micro Commercial Components),SMAJP4KE350CA,Active,R H,Bidirectional,SMA,400,300,1,482,0.9,332,368,175
MCC (Micro Commercial Components),SMAJP4KE400CA,Active,R H,Bidirectional,SMA,400,342,1,548,0.8,380,420,175
MCC (Micro Commercial Components),SMAJP4KE440CA,Active,R H,Bidirectional,SMA,400,376,1,602,0.7,418,462,175
MCC (Micro Commercial Components),SMAJP4KE480CA,Active,R H,Bidirectional,SMA,400,408,1,658,0.6,456,504,175
MCC (Micro Commercial Components),SMAJP4KE510CA,Active,R H,Bidirectional,SMA,400,434,1,698,0.6,485,535,175
MCC (Micro Commercial Components),SMAJP4KE530CA,Active,R H,Bidirectional,SMA,400,477,1,725,0.6,503.5,556.5,175
MCC (Micro Commercial Components),SMAJP4KE540CA,Active,R H,Bidirectional,SMA,400,459,1,740,0.5,513,567,175
MCC (Micro Commercial Components),SMAJP4KE550CA,Active,R H,Bidirectional,SMA,400,495,1,760,0.5,522.5,577.5,175
MCC (Micro Commercial Components),SMBJP6KE6.8A,Active,R H,Unidirectional,SMB,600,5.8,1000,10.5,58.1,6.45,7.14,150
MCC (Micro Commercial Components),SMBJP6KE7.5A,Active,R H,Unidirectional,SMB,600,6.4,500,11.3,54,7.13,7.88,150
MCC (Micro Commercial Components),SMBJP6KE8.2A,Active,R H,Unidirectional,SMB,600,7.02,200,12.1,50.4,7.79,8.61,150
MCC (Micro Commercial Components),SMBJP6KE9.1A,Active,R H,Unidirectional,SMB,600,7.78,50,13.4,45.5,8.65,9.55,150
MCC (Micro Commercial Components),SMBJP6KE10A,Active,R H,Unidirectional,SMB,600,8.55,10,14.5,42.1,9.5,10.5,150
MCC (Micro Commercial Components),SMBJP6KE11A,Active,R H,Unidirectional,SMB,600,9.4,5,15.6,39.1,10.5,11.6,150
MCC (Micro Commercial Components),SMBJP6KE12A,Active,R H,Unidirectional,SMB,600,10.2,5,16.7,36.5,11.4,12.6,150
MCC (Micro Commercial Components),SMBJP6KE13A,Active,R H,Unidirectional,SMB,600,11.1,1,18.2,33.5,12.4,13.7,150
MCC (Micro Commercial Components),SMBJP6KE15A,Active,R H,Unidirectional,SMB,600,12.8,1,21.2,28.8,14.3,15.8,150
MCC (Micro Commercial Components),SMBJP6KE16A,Active,R H,Unidirectional,SMB,600,13.6,1,22.5,27.1,15.2,16.8,150
MCC (Micro Commercial Components),SMBJP6KE18A,Active,R H,Unidirectional,SMB,600,15.3,1,25.5,24.2,17.1,18.9,150
MCC (Micro Commercial Components),SMBJP6KE20A,Active,R H,Unidirectional,SMB,600,17.1,1,27.7,22,19,21,150
MCC (Micro Commercial Components),SMBJP6KE22A,Active,R H,Unidirectional,SMB,600,18.8,1,30.6,19.9,20.9,23.1,150
MCC (Micro Commercial Components),SMBJP6KE24A,Active,R H,Unidirectional,SMB,600,20.5,1,33.2,18.4,22.8,25.2,150
MCC (Micro Commercial Components),SMBJP6KE27A,Active,R H,Unidirectional,SMB,600,23.1,1,37.5,16.3,25.7,28.4,150
MCC (Micro Commercial Components),SMBJP6KE30A,Active,R H,Unidirectional,SMB,600,25.6,1,41.4,14.7,28.5,31.5,150
MCC (Micro Commercial Components),SMBJP6KE33A,Active,R H,Unidirectional,SMB,600,28.2,1,45.7,13.3,31.4,34.7,150
MCC (Micro Commercial Components),SMBJP6KE36A,Active,R H,Unidirectional,SMB,600,30.8,1,49.9,12.2,34.2,37.8,150
MCC (Micro Commercial Components),SMBJP6KE39A,Active,R H,Unidirectional,SMB,600,33.3,1,53.9,11.3,37.1,41,150
MCC (Micro Commercial Components),SMBJP6KE43A,Active,R H,Unidirectional,SMB,600,36.8,1,59.3,10.3,40.9,45.2,150
MCC (Micro Commercial Components),SMBJP6KE47A,Active,R H,Unidirectional,SMB,600,40.2,1,64.8,9.4,44.7,49.4,150
MCC (Micro Commercial Components),SMBJP6KE51A,Active,R H,Unidirectional,SMB,600,43.6,1,70.1,8.7,48.5,53.6,150
MCC (Micro Commercial Components),SMBJP6KE56A,Active,R H,Unidirectional,SMB,600,47.8,1,77,7.9,53.2,58.8,150
MCC (Micro Commercial Components),SMBJP6KE62A,Active,R H,Unidirectional,SMB,600,53,1,85,7.2,58.9,65.1,150
MCC (Micro Commercial Components),SMBJP6KE68A,Active,R H,Unidirectional,SMB,600,58.1,1,92,6.6,64.6,71.4,150
MCC (Micro Commercial Components),SMBJP6KE75A,Active,R H,Unidirectional,SMB,600,64.1,1,103,5.9,71.3,78.8,150
MCC (Micro Commercial Components),SMBJP6KE82A,Active,R H,Unidirectional,SMB,600,70.1,1,113,5.4,77.9,86.1,150
MCC (Micro Commercial Components),SMBJP6KE91A,Active,R H,Unidirectional,SMB,600,77.8,1,125,4.9,86.5,95.5,150
MCC (Micro Commercial Components),SMBJP6KE100A,Active,R H,Unidirectional,SMB,600,85.5,1,137,4.5,95,105,150
MCC (Micro Commercial Components),SMBJP6KE110A,Active,R H,Unidirectional,SMB,600,94,1,152,4,105,116,150
MCC (Micro Commercial Components),SMBJP6KE120A,Active,R H,Unidirectional,SMB,600,102,1,165,3.7,114,126,150
MCC (Micro Commercial Components),SMBJP6KE130A,Active,R H,Unidirectional,SMB,600,111,1,179,3.4,124,137,150
MCC (Micro Commercial Components),SMBJP6KE150A,Active,R H,Unidirectional,SMB,600,128,1,207,2.9,143,158,150
MCC (Micro Commercial Components),SMBJP6KE160A,Active,R H,Unidirectional,SMB,600,136,1,219,2.8,152,168,150
MCC (Micro Commercial Components),SMBJP6KE170A,Active,R H,Unidirectional,SMB,600,145,1,234,2.6,162,179,150
MCC (Micro Commercial Components),SMBJP6KE180A,Active,R H,Unidirectional,SMB,600,154,1,246,2.5,171,189,150
MCC (Micro Commercial Components),SMBJP6KE200A,Active,R H,Unidirectional,SMB,600,171,1,274,2.2,190,210,150
MCC (Micro Commercial Components),SMBJP6KE220A,Active,R H,Unidirectional,SMB,600,185,1,328,1.9,209,231,150
MCC (Micro Commercial Components),SMBJP6KE250A,Active,R H,Unidirectional,SMB,600,214,1,344,1.9,237,263,150
MCC (Micro Commercial Components),SMBJP6KE300A,Active,R H,Unidirectional,SMB,600,256,1,414,1.5,285,315,150
MCC (Micro Commercial Components),SMBJP6KE350A,Active,R H,Unidirectional,SMB,600,300,1,482,1.3,332,368,150
MCC (Micro Commercial Components),SMBJP6KE400A,Active,R H,Unidirectional,SMB,600,342,1,548,1.1,380,420,150
MCC (Micro Commercial Components),SMBJP6KE440A,Active,R H,Unidirectional,SMB,600,376,1,602,1,418,462,150
MCC (Micro Commercial Components),SMBJP6KE480A,Active,R H,Unidirectional,SMB,600,408,1,658,0.9,456,504,150
MCC (Micro Commercial Components),SMBJP6KE510A,Active,R H,Unidirectional,SMB,600,434,1,698,0.9,485,535,150
MCC (Micro Commercial Components),SMBJP6KE530A,Active,R H,Unidirectional,SMB,600,451,1,725,0.8,503.5,556.5,150
MCC (Micro Commercial Components),SMBJP6KE540A,Active,R H,Unidirectional,SMB,600,459,1,740,0.8,513,567,150
MCC (Micro Commercial Components),SMBJP6KE550A,Active,R H,Unidirectional,SMB,600,468,1,760,0.8,522.5,577.5,150
MCC (Micro Commercial Components),SMBJP6KE6.8CA,Active,R H,Bidirectional,SMB,600,5.8,1000,10.5,58.1,6.45,7.14,150
MCC (Micro Commercial Components),SMBJP6KE7.5CA,Active,R H,Bidirectional,SMB,600,6.4,500,11.3,54,7.13,7.88,150
MCC (Micro Commercial Components),SMBJP6KE8.2CA,Active,R H,Bidirectional,SMB,600,7.02,200,12.1,50.4,7.79,8.61,150
MCC (Micro Commercial Components),SMBJP6KE9.1CA,Active,R H,Bidirectional,SMB,600,7.78,50,13.4,45.5,8.65,9.55,150
MCC (Micro Commercial Components),SMBJP6KE10CA,Active,R H,Bidirectional,SMB,600,8.55,10,14.5,42.1,9.5,10.5,150
MCC (Micro Commercial Components),SMBJP6KE11CA,Active,R H,Bidirectional,SMB,600,9.4,5,15.6,39.1,10.5,11.6,150
MCC (Micro Commercial Components),SMBJP6KE12CA,Active,R H,Bidirectional,SMB,600,10.2,5,16.7,36.5,11.4,12.6,150
MCC (Micro Commercial Components),SMBJP6KE13CA,Active,R H,Bidirectional,SMB,600,11.1,5,18.2,33.5,12.4,13.7,150
MCC (Micro Commercial Components),SMBJP6KE15CA,Active,R H,Bidirectional,SMB,600,12.8,1,21.2,28.8,14.3,15.8,150
MCC (Micro Commercial Components),SMBJP6KE16CA,Active,R H,Bidirectional,SMB,600,13.6,1,22.5,27.1,15.2,16.8,150
MCC (Micro Commercial Components),SMBJP6KE18CA,Active,R H,Bidirectional,SMB,600,15.3,1,25.5,24.2,17.1,18.9,150
MCC (Micro Commercial Components),SMBJP6KE20CA,Active,R H,Bidirectional,SMB,600,17.1,1,27.7,22,19,21,150
MCC (Micro Commercial Components),SMBJP6KE22CA,Active,R H,Bidirectional,SMB,600,18.8,1,30.6,19.9,20.9,23.1,150
MCC (Micro Commercial Components),SMBJP6KE24CA,Active,R H,Bidirectional,SMB,600,20.5,1,33.2,18.4,22.8,25.2,150
MCC (Micro Commercial Components),SMBJP6KE27CA,Active,R H,Bidirectional,SMB,600,23.1,1,37.5,16.3,25.7,28.4,150
MCC (Micro Commercial Components),SMBJP6KE30CA,Active,R H,Bidirectional,SMB,600,25.6,1,41.4,14.7,28.5,31.5,150
MCC (Micro Commercial Components),SMBJP6KE33CA,Active,R H,Bidirectional,SMB,600,28.2,1,45.7,13.3,31.4,34.7,150
MCC (Micro Commercial Components),SMBJP6KE36CA,Active,R H,Bidirectional,SMB,600,30.8,1,49.9,12.2,34.2,37.8,150
MCC (Micro Commercial Components),SMBJP6KE39CA,Active,R H,Bidirectional,SMB,600,33.3,1,53.9,11.3,37.1,41,150
MCC (Micro Commercial Components),SMBJP6KE43CA,Active,R H,Bidirectional,SMB,600,36.8,1,59.3,10.3,40.9,45.2,150
MCC (Micro Commercial Components),SMBJP6KE47CA,Active,R H,Bidirectional,SMB,600,40.2,1,64.8,9.4,44.7,49.4,150
MCC (Micro Commercial Components),SMBJP6KE51CA,Active,R H,Bidirectional,SMB,600,43.6,1,70.1,8.7,48.5,53.6,150
MCC (Micro Commercial Components),SMBJP6KE56CA,Active,R H,Bidirectional,SMB,600,47.8,1,77,7.9,53.2,58.8,150
MCC (Micro Commercial Components),SMBJP6KE62CA,Active,R H,Bidirectional,SMB,600,53,1,85,7.2,58.9,65.1,150
MCC (Micro Commercial Components),SMBJP6KE68CA,Active,R H,Bidirectional,SMB,600,58.1,1,92,6.6,64.6,71.4,150
MCC (Micro Commercial Components),SMBJP6KE75CA,Active,R H,Bidirectional,SMB,600,64.1,1,103,5.9,71.3,78.8,150
MCC (Micro Commercial Components),SMBJP6KE82CA,Active,R H,Bidirectional,SMB,600,70.1,1,113,5.4,77.9,86.1,150
MCC (Micro Commercial Components),SMBJP6KE91CA,Active,R H,Bidirectional,SMB,600,77.8,1,125,4.9,86.5,95.5,150
MCC (Micro Commercial Components),SMBJP6KE100CA,Active,R H,Bidirectional,SMB,600,85.5,1,137,4.5,95,105,150
MCC (Micro Commercial Components),SMBJP6KE110CA,Active,R H,Bidirectional,SMB,600,94,1,152,4,105,116,150
MCC (Micro Commercial Components),SMBJP6KE120CA,Active,R H,Bidirectional,SMB,600,102,1,165,3.7,114,126,150
MCC (Micro Commercial Components),SMBJP6KE130CA,Active,R H,Bidirectional,SMB,600,111,1,179,3.4,124,137,150
MCC (Micro Commercial Components),SMBJP6KE150CA,Active,R H,Bidirectional,SMB,600,128,1,207,2.9,143,158,150
MCC (Micro Commercial Components),SMBJP6KE160CA,Active,R H,Bidirectional,SMB,600,136,1,219,2.8,152,168,150
MCC (Micro Commercial Components),SMBJP6KE170CA,Active,R H,Bidirectional,SMB,600,145,1,234,2.6,162,179,150
MCC (Micro Commercial Components),SMBJP6KE180CA,Active,R H,Bidirectional,SMB,600,154,1,246,2.5,171,189,150
MCC (Micro Commercial Components),SMBJP6KE200CA,Active,R H,Bidirectional,SMB,600,171,1,274,2.2,190,210,150
MCC (Micro Commercial Components),SMBJP6KE220CA,Active,R H,Bidirectional,SMB,600,185,1,328,1.9,209,231,150
MCC (Micro Commercial Components),SMBJP6KE250CA,Active,R H,Bidirectional,SMB,600,214,1,344,1.9,237,263,150
MCC (Micro Commercial Components),SMBJP6KE300CA,Active,R H,Bidirectional,SMB,600,256,1,414,1.5,285,315,150
MCC (Micro Commercial Components),SMBJP6KE350CA,Active,R H,Bidirectional,SMB,600,300,1,482,1.3,332,368,150
MCC (Micro Commercial Components),SMBJP6KE400CA,Active,R H,Bidirectional,SMB,600,342,1,548,1.1,380,420,150
MCC (Micro Commercial Components),SMBJP6KE440CA,Active,R H,Bidirectional,SMB,600,376,1,602,1,418,462,150
MCC (Micro Commercial Components),SMBJP6KE480CA,Active,R H,Bidirectional,SMB,600,408,1,658,0.9,456,504,150
MCC (Micro Commercial Components),SMBJP6KE510CA,Active,R H,Bidirectional,SMB,600,434,1,698,0.9,485,535,150
MCC (Micro Commercial Components),SMBJP6KE530CA,Active,R H,Bidirectional,SMB,600,451,1,725,0.8,503.5,556.5,150
MCC (Micro Commercial Components),SMBJP6KE540CA,Active,R H,Bidirectional,SMB,600,459,1,740,0.8,513,567,150
MCC (Micro Commercial Components),SMBJP6KE550CA,Active,R H,Bidirectional,SMB,600,468,1,760,0.8,522.5,577.5,150
MCC (Micro Commercial Components),15KP17A,Active,R,Unidirectional,R-6,15000,17,5000,29.3,512,18.9,20.79,175
MCC (Micro Commercial Components),15KP18A,Active,R,Unidirectional,R-6,15000,18,5000,30.9,485,20,22.01,175
MCC (Micro Commercial Components),15KP20A,Active,R,Unidirectional,R-6,15000,20,1500,34.3,437,22.2,24.46,175
MCC (Micro Commercial Components),15KP22A,Active,R,Unidirectional,R-6,15000,22,500,37.1,404,24.4,26.91,175
MCC (Micro Commercial Components),15KP24A,Active,R,Unidirectional,R-6,15000,24,150,40.5,369,26.7,29.35,175
MCC (Micro Commercial Components),15KP26A,Active,R,Unidirectional,R-6,15000,26,50,44,347,28.9,31.8,175
MCC (Micro Commercial Components),15KP28A,Active,R,Unidirectional,R-6,15000,28,25,47.5,316,31.1,34.24,175
MCC (Micro Commercial Components),15KP30A,Active,R,Unidirectional,R-6,15000,30,15,50.7,296,33.3,36.69,175
MCC (Micro Commercial Components),15KP33A,Active,R,Unidirectional,R-6,15000,33,10,54.8,274,36.7,40.4,175
MCC (Micro Commercial Components),15KP36A,Active,R,Unidirectional,R-6,15000,36,10,59.7,251,40,44,175
MCC (Micro Commercial Components),15KP40A,Active,R,Unidirectional,R-6,15000,40,10,65.8,228,44.4,48.9,175
MCC (Micro Commercial Components),15KP43A,Active,R,Unidirectional,R-6,15000,43,10,69.7,215,47.8,52.6,175
MCC (Micro Commercial Components),15KP45A,Active,R,Unidirectional,R-6,15000,45,10,73,205,50,55,175
MCC (Micro Commercial Components),15KP48A,Active,R,Unidirectional,R-6,15000,48,10,77.7,193,53.3,58.7,175
MCC (Micro Commercial Components),15KP51A,Active,R,Unidirectional,R-6,15000,51,10,82.8,181,56.7,62.4,175
MCC (Micro Commercial Components),15KP54A,Active,R,Unidirectional,R-6,15000,54,10,87.5,171,60,66,175
MCC (Micro Commercial Components),15KP58A,Active,R,Unidirectional,R-6,15000,58,10,94,160,64.4,70.9,175
MCC (Micro Commercial Components),15KP60A,Active,R,Unidirectional,R-6,15000,60,10,97.3,154,66.7,73.4,175
MCC (Micro Commercial Components),15KP70A,Active,R,Unidirectional,R-6,15000,70,10,114,132,77.8,85.6,175
MCC (Micro Commercial Components),15KP75A,Active,R,Unidirectional,R-6,15000,75,10,122,123,83.3,91.7,175
MCC (Micro Commercial Components),15KP78A,Active,R,Unidirectional,R-6,15000,78,10,126,119,86.7,95.4,175
MCC (Micro Commercial Components),15KP85A,Active,R,Unidirectional,R-6,15000,85,10,137,109,94.4,104,175
MCC (Micro Commercial Components),15KP90A,Active,R,Unidirectional,R-6,15000,90,10,146,103,100,110.1,175
MCC (Micro Commercial Components),15KP100A,Active,R,Unidirectional,R-6,15000,100,10,162,93,111,122.3,175
MCC (Micro Commercial Components),15KP110A,Active,R,Unidirectional,R-6,15000,110,10,178,84,122,134.5,175
MCC (Micro Commercial Components),15KP120A,Active,R,Unidirectional,R-6,15000,120,10,193,78,133,146.8,175
MCC (Micro Commercial Components),15KP130A,Active,R,Unidirectional,R-6,15000,130,10,209,72,144,159,175
MCC (Micro Commercial Components),15KP150A,Active,R,Unidirectional,R-6,15000,150,10,243,62,167,183.5,175
MCC (Micro Commercial Components),15KP160A,Active,R,Unidirectional,R-6,15000,160,10,259,58,178,195.7,175
MCC (Micro Commercial Components),15KP170A,Active,R,Unidirectional,R-6,15000,170,10,275,55,189,207.9,175
MCC (Micro Commercial Components),15KP180A,Active,R,Unidirectional,R-6,15000,180,10,291,52,200,220.1,175
MCC (Micro Commercial Components),15KP200A,Active,R,Unidirectional,R-6,15000,200,10,322,47,222,244.6,175
MCC (Micro Commercial Components),15KP220A,Active,R,Unidirectional,R-6,15000,220,10,356,42,245,269.1,175
MCC (Micro Commercial Components),15KP240A,Active,R,Unidirectional,R-6,15000,240,10,388,39,267,293.5,175
MCC (Micro Commercial Components),15KP260A,Active,R,Unidirectional,R-6,15000,260,10,419,36,289,318,175
MCC (Micro Commercial Components),15KP280A,Active,R,Unidirectional,R-6,15000,280,10,452,33,311,342.4,175
MCC (Micro Commercial Components),SMAJ180A,Active,R H,Unidirectional,SMA,400,180,1,292,1.4,201,222,175
MCC (Micro Commercial Components),SMAJ200A,Active,R H,Unidirectional,SMA,400,200,1,324,1.2,224,247,175
MCC (Micro Commercial Components),SMAJ220A,Active,R H,Unidirectional,SMA,400,220,1,356,1.1,246,272,175
MCC (Micro Commercial Components),SMAJ250A,Active,R H,Unidirectional,SMA,400,250,1,405,1,279,309,175
MCC (Micro Commercial Components),SMAJ300A,Active,R H,Unidirectional,SMA,400,300,1,486,0.8,335,371,175
MCC (Micro Commercial Components),SMAJ350A,Active,R H,Unidirectional,SMA,400,350,1,567,0.7,391,432,175
MCC (Micro Commercial Components),SMAJ400A,Active,R H,Unidirectional,SMA,400,400,1,648,0.6,447,494,175
MCC (Micro Commercial Components),SMAJ440A,Active,R H,Unidirectional,SMA,400,440,1,713,0.6,492,543,175
MCC (Micro Commercial Components),SMAJ180CA,Active,R H,Bidirectional,SMA,400,180,1,292,1.4,201,222,175
MCC (Micro Commercial Components),SMAJ200CA,Active,R H,Bidirectional,SMA,400,200,1,324,1.2,224,247,175
MCC (Micro Commercial Components),SMAJ220CA,Active,R H,Bidirectional,SMA,400,220,1,356,1.1,246,272,175
MCC (Micro Commercial Components),SMAJ250CA,Active,R H,Bidirectional,SMA,400,250,1,405,1,279,309,175
MCC (Micro Commercial Components),SMAJ300CA,Active,R H,Bidirectional,SMA,400,300,1,486,0.8,335,371,175
MCC (Micro Commercial Components),SMAJ350CA,Active,R H,Bidirectional,SMA,400,350,1,567,0.7,391,432,175
MCC (Micro Commercial Components),SMAJ400CA,Active,R H,Bidirectional,SMA,400,400,1,648,0.6,447,494,175
MCC (Micro Commercial Components),SMAJ440CA,Active,R H,Bidirectional,SMA,400,440,1,713,0.6,492,543,175
MCC (Micro Commercial Components),15KP64A,Active,R,Unidirectional,R-6,15000,64,10,104,144,71.1,78.3,175
MCC (Micro Commercial Components),5.0SMLJ11A,Active,R H,Unidirectional,SMC,5000,11,800,18.2,275,12.2,13.5,175
MCC (Micro Commercial Components),5.0SMLJ12A,Active,R H,Unidirectional,SMC,5000,12,800,19.9,252,13.3,14.7,175
MCC (Micro Commercial Components),5.0SMLJ13A,Active,R H,Unidirectional,SMC,5000,13,500,21.5,233,14.4,15.9,175
MCC (Micro Commercial Components),5.0SMLJ14A,Active,R H,Unidirectional,SMC,5000,14,200,23.2,216,15.6,17.2,175
MCC (Micro Commercial Components),5.0SMLJ15A,Active,R H,Unidirectional,SMC,5000,15,100,24.4,205,16.7,18.5,175
MCC (Micro Commercial Components),5.0SMLJ16A,Active,R H,Unidirectional,SMC,5000,16,50,26,193,17.8,19.7,175
MCC (Micro Commercial Components),5.0SMLJ17A,Active,R H,Unidirectional,SMC,5000,17,20,27.6,181,18.9,20.9,175
MCC (Micro Commercial Components),5.0SMLJ18A,Active,R H,Unidirectional,SMC,5000,18,10,29.2,172,20,22.1,175
MCC (Micro Commercial Components),5.0SMLJ20A,Active,R H,Unidirectional,SMC,5000,20,5,32.4,155,22.2,24.5,175
MCC (Micro Commercial Components),5.0SMLJ22A,Active,R H,Unidirectional,SMC,5000,22,5,35.5,141,24.4,26.9,175
MCC (Micro Commercial Components),5.0SMLJ24A,Active,R H,Unidirectional,SMC,5000,24,5,38.9,129,26.7,29.5,175
MCC (Micro Commercial Components),5.0SMLJ26A,Active,R H,Unidirectional,SMC,5000,26,5,42.1,119,28.9,31.9,175
MCC (Micro Commercial Components),5.0SMLJ28A,Active,R H,Unidirectional,SMC,5000,28,5,45.4,110,31.1,34.4,175
MCC (Micro Commercial Components),5.0SMLJ30A,Active,R H,Unidirectional,SMC,5000,30,5,48.4,103,33.3,36.8,175
MCC (Micro Commercial Components),5.0SMLJ33A,Active,R H,Unidirectional,SMC,5000,33,5,53.3,93.9,36.7,40.6,175
MCC (Micro Commercial Components),5.0SMLJ36A,Active,R H,Unidirectional,SMC,5000,36,5,58.1,86.1,40,44.2,175
MCC (Micro Commercial Components),5.0SMLJ40A,Active,R H,Unidirectional,SMC,5000,40,5,64.5,77.6,44.4,49.1,175
MCC (Micro Commercial Components),5.0SMLJ43A,Active,R H,Unidirectional,SMC,5000,43,5,69.4,72.1,47.8,52.8,175
MCC (Micro Commercial Components),5.0SMLJ45A,Active,R H,Unidirectional,SMC,5000,45,5,72.7,68.8,50,55.3,175
MCC (Micro Commercial Components),5.0SMLJ48A,Active,R H,Unidirectional,SMC,5000,48,5,77.4,64.7,53.3,58.9,175
MCC (Micro Commercial Components),5.0SMLJ51A,Active,R H,Unidirectional,SMC,5000,51,5,82.4,60.7,56.7,62.7,175
MCC (Micro Commercial Components),5.0SMLJ54A,Active,R H,Unidirectional,SMC,5000,54,5,87.1,57.5,60,66.3,175
MCC (Micro Commercial Components),5.0SMLJ58A,Active,R H,Unidirectional,SMC,5000,58,5,93.6,53.5,64.4,71.2,175
MCC (Micro Commercial Components),5.0SMLJ60A,Active,R H,Unidirectional,SMC,5000,60,5,96.8,51.7,66.7,73.7,175
MCC (Micro Commercial Components),5.0SMLJ64A,Active,R H,Unidirectional,SMC,5000,64,5,103,48.6,71.1,78.6,175
MCC (Micro Commercial Components),5.0SMLJ70A,Active,R H,Unidirectional,SMC,5000,70,5,113,44.3,77.8,86,175
MCC (Micro Commercial Components),5.0SMLJ75A,Active,R H,Unidirectional,SMC,5000,75,5,121,41.4,83.3,92.1,175
MCC (Micro Commercial Components),5.0SMLJ78A,Active,R H,Unidirectional,SMC,5000,78,5,126,39.7,86.7,95.8,175
MCC (Micro Commercial Components),5.0SMLJ85A,Active,R H,Unidirectional,SMC,5000,85,5,137,36.5,94.4,104,175
MCC (Micro Commercial Components),5.0SMLJ90A,Active,R H,Unidirectional,SMC,5000,90,5,146,34.3,100,111,175
MCC (Micro Commercial Components),5.0SMLJ100A,Active,R H,Unidirectional,SMC,5000,100,5,162,30.9,111,123,175
MCC (Micro Commercial Components),5.0SMLJ110A,Active,R H,Unidirectional,SMC,5000,110,5,177,28.3,122,135,175
MCC (Micro Commercial Components),5.0SMLJ120A,Active,R H,Unidirectional,SMC,5000,120,5,193,26,133,147,175
MCC (Micro Commercial Components),5.0SMLJ130A,Active,R H,Unidirectional,SMC,5000,130,5,209,24,144,159,175
MCC (Micro Commercial Components),5.0SMLJ150A,Active,R H,Unidirectional,SMC,5000,150,5,243,20.6,167,185,175
MCC (Micro Commercial Components),5.0SMLJ160A,Active,R H,Unidirectional,SMC,5000,160,5,259,19.3,178,197,175
MCC (Micro Commercial Components),5.0SMLJ170A,Active,R H,Unidirectional,SMC,5000,170,5,275,18.2,189,209,175
MCC (Micro Commercial Components),5.0SMLJ11CA,Active,R H,Bidirectional,SMC,5000,11,800,18.2,275,12.2,13.5,175
MCC (Micro Commercial Components),5.0SMLJ12CA,Active,R H,Bidirectional,SMC,5000,12,800,19.9,252,13.3,14.7,175
MCC (Micro Commercial Components),5.0SMLJ13CA,Active,R H,Bidirectional,SMC,5000,13,500,21.5,233,14.4,15.9,175
MCC (Micro Commercial Components),5.0SMLJ14CA,Active,R H,Bidirectional,SMC,5000,14,200,23.2,216,15.6,17.2,175
MCC (Micro Commercial Components),5.0SMLJ15CA,Active,R H,Bidirectional,SMC,5000,15,100,24.4,205,16.7,18.5,175
MCC (Micro Commercial Components),5.0SMLJ16CA,Active,R H,Bidirectional,SMC,5000,16,50,26,193,17.8,19.7,175
MCC (Micro Commercial Components),5.0SMLJ17CA,Active,R H,Bidirectional,SMC,5000,17,20,27.6,181,18.9,20.9,175
MCC (Micro Commercial Components),5.0SMLJ18CA,Active,R H,Bidirectional,SMC,5000,18,10,29.2,172,20,22.1,175
MCC (Micro Commercial Components),5.0SMLJ20CA,Active,R H,Bidirectional,SMC,5000,20,5,32.4,155,22.2,24.5,175
MCC (Micro Commercial Components),5.0SMLJ22CA,Active,R H,Bidirectional,SMC,5000,22,5,35.5,141,24.4,26.9,175
MCC (Micro Commercial Components),5.0SMLJ24CA,Active,R H,Bidirectional,SMC,5000,24,5,38.9,129,26.7,29.5,175
MCC (Micro Commercial Components),5.0SMLJ26CA,Active,R H,Bidirectional,SMC,5000,26,5,42.1,119,28.9,31.9,175
MCC (Micro Commercial Components),5.0SMLJ28CA,Active,R H,Bidirectional,SMC,5000,28,5,45.4,110,31.1,34.4,175
MCC (Micro Commercial Components),5.0SMLJ30CA,Active,R H,Bidirectional,SMC,5000,30,5,48.4,103,33.3,36.8,175
MCC (Micro Commercial Components),5.0SMLJ33CA,Active,R H,Bidirectional,SMC,5000,33,5,53.3,93.9,36.7,40.6,175
MCC (Micro Commercial Components),5.0SMLJ36CA,Active,R H,Bidirectional,SMC,5000,36,5,58.1,86.1,40,44.2,175
MCC (Micro Commercial Components),5.0SMLJ40CA,Active,R H,Bidirectional,SMC,5000,40,5,64.5,77.6,44.4,49.1,175
MCC (Micro Commercial Components),5.0SMLJ43CA,Active,R H,Bidirectional,SMC,5000,43,5,69.4,72.1,47.8,52.8,175
MCC (Micro Commercial Components),5.0SMLJ45CA,Active,R H,Bidirectional,SMC,5000,45,5,72.7,68.8,50,55.3,175
MCC (Micro Commercial Components),P4KE440A,Active,R,Unidirectional,DO-41,400,376,1,602,0.68,418,462,175
MCC (Micro Commercial Components),P4KE480A,Active,R,Unidirectional,DO-41,400,408,1,658,0.61,456,504,175
MCC (Micro Commercial Components),P4KE510A,Active,R,Unidirectional,DO-41,400,434,1,698,0.57,485,535,175
MCC (Micro Commercial Components),P4KE530A,Active,R,Unidirectional,DO-41,400,477,1,725,0.55,503.5,556.5,175
MCC (Micro Commercial Components),P4KE540A,Active,R,Unidirectional,DO-41,400,459,1,740,0.54,513,567,175
MCC (Micro Commercial Components),P4KE550A,Active,R,Unidirectional,DO-41,400,495,1,760,0.52,522.5,577.5,175
MCC (Micro Commercial Components),P4KE440CA,Active,R,Bidirectional,DO-41,400,376,1,602,0.68,418,462,175
MCC (Micro Commercial Components),P4KE480CA,Active,R,Bidirectional,DO-41,400,408,1,658,0.61,456,504,175
MCC (Micro Commercial Components),P4KE510CA,Active,R,Bidirectional,DO-41,400,434,1,698,0.57,485,535,175
MCC (Micro Commercial Components),P4KE530CA,Active,R,Bidirectional,DO-41,400,477,1,725,0.55,503.5,556.5,175
MCC (Micro Commercial Components),P4KE540CA,Active,R,Bidirectional,DO-41,400,459,1,740,0.54,513,567,175
MCC (Micro Commercial Components),P4KE550CA,Active,R,Bidirectional,DO-41,400,495,1,760,0.52,522.5,577.5,175
MCC (Micro Commercial Components),30KP28A,Active,R H,Unidirectional,R-6,30000,28,5000,50,606,31.28,34.24,175
MCC (Micro Commercial Components),30KP30A,Active,R H,Unidirectional,R-6,30000,30,5000,55.2,548.9,33.51,36.69,175
MCC (Micro Commercial Components),30KP33A,Active,R H,Unidirectional,R-6,30000,33,5000,58.5,517.9,36.9,40.4,175
MCC (Micro Commercial Components),30KP36A,Active,R H,Unidirectional,R-6,30000,36,5000,61.8,490.3,40.2,44,175
MCC (Micro Commercial Components),30KP39A,Active,R H,Unidirectional,R-6,30000,39,2000,67.2,450.9,43.6,47.7,175
MCC (Micro Commercial Components),30KP42A,Active,R H,Unidirectional,R-6,30000,42,1000,72,420.8,46.9,51.4,175
MCC (Micro Commercial Components),30KP43A,Active,R H,Unidirectional,R-6,30000,43,1000,73,415.1,48,52.6,175
MCC (Micro Commercial Components),30KP45A,Active,R H,Unidirectional,R-6,30000,45,250,77.4,391.5,50.3,55,175
MCC (Micro Commercial Components),30KP48A,Active,R H,Unidirectional,R-6,30000,48,150,81.6,371.3,53.6,58.7,175
MCC (Micro Commercial Components),30KP51A,Active,R H,Unidirectional,R-6,30000,51,50,86.4,350.7,57,62.4,175
MCC (Micro Commercial Components),30KP54A,Active,R H,Unidirectional,R-6,30000,54,20,91.4,331.5,60.3,66,175
MCC (Micro Commercial Components),30KP58A,Active,R H,Unidirectional,R-6,30000,58,20,92.4,327.9,64.8,70.9,175
MCC (Micro Commercial Components),30KP60A,Active,R H,Unidirectional,R-6,30000,60,15,102,297.1,67,73.4,175
MCC (Micro Commercial Components),30KP64A,Active,R H,Unidirectional,R-6,30000,64,10,104,291.3,71.5,78.3,175
MCC (Micro Commercial Components),30KP66A,Active,R H,Unidirectional,R-6,30000,66,10,107,283.2,73.7,80.7,175
MCC (Micro Commercial Components),30KP70A,Active,R H,Unidirectional,R-6,30000,70,10,109,278,78.2,85.6,175
MCC (Micro Commercial Components),30KP71A,Active,R H,Unidirectional,R-6,30000,71,10,111.5,271.7,79.3,86.8,175
MCC (Micro Commercial Components),30KP72A,Active,R H,Unidirectional,R-6,30000,72,10,114,265.8,80.4,88.1,175
MCC (Micro Commercial Components),30KP75A,Active,R H,Unidirectional,R-6,30000,75,10,119.4,253.8,83.8,91.7,175
MCC (Micro Commercial Components),30KP78A,Active,R H,Unidirectional,R-6,30000,78,10,129,234.9,87.1,95.4,175
MCC (Micro Commercial Components),30KP84A,Active,R H,Unidirectional,R-6,30000,84,10,139.2,217.7,93.8,102.7,175
MCC (Micro Commercial Components),30KP90A,Active,R H,Unidirectional,R-6,30000,90,10,146.4,207,100.5,110.1,175
MCC (Micro Commercial Components),30KP96A,Active,R H,Unidirectional,R-6,30000,96,10,156,194.2,107.2,117.4,175
MCC (Micro Commercial Components),30KP102A,Active,R H,Unidirectional,R-6,30000,102,10,165.6,183,113.9,124.7,175
MCC (Micro Commercial Components),30KP108A,Active,R H,Unidirectional,R-6,30000,108,10,175.2,172.9,120.6,132.1,175
MCC (Micro Commercial Components),30KP120A,Active,R H,Unidirectional,R-6,30000,120,10,194.4,155.9,134,146.8,175
MCC (Micro Commercial Components),30KP132A,Active,R H,Unidirectional,R-6,30000,132,10,213,142.3,147.4,161.4,175
MCC (Micro Commercial Components),30KP144A,Active,R H,Unidirectional,R-6,30000,144,10,223.2,135.8,160.8,176.1,175
MCC (Micro Commercial Components),30KP150A,Active,R H,Unidirectional,R-6,30000,150,10,233.4,129.8,167.6,183.5,175
MCC (Micro Commercial Components),30KP156A,Active,R H,Unidirectional,R-6,30000,156,10,245,123.7,174.3,190.8,175
MCC (Micro Commercial Components),30KP160A,Active,R H,Unidirectional,R-6,30000,160,10,252.6,120,178.7,195.7,175
MCC (Micro Commercial Components),30KP168A,Active,R H,Unidirectional,R-6,30000,168,10,272.4,111.2,187.7,205.5,175
MCC (Micro Commercial Components),30KP170A,Active,R H,Unidirectional,R-6,30000,170,10,275,110.2,189.9,207.9,175
MCC (Micro Commercial Components),30KP180A,Active,R H,Unidirectional,R-6,30000,180,10,290.4,104.3,201.1,220.1,175
MCC (Micro Commercial Components),30KP198A,Active,R H,Unidirectional,R-6,30000,198,10,319.8,94.7,221.2,242.2,175
MCC (Micro Commercial Components),30KP216A,Active,R H,Unidirectional,R-6,30000,216,10,348.6,86.9,241.3,264.2,175
MCC (Micro Commercial Components),30KP240A,Active,R H,Unidirectional,R-6,30000,240,10,387,78.3,268.1,293.5,175
MCC (Micro Commercial Components),30KP258A,Active,R H,Unidirectional,R-6,30000,258,10,416.4,72.8,288.2,315.5,175
MCC (Micro Commercial Components),30KP260A,Active,R H,Unidirectional,R-6,30000,260,10,416,72.8,290.4,318,175
MCC (Micro Commercial Components),30KP270A,Active,R H,Unidirectional,R-6,30000,270,10,436.2,69.5,301.6,330.2,175
MCC (Micro Commercial Components),30KP280A,Active,R H,Unidirectional,R-6,30000,280,10,464,65.3,312.8,342.4,175
MCC (Micro Commercial Components),30KP288A,Active,R H,Unidirectional,R-6,30000,288,10,469.9,64.5,321.7,352.2,175
MCC (Micro Commercial Components),30KP28CA,Active,R H,Bidirectional,R-6,30000,28,5000,50,606,31.28,34.24,175
MCC (Micro Commercial Components),30KP30CA,Active,R H,Bidirectional,R-6,30000,30,5000,55.2,548.9,33.51,36.69,175
MCC (Micro Commercial Components),30KP33CA,Active,R H,Bidirectional,R-6,30000,33,5000,58.5,517.9,36.9,40.4,175
MCC (Micro Commercial Components),30KP36CA,Active,R H,Bidirectional,R-6,30000,36,5000,61.8,490.3,40.2,44,175
MCC (Micro Commercial Components),30KP39CA,Active,R H,Bidirectional,R-6,30000,39,2000,67.2,450.9,43.6,47.7,175
MCC (Micro Commercial Components),30KP42CA,Active,R H,Bidirectional,R-6,30000,42,1000,72,420.8,46.9,51.4,175
MCC (Micro Commercial Components),30KP43CA,Active,R H,Bidirectional,R-6,30000,43,1000,73,415.1,48,52.6,175
MCC (Micro Commercial Components),30KP45CA,Active,R H,Bidirectional,R-6,30000,45,250,77.4,391.5,50.3,55,175
MCC (Micro Commercial Components),30KP48CA,Active,R H,Bidirectional,R-6,30000,48,150,81.6,371.3,53.6,58.7,175
MCC (Micro Commercial Components),30KP51CA,Active,R H,Bidirectional,R-6,30000,51,50,86.4,350.7,57,62.4,175
MCC (Micro Commercial Components),30KP54CA,Active,R H,Bidirectional,R-6,30000,54,20,91.4,331.5,60.3,66,175
MCC (Micro Commercial Components),30KP58CA,Active,R H,Bidirectional,R-6,30000,58,20,92.4,327.9,64.8,70.9,175
MCC (Micro Commercial Components),30KP60CA,Active,R H,Bidirectional,R-6,30000,60,15,102,297.1,67,73.4,175
MCC (Micro Commercial Components),30KP64CA,Active,R H,Bidirectional,R-6,30000,64,10,104,291.3,71.5,78.3,175
MCC (Micro Commercial Components),30KP66CA,Active,R H,Bidirectional,R-6,30000,66,10,107,283.2,73.7,80.7,175
MCC (Micro Commercial Components),30KP70CA,Active,R H,Bidirectional,R-6,30000,70,10,109,278,78.2,85.6,175
MCC (Micro Commercial Components),30KP71CA,Active,R H,Bidirectional,R-6,30000,71,10,111.5,271.7,79.3,86.8,175
MCC (Micro Commercial Components),30KP72CA,Active,R H,Bidirectional,R-6,30000,72,10,114,265.8,80.4,88.1,175
MCC (Micro Commercial Components),30KP75CA,Active,R H,Bidirectional,R-6,30000,75,10,119.4,253.8,83.8,91.7,175
MCC (Micro Commercial Components),30KP78CA,Active,R H,Bidirectional,R-6,30000,78,10,129,234.9,87.1,95.4,175
MCC (Micro Commercial Components),30KP84CA,Active,R H,Bidirectional,R-6,30000,84,10,139.2,217.7,93.8,102.7,175
MCC (Micro Commercial Components),30KP90CA,Active,R H,Bidirectional,R-6,30000,90,10,146.4,207,100.5,110.1,175
MCC (Micro Commercial Components),30KP96CA,Active,R H,Bidirectional,R-6,30000,96,10,156,194.2,107.2,117.4,175
MCC (Micro Commercial Components),30KP102CA,Active,R H,Bidirectional,R-6,30000,102,10,165.6,183,113.9,124.7,175
MCC (Micro Commercial Components),30KP108CA,Active,R H,Bidirectional,R-6,30000,108,10,175.2,172.9,120.6,132.1,175
MCC (Micro Commercial Components),30KP120CA,Active,R H,Bidirectional,R-6,30000,120,10,194.4,155.9,134,146.8,175
MCC (Micro Commercial Components),30KP132CA,Active,R H,Bidirectional,R-6,30000,132,10,213,142.3,147.4,161.4,175
MCC (Micro Commercial Components),30KP144CA,Active,R H,Bidirectional,R-6,30000,144,10,223.2,135.8,160.8,176.1,175
MCC (Micro Commercial Components),30KP150CA,Active,R H,Bidirectional,R-6,30000,150,10,233.4,129.8,167.6,183.5,175
MCC (Micro Commercial Components),30KP156CA,Active,R H,Bidirectional,R-6,30000,156,10,245,123.7,174.3,190.8,175
MCC (Micro Commercial Components),30KP160CA,Active,R H,Bidirectional,R-6,30000,160,10,252.6,120,178.7,195.7,175
MCC (Micro Commercial Components),30KP168CA,Active,R H,Bidirectional,R-6,30000,168,10,272.4,111.2,187.7,205.5,175
MCC (Micro Commercial Components),30KP170CA,Active,R H,Bidirectional,R-6,30000,170,10,275,110.2,189.9,207.9,175
MCC (Micro Commercial Components),30KP180CA,Active,R H,Bidirectional,R-6,30000,180,10,290.4,104.3,201.1,220.1,175
MCC (Micro Commercial Components),30KP198CA,Active,R H,Bidirectional,R-6,30000,198,10,319.8,94.7,221.2,242.2,175
MCC (Micro Commercial Components),30KP216CA,Active,R H,Bidirectional,R-6,30000,216,10,348.6,86.9,241.3,264.2,175
MCC (Micro Commercial Components),30KP240CA,Active,R H,Bidirectional,R-6,30000,240,10,387,78.3,268.1,293.5,175
MCC (Micro Commercial Components),30KP258CA,Active,R H,Bidirectional,R-6,30000,258,10,416.4,72.8,288.2,315.5,175
MCC (Micro Commercial Components),30KP260CA,Active,R H,Bidirectional,R-6,30000,260,10,416,72.8,290.4,318,175
MCC (Micro Commercial Components),30KP270CA,Active,R H,Bidirectional,R-6,30000,270,10,436.2,69.5,301.6,330.2,175
MCC (Micro Commercial Components),30KP280CA,Active,R H,Bidirectional,R-6,30000,280,10,464,65.3,312.8,342.4,175
MCC (Micro Commercial Components),30KP288CA,Active,R H,Bidirectional,R-6,30000,288,10,469.9,64.5,321.7,352.2,175
MCC (Micro Commercial Components),P6KE480A,Active,R,Unidirectional,DO-15,600,408,1,658,0.91,456,504,175
MCC (Micro Commercial Components),P6KE510A,Active,R,Unidirectional,DO-15,600,434,1,698,0.86,485,535,175
MCC (Micro Commercial Components),P6KE540A,Active,R,Unidirectional,DO-15,600,459,1,740,0.81,513,567,175
MCC (Micro Commercial Components),P6KE480CA,Active,R,Bidirectional,DO-15,600,408,1,658,0.91,456,504,175
MCC (Micro Commercial Components),P6KE510CA,Active,R,Bidirectional,DO-15,600,434,1,698,0.86,485,535,175
MCC (Micro Commercial Components),P6KE540CA,Active,R,Bidirectional,DO-15,600,459,1,740,0.81,513,567,175
MCC (Micro Commercial Components),SMCJ250A,Active,R H,Unidirectional,SMC,1500,250,1,405,3.7,279,309,175
MCC (Micro Commercial Components),SMCJ250CA,Active,R H,Bidirectional,SMC,1500,250,1,405,3.7,279,309,175
MCC (Micro Commercial Components),SMCJ300A,Active,R H,Unidirectional,SMC,1500,300,1,486,3.1,335,371,175
MCC (Micro Commercial Components),SMCJ300CA,Active,R H,Bidirectional,SMC,1500,300,1,486,3.1,335,371,175
MCC (Micro Commercial Components),SMCJ350A,Active,R H,Unidirectional,SMC,1500,350,1,567,2.6,391,432,175
MCC (Micro Commercial Components),SMCJ350CA,Active,R H,Bidirectional,SMC,1500,350,1,567,2.6,391,432,175
MCC (Micro Commercial Components),SMCJ400A,Active,R H,Unidirectional,SMC,1500,400,1,648,2.3,447,494,175
MCC (Micro Commercial Components),SMCJ400CA,Active,R H,Bidirectional,SMC,1500,400,1,648,2.3,447,494,175
MCC (Micro Commercial Components),SMCJ440A,Active,R H,Unidirectional,SMC,1500,440,1,713,2.1,492,543,175
MCC (Micro Commercial Components),SMCJ440CA,Active,R H,Bidirectional,SMC,1500,440,1,713,2.1,492,543,175
MCC (Micro Commercial Components),15KP64CA,Active,R,Bidirectional,R-6,15000,64,10,104,144,71.1,78.3,175
MCC (Micro Commercial Components),15KP40CA,Active,R,Bidirectional,R-6,15000,40,10,65.8,228,44.4,48.9,175
MCC (Micro Commercial Components),15KP70CA,Active,R,Bidirectional,R-6,15000,70,10,114,132,77.8,85.6,175
MCC (Micro Commercial Components),15KP75CA,Active,R,Bidirectional,R-6,15000,75,10,122,123,83.3,91.7,175
MCC (Micro Commercial Components),15KP78CA,Active,R,Bidirectional,R-6,15000,78,10,126,119,86.7,95.4,175
MCC (Micro Commercial Components),15KP85CA,Active,R,Bidirectional,R-6,15000,85,10,137,109,94.4,104,175
MCC (Micro Commercial Components),15KP90CA,Active,R,Bidirectional,R-6,15000,90,10,146,103,100,110.1,175
MCC (Micro Commercial Components),15KP100CA,Active,R,Bidirectional,R-6,15000,100,10,162,93,111,122.3,175
MCC (Micro Commercial Components),15KP110CA,Active,R,Bidirectional,R-6,15000,110,10,178,84,122,134.5,175
MCC (Micro Commercial Components),15KP120CA,Active,R,Bidirectional,R-6,15000,120,10,193,78,133,146.8,175
MCC (Micro Commercial Components),15KP130CA,Active,R,Bidirectional,R-6,15000,130,10,209,72,144,159,175
MCC (Micro Commercial Components),15KP150CA,Active,R,Bidirectional,R-6,15000,150,10,243,62,167,183.5,175
MCC (Micro Commercial Components),15KP160CA,Active,R,Bidirectional,R-6,15000,160,10,259,58,178,195.7,175
MCC (Micro Commercial Components),15KP170CA,Active,R,Bidirectional,R-6,15000,170,10,275,55,189,207.9,175
MCC (Micro Commercial Components),15KP180CA,Active,R,Bidirectional,R-6,15000,180,10,291,52,200,220.1,175
MCC (Micro Commercial Components),15KP200CA,Active,R,Bidirectional,R-6,15000,200,10,322,47,222,244.6,175
MCC (Micro Commercial Components),15KP220CA,Active,R,Bidirectional,R-6,15000,220,10,356,42,245,269.1,175
MCC (Micro Commercial Components),15KP240CA,Active,R,Bidirectional,R-6,15000,240,10,388,39,267,293.5,175
MCC (Micro Commercial Components),15KP260CA,Active,R,Bidirectional,R-6,15000,260,10,419,36,289,318,175
MCC (Micro Commercial Components),15KP280CA,Active,R,Bidirectional,R-6,15000,280,10,452,33,311,342.4,175
MCC (Micro Commercial Components),15KP58CA,Active,R,Bidirectional,R-6,15000,58,10,94,160,64.4,70.9,175
MCC (Micro Commercial Components),15KP60CA,Active,R,Bidirectional,R-6,15000,60,10,97.3,154,66.7,73.4,175
MCC (Micro Commercial Components),15KP54CA,Active,R,Bidirectional,R-6,15000,54,10,87.5,171,60,66,175
MCC (Micro Commercial Components),15KP17CA,Active,R,Bidirectional,R-6,15000,17,5000,29.3,512,18.9,20.79,175
MCC (Micro Commercial Components),15KP18CA,Active,R,Bidirectional,R-6,15000,18,5000,30.9,485,20,22.01,175
MCC (Micro Commercial Components),15KP20CA,Active,R,Bidirectional,R-6,15000,20,1500,34.3,437,22.2,24.46,175
MCC (Micro Commercial Components),15KP22CA,Active,R,Bidirectional,R-6,15000,22,500,37.1,404,24.4,26.91,175
MCC (Micro Commercial Components),15KP24CA,Active,R,Bidirectional,R-6,15000,24,150,40.5,369,26.7,29.35,175
MCC (Micro Commercial Components),15KP26CA,Active,R,Bidirectional,R-6,15000,26,50,44,347,28.9,31.8,175
MCC (Micro Commercial Components),15KP28CA,Active,R,Bidirectional,R-6,15000,28,25,47.5,316,31.1,34.24,175
MCC (Micro Commercial Components),15KP30CA,Active,R,Bidirectional,R-6,15000,30,15,50.7,296,33.3,36.69,175
MCC (Micro Commercial Components),15KP33CA,Active,R,Bidirectional,R-6,15000,33,10,54.8,274,36.7,40.4,175
MCC (Micro Commercial Components),15KP36CA,Active,R,Bidirectional,R-6,15000,36,10,59.7,251,40,44,175
MCC (Micro Commercial Components),15KP43CA,Active,R,Bidirectional,R-6,15000,43,10,69.7,215,47.8,52.6,175
MCC (Micro Commercial Components),15KP45CA,Active,R,Bidirectional,R-6,15000,45,10,73,205,50,55,175
MCC (Micro Commercial Components),15KP48CA,Active,R,Bidirectional,R-6,15000,48,10,77.7,193,53.3,58.7,175
MCC (Micro Commercial Components),15KP51CA,Active,R,Bidirectional,R-6,15000,51,10,82.8,181,56.7,62.4,175
MCC (Micro Commercial Components),1.5KE480A,Active,R,Unidirectional,DO-201AE,1500,408,5,658,2.3,456,504,175
MCC (Micro Commercial Components),1.5KE480CA,Active,R,Bidirectional,DO-201AE,1500,408,5,658,2.3,456,504,175
MCC (Micro Commercial Components),1.5KE510A,Active,R,Unidirectional,DO-201AE,1500,434,5,698,2.1,485,535,175
MCC (Micro Commercial Components),1.5KE510CA,Active,R,Bidirectional,DO-201AE,1500,434,5,698,2.1,485,535,175
MCC (Micro Commercial Components),1.5KE530A,Active,R,Unidirectional,DO-201AE,1500,450,5,725,2.1,503.5,556.5,175
MCC (Micro Commercial Components),1.5KE530CA,Active,R,Bidirectional,DO-201AE,1500,450,5,725,2.1,503.5,556.5,175
MCC (Micro Commercial Components),1.5KE540A,Active,R,Unidirectional,DO-201AE,1500,459,5,740,2,513,567,175
MCC (Micro Commercial Components),1.5KE540CA,Active,R,Bidirectional,DO-201AE,1500,459,5,740,2,513,567,175
MCC (Micro Commercial Components),1.5KE550A,Active,R,Unidirectional,DO-201AE,1500,467,5,760,2,522.5,577.5,175
MCC (Micro Commercial Components),1.5KE550CA,Active,R,Bidirectional,DO-201AE,1500,467,5,760,2,522.5,577.5,175
MCC (Micro Commercial Components),SMBJ5.0A,Active,R H,Unidirectional,SMB,600,5,800,9.2,65.2,6.4,7,175
MCC (Micro Commercial Components),SMBJ5.0CA,Active,R H,Bidirectional,SMB,600,5,800,9.2,65.2,6.4,7,175
MCC (Micro Commercial Components),SMF5.0A,Active,R H,Unidirectional,SOD-123FL,200,5,400,9.2,21.7,6.4,7,175
MCC (Micro Commercial Components),SMF6.0A,Active,R H,Unidirectional,SOD-123FL,200,6,400,10.3,19.4,6.67,7.37,175
MCC (Micro Commercial Components),SMF6.5A,Active,R H,Unidirectional,SOD-123FL,200,6.5,250,11.2,17.9,7.22,7.98,175
MCC (Micro Commercial Components),SMF7.0A,Active,R H,Unidirectional,SOD-123FL,200,7,100,12,16.7,7.78,8.6,175
MCC (Micro Commercial Components),SMF7.5A,Active,R H,Unidirectional,SOD-123FL,200,7.5,50,12.9,15.5,8.33,9.21,175
MCC (Micro Commercial Components),SMF8.0A,Active,R H,Unidirectional,SOD-123FL,200,8,25,13.6,14.7,8.89,9.83,175
MCC (Micro Commercial Components),SMF8.5A,Active,R H,Unidirectional,SOD-123FL,200,8.5,10,14.4,13.9,9.44,10.4,175
MCC (Micro Commercial Components),SMF9.0A,Active,R H,Unidirectional,SOD-123FL,200,9,5,15.4,13,10,11.1,175
MCC (Micro Commercial Components),SMF10A,Active,R H,Unidirectional,SOD-123FL,200,10,2.5,17,11.8,11.1,12.3,175
MCC (Micro Commercial Components),SMF11A,Active,R H,Unidirectional,SOD-123FL,200,11,2.5,18.2,11,12.2,13.5,175
MCC (Micro Commercial Components),SMF12A,Active,R H,Unidirectional,SOD-123FL,200,12,2.5,19.9,10.1,13.3,14.7,175
MCC (Micro Commercial Components),SMF13A,Active,R H,Unidirectional,SOD-123FL,200,13,1,21.5,9.3,14.4,15.9,175
MCC (Micro Commercial Components),SMF14A,Active,R H,Unidirectional,SOD-123FL,200,14,1,23.2,8.6,15.6,17.2,175
MCC (Micro Commercial Components),SMF15A,Active,R H,Unidirectional,SOD-123FL,200,15,1,24.4,8.2,16.7,18.5,175
MCC (Micro Commercial Components),SMF16A,Active,R H,Unidirectional,SOD-123FL,200,16,1,26,7.7,17.8,19.7,175
MCC (Micro Commercial Components),SMF17A,Active,R H,Unidirectional,SOD-123FL,200,17,1,27.6,7.2,18.9,20.9,175
MCC (Micro Commercial Components),SMF18A,Active,R H,Unidirectional,SOD-123FL,200,18,1,29.2,6.8,20,22.1,175
MCC (Micro Commercial Components),SMF20A,Active,R H,Unidirectional,SOD-123FL,200,20,1,32.4,6.2,22.2,24.5,175
MCC (Micro Commercial Components),SMF22A,Active,R H,Unidirectional,SOD-123FL,200,22,1,35.5,5.6,24.4,26.9,175
MCC (Micro Commercial Components),SMF24A,Active,R H,Unidirectional,SOD-123FL,200,24,1,38.9,5.1,26.7,29.5,175
MCC (Micro Commercial Components),SMF26A,Active,R H,Unidirectional,SOD-123FL,200,26,1,42.1,4.8,28.9,31.9,175
MCC (Micro Commercial Components),SMF28A,Active,R H,Unidirectional,SOD-123FL,200,28,1,45.4,4.4,31.1,34.4,175
MCC (Micro Commercial Components),SMF30A,Active,R H,Unidirectional,SOD-123FL,200,30,1,48.4,4.1,33.3,36.8,175
MCC (Micro Commercial Components),SMF33A,Active,R H,Unidirectional,SOD-123FL,200,33,1,53.3,3.8,36.7,40.6,175
MCC (Micro Commercial Components),SMF36A,Active,R H,Unidirectional,SOD-123FL,200,36,1,58.1,3.4,40,44.2,175
MCC (Micro Commercial Components),SMF40A,Active,R H,Unidirectional,SOD-123FL,200,40,1,64.5,3.1,44.4,49.1,175
MCC (Micro Commercial Components),SMF43A,Active,R H,Unidirectional,SOD-123FL,200,43,1,69.4,2.9,47.8,52.8,175
MCC (Micro Commercial Components),SMF45A,Active,R H,Unidirectional,SOD-123FL,200,45,1,72.7,2.8,50,55.3,175
MCC (Micro Commercial Components),SMF48A,Active,R H,Unidirectional,SOD-123FL,200,48,1,77.4,2.6,53.3,58.9,175
MCC (Micro Commercial Components),SMF51A,Active,R H,Unidirectional,SOD-123FL,200,51,1,82.4,2.4,56.7,62.7,175
MCC (Micro Commercial Components),SMF54A,Active,R H,Unidirectional,SOD-123FL,200,54,1,87.1,2.3,60,66.3,175
MCC (Micro Commercial Components),SMF58A,Active,R H,Unidirectional,SOD-123FL,200,58,1,93.6,2.1,64.4,71.2,175
MCC (Micro Commercial Components),SMF60A,Active,R H,Unidirectional,SOD-123FL,200,60,1,96.8,1.8,66.7,73.7,175
MCC (Micro Commercial Components),SMF64A,Active,R H,Unidirectional,SOD-123FL,200,64,1,103,1.7,71.1,78.6,175
MCC (Micro Commercial Components),SMF70A,Active,R H,Unidirectional,SOD-123FL,200,70,1,113,1.5,77.8,86,175
MCC (Micro Commercial Components),SMF75A,Active,R H,Unidirectional,SOD-123FL,200,75,1,121,1.4,83.3,92.1,175
MCC (Micro Commercial Components),SMF78A,Active,R H,Unidirectional,SOD-123FL,200,78,1,126,1.4,86.7,95.8,175
MCC (Micro Commercial Components),SMF85A,Active,R H,Unidirectional,SOD-123FL,200,85,1,137,1.3,94.4,104,175
MCC (Micro Commercial Components),SMF90A,Active,R H,Unidirectional,SOD-123FL,200,90,1,146,1.2,100,111,175
MCC (Micro Commercial Components),SMF100A,Active,R H,Unidirectional,SOD-123FL,200,100,1,162,1.1,111,123,175
MCC (Micro Commercial Components),SMF110A,Active,R H,Unidirectional,SOD-123FL,200,110,1,177,1,122,135,175
MCC (Micro Commercial Components),SMF120A,Active,R H,Unidirectional,SOD-123FL,200,120,1,193,0.9,133,147,175
MCC (Micro Commercial Components),SMF130A,Active,R H,Unidirectional,SOD-123FL,200,130,1,209,0.8,144,159,175
MCC (Micro Commercial Components),SMF150A,Active,R H,Unidirectional,SOD-123FL,200,150,1,243,0.7,167,185,175
MCC (Micro Commercial Components),SMF160A,Active,R H,Unidirectional,SOD-123FL,200,160,1,259,0.7,178,197,175
MCC (Micro Commercial Components),SMF170A,Active,R H,Unidirectional,SOD-123FL,200,170,1,275,0.6,189,209,175
MCC (Micro Commercial Components),SMF5.0CA,Active,R H,Bidirectional,SOD-123FL,200,5,400,9.2,21.7,6.4,7,175
MCC (Micro Commercial Components),SMF6.0CA,Active,R H,Bidirectional,SOD-123FL,200,6,400,10.3,19.4,6.67,7.37,175
MCC (Micro Commercial Components),SMF6.5CA,Active,R H,Bidirectional,SOD-123FL,200,6.5,250,11.2,17.9,7.22,7.98,175
MCC (Micro Commercial Components),SMF7.0CA,Active,R H,Bidirectional,SOD-123FL,200,7,100,12,16.7,7.78,8.6,175
MCC (Micro Commercial Components),SMF7.5CA,Active,R H,Bidirectional,SOD-123FL,200,7.5,50,12.9,15.5,8.33,9.21,175
MCC (Micro Commercial Components),SMF8.0CA,Active,R H,Bidirectional,SOD-123FL,200,8,25,13.6,14.7,8.89,9.83,175
MCC (Micro Commercial Components),SMF8.5CA,Active,R H,Bidirectional,SOD-123FL,200,8.5,10,14.4,13.9,9.44,10.4,175
MCC (Micro Commercial Components),SMF9.0CA,Active,R H,Bidirectional,SOD-123FL,200,9,5,15.4,13,10,11.1,175
MCC (Micro Commercial Components),SMF10CA,Active,R H,Bidirectional,SOD-123FL,200,10,2.5,17,11.8,11.1,12.3,175
MCC (Micro Commercial Components),SMF11CA,Active,R H,Bidirectional,SOD-123FL,200,11,2.5,18.2,11,12.2,13.5,175
MCC (Micro Commercial Components),SMF12CA,Active,R H,Bidirectional,SOD-123FL,200,12,2.5,19.9,10.1,13.3,14.7,175
MCC (Micro Commercial Components),SMF13CA,Active,R H,Bidirectional,SOD-123FL,200,13,1,21.5,9.3,14.4,15.9,175
MCC (Micro Commercial Components),SMF14CA,Active,R H,Bidirectional,SOD-123FL,200,14,1,23.2,8.6,15.6,17.2,175
MCC (Micro Commercial Components),SMF15CA,Active,R H,Bidirectional,SOD-123FL,200,15,1,24.4,8.2,16.7,18.5,175
MCC (Micro Commercial Components),SMF16CA,Active,R H,Bidirectional,SOD-123FL,200,16,1,26,7.7,17.8,19.7,175
MCC (Micro Commercial Components),SMF17CA,Active,R H,Bidirectional,SOD-123FL,200,17,1,27.6,7.2,18.9,20.9,175
MCC (Micro Commercial Components),SMF18CA,Active,R H,Bidirectional,SOD-123FL,200,18,1,29.2,6.8,20,22.1,175
MCC (Micro Commercial Components),SMF20CA,Active,R H,Bidirectional,SOD-123FL,200,20,1,32.4,6.2,22.2,24.5,175
MCC (Micro Commercial Components),SMF22CA,Active,R H,Bidirectional,SOD-123FL,200,22,1,35.5,5.6,24.4,26.9,175
MCC (Micro Commercial Components),SMF24CA,Active,R H,Bidirectional,SOD-123FL,200,24,1,38.9,5.1,26.7,29.5,175
MCC (Micro Commercial Components),SMF26CA,Active,R H,Bidirectional,SOD-123FL,200,26,1,42.1,4.8,28.9,31.9,175
MCC (Micro Commercial Components),SMF28CA,Active,R H,Bidirectional,SOD-123FL,200,28,1,45.4,4.4,31.1,34.4,175
MCC (Micro Commercial Components),SMF30CA,Active,R H,Bidirectional,SOD-123FL,200,30,1,48.4,4.1,33.3,36.8,175
MCC (Micro Commercial Components),SMF33CA,Active,R H,Bidirectional,SOD-123FL,200,33,1,53.3,3.8,36.7,40.6,175
MCC (Micro Commercial Components),SMF36CA,Active,R H,Bidirectional,SOD-123FL,200,36,1,58.1,3.4,40,44.2,175
MCC (Micro Commercial Components),SMF40CA,Active,R H,Bidirectional,SOD-123FL,200,40,1,64.5,3.1,44.4,49.1,175
MCC (Micro Commercial Components),SMF43CA,Active,R H,Bidirectional,SOD-123FL,200,43,1,69.4,2.9,47.8,52.8,175
MCC (Micro Commercial Components),SMF45CA,Active,R H,Bidirectional,SOD-123FL,200,45,1,72.7,2.8,50,55.3,175
MCC (Micro Commercial Components),SMF48CA,Active,R H,Bidirectional,SOD-123FL,200,48,1,77.4,2.6,53.3,58.9,175
MCC (Micro Commercial Components),SMF51CA,Active,R H,Bidirectional,SOD-123FL,200,51,1,82.4,2.4,56.7,62.7,175
MCC (Micro Commercial Components),SMF54CA,Active,R H,Bidirectional,SOD-123FL,200,54,1,87.1,2.3,60,66.3,175
MCC (Micro Commercial Components),SMF58CA,Active,R H,Bidirectional,SOD-123FL,200,58,1,93.6,2.1,64.4,71.2,175
MCC (Micro Commercial Components),SMF60CA,Active,R H,Bidirectional,SOD-123FL,200,60,1,96.8,1.8,66.7,73.7,175
MCC (Micro Commercial Components),SMF64CA,Active,R H,Bidirectional,SOD-123FL,200,64,1,103,1.7,71.1,78.6,175
MCC (Micro Commercial Components),SMF70CA,Active,R H,Bidirectional,SOD-123FL,200,70,1,113,1.5,77.8,86,175
MCC (Micro Commercial Components),SMF75CA,Active,R H,Bidirectional,SOD-123FL,200,75,1,121,1.4,83.3,92.1,175
MCC (Micro Commercial Components),SMF78CA,Active,R H,Bidirectional,SOD-123FL,200,78,1,126,1.4,86.7,95.8,175
MCC (Micro Commercial Components),SMF85CA,Active,R H,Bidirectional,SOD-123FL,200,85,1,137,1.3,94.4,104,175
MCC (Micro Commercial Components),SMF90CA,Active,R H,Bidirectional,SOD-123FL,200,90,1,146,1.2,100,111,175
MCC (Micro Commercial Components),SMF100CA,Active,R H,Bidirectional,SOD-123FL,200,100,1,162,1.1,111,123,175
MCC (Micro Commercial Components),SMF110CA,Active,R H,Bidirectional,SOD-123FL,200,110,1,177,1,122,135,175
MCC (Micro Commercial Components),SMF120CA,Active,R H,Bidirectional,SOD-123FL,200,120,1,193,0.9,133,147,175
MCC (Micro Commercial Components),SMF130CA,Active,R H,Bidirectional,SOD-123FL,200,130,1,209,0.8,144,159,175
MCC (Micro Commercial Components),SMF150CA,Active,R H,Bidirectional,SOD-123FL,200,150,1,243,0.7,167,185,175
MCC (Micro Commercial Components),SMF160CA,Active,R H,Bidirectional,SOD-123FL,200,160,1,259,0.7,178,197,175
MCC (Micro Commercial Components),SMF170CA,Active,R H,Bidirectional,SOD-123FL,200,170,1,275,0.6,189,209,175
MCC (Micro Commercial Components),SMA6J5.0A,Active,R H,Unidirectional,SMA,600,5,800,9.2,65.2,6.4,7,175
MCC (Micro Commercial Components),SMA6J6.0A,Active,R H,Unidirectional,SMA,600,6,800,10.3,58.3,6.67,7.37,175
MCC (Micro Commercial Components),SMA6J9.0A,Active,R H,Unidirectional,SMA,600,9,5,15.4,39,10,11.1,175
MCC (Micro Commercial Components),SMA6J10A,Active,R H,Unidirectional,SMA,600,10,1,17,35.3,11.1,12.3,175
MCC (Micro Commercial Components),SMA6J11A,Active,R H,Unidirectional,SMA,600,11,1,18.2,33,12.2,13.5,175
MCC (Micro Commercial Components),SMA6J12A,Active,R H,Unidirectional,SMA,600,12,1,19.9,30.2,13.3,14.7,175
MCC (Micro Commercial Components),SMA6J13A,Active,R H,Unidirectional,SMA,600,13,1,21.5,27.9,14.4,15.9,175
MCC (Micro Commercial Components),SMA6J14A,Active,R H,Unidirectional,SMA,600,14,1,23.2,25.9,15.6,17.2,175
MCC (Micro Commercial Components),SMA6J15A,Active,R H,Unidirectional,SMA,600,15,1,24.4,24.6,16.7,18.5,175
MCC (Micro Commercial Components),SMA6J16A,Active,R H,Unidirectional,SMA,600,16,1,26,23.1,17.8,19.7,175
MCC (Micro Commercial Components),SMA6J17A,Active,R H,Unidirectional,SMA,600,17,1,27.6,21.7,18.9,20.9,175
MCC (Micro Commercial Components),SMA6J18A,Active,R H,Unidirectional,SMA,600,18,1,29.2,20.5,20,22.1,175
MCC (Micro Commercial Components),SMA6J19A,Active,R H,Unidirectional,SMA,600,19,1,30.8,19.5,21.1,23.3,175
MCC (Micro Commercial Components),SMA6J20A,Active,R H,Unidirectional,SMA,600,20,1,32.4,18.5,22.2,24.5,175
MCC (Micro Commercial Components),SMA6J22A,Active,R H,Unidirectional,SMA,600,22,1,35.5,16.9,24.4,26.9,175
MCC (Micro Commercial Components),SMA6J24A,Active,R H,Unidirectional,SMA,600,24,1,38.9,15.4,26.7,29.5,175
MCC (Micro Commercial Components),SMA6J26A,Active,R H,Unidirectional,SMA,600,26,1,42.1,14.3,28.9,31.9,175
MCC (Micro Commercial Components),SMA6J33A,Active,R H,Unidirectional,SMA,600,33,1,53.3,11.3,36.7,40.6,175
MCC (Micro Commercial Components),SMA6J9.0CA,Active,R H,Bidirectional,SMA,600,9,5,15.4,39,10,11.1,175
MCC (Micro Commercial Components),SMA6J10CA,Active,R H,Bidirectional,SMA,600,10,1,17,35.3,11.1,12.3,175
MCC (Micro Commercial Components),SMA6J11CA,Active,R H,Bidirectional,SMA,600,11,1,18.2,33,12.2,13.5,175
MCC (Micro Commercial Components),SMA6J12CA,Active,R H,Bidirectional,SMA,600,12,1,19.9,30.2,13.3,14.7,175
MCC (Micro Commercial Components),SMA6J13CA,Active,R H,Bidirectional,SMA,600,13,1,21.5,27.9,14.4,15.9,175
MCC (Micro Commercial Components),SMA6J14CA,Active,R H,Bidirectional,SMA,600,14,1,23.2,25.9,15.6,17.2,175
MCC (Micro Commercial Components),SMA6J15CA,Active,R H,Bidirectional,SMA,600,15,1,24.4,24.6,16.7,18.5,175
MCC (Micro Commercial Components),SMA6J16CA,Active,R H,Bidirectional,SMA,600,16,1,26,23.1,17.8,19.7,175
MCC (Micro Commercial Components),SMA6J17CA,Active,R H,Bidirectional,SMA,600,17,1,27.6,21.7,18.9,20.9,175
MCC (Micro Commercial Components),SMA6J24CA,Active,R H,Bidirectional,SMA,600,24,1,38.9,15.4,26.7,29.5,175
MCC (Micro Commercial Components),SMA6J28CA,Active,R H,Bidirectional,SMA,600,28,1,45.4,13.2,31.1,34.4,175
MCC (Micro Commercial Components),5KP120A,Active,R,Unidirectional,R-6,5000,120,10,193,26.4,133,147,175
MCC (Micro Commercial Components),5KP120CA,Active,R,Bidirectional,R-6,5000,120,10,193,26.4,133,147,175
MCC (Micro Commercial Components),5KP130A,Active,R,Unidirectional,R-6,5000,130,10,209,24.4,144,159,175
MCC (Micro Commercial Components),5KP130CA,Active,R,Bidirectional,R-6,5000,130,10,209,24.4,144,159,175
MCC (Micro Commercial Components),5KP150A,Active,R,Unidirectional,R-6,5000,150,10,243,21,167,185,175
MCC (Micro Commercial Components),5KP150CA,Active,R,Bidirectional,R-6,5000,150,10,243,21,167,185,175
MCC (Micro Commercial Components),5KP160A,Active,R,Unidirectional,R-6,5000,160,10,259,19.7,178,197,175
MCC (Micro Commercial Components),5KP160CA,Active,R,Bidirectional,R-6,5000,160,10,259,19.7,178,197,175
MCC (Micro Commercial Components),5KP170A,Active,R,Unidirectional,R-6,5000,170,10,275,18.5,189,209,175
MCC (Micro Commercial Components),5KP170CA,Active,R,Bidirectional,R-6,5000,170,10,275,18.5,189,209,175
MCC (Micro Commercial Components),5KP180A,Active,R,Unidirectional,R-6,5000,180,10,292,17.5,200,221,175
MCC (Micro Commercial Components),5KP180CA,Active,R,Bidirectional,R-6,5000,180,10,292,17.5,200,221,175
MCC (Micro Commercial Components),5KP190A,Active,R,Unidirectional,R-6,5000,190,10,310,16.5,211,233,175
MCC (Micro Commercial Components),5KP190CA,Active,R,Bidirectional,R-6,5000,190,10,310,16.5,211,233,175
MCC (Micro Commercial Components),5KP200A,Active,R,Unidirectional,R-6,5000,200,10,329.2,15.5,222,246,175
MCC (Micro Commercial Components),5KP200CA,Active,R,Bidirectional,R-6,5000,200,10,329.2,15.5,222,246,175
MCC (Micro Commercial Components),5KP210A,Active,R,Unidirectional,R-6,5000,210,10,349.5,14.6,233,258,175
MCC (Micro Commercial Components),5KP210CA,Active,R,Bidirectional,R-6,5000,210,10,349.5,14.6,233,258,175
MCC (Micro Commercial Components),5KP220A,Active,R,Unidirectional,R-6,5000,220,10,371.1,13.7,244,270,175
MCC (Micro Commercial Components),5KP220CA,Active,R,Bidirectional,R-6,5000,220,10,371.1,13.7,244,270,175
MCC (Micro Commercial Components),5KP250A,Active,R,Unidirectional,R-6,5000,250,10,425,12,277,306,175
MCC (Micro Commercial Components),5KP250CA,Active,R,Bidirectional,R-6,5000,250,10,425,12,277,306,175
MCC (Micro Commercial Components),P6KE600A,Active,R,Unidirectional,DO-15,600,512,1,828,0.75,570,630,175
MCC (Micro Commercial Components),P6KE600CA,Active,R,Bidirectional,DO-15,600,512,1,828,0.75,570,630,175
MCC (Micro Commercial Components),5.0SMLJ48CA,Active,R H,Bidirectional,SMC,5000,48,5,77.4,64.7,53.3,58.9,175
MCC (Micro Commercial Components),5.0SMLJ51CA,Active,R H,Bidirectional,SMC,5000,51,5,82.4,60.7,56.7,62.7,175
MCC (Micro Commercial Components),5.0SMLJ54CA,Active,R H,Bidirectional,SMC,5000,54,5,87.1,57.5,60,66.3,175
MCC (Micro Commercial Components),5.0SMLJ58CA,Active,R H,Bidirectional,SMC,5000,58,5,93.6,53.5,64.4,71.2,175
MCC (Micro Commercial Components),5.0SMLJ60CA,Active,R H,Bidirectional,SMC,5000,60,5,96.8,51.7,66.7,73.7,175
MCC (Micro Commercial Components),5.0SMLJ64CA,Active,R H,Bidirectional,SMC,5000,64,5,103,48.6,71.1,78.6,175
MCC (Micro Commercial Components),5.0SMLJ70CA,Active,R H,Bidirectional,SMC,5000,70,5,113,44.3,77.8,86,175
MCC (Micro Commercial Components),5.0SMLJ75CA,Active,R H,Bidirectional,SMC,5000,75,5,121,41.4,83.3,92.1,175
MCC (Micro Commercial Components),5.0SMLJ78CA,Active,R H,Bidirectional,SMC,5000,78,5,126,39.7,86.7,95.8,175
MCC (Micro Commercial Components),5.0SMLJ85CA,Active,R H,Bidirectional,SMC,5000,85,5,137,36.5,94.4,104,175
MCC (Micro Commercial Components),5.0SMLJ90CA,Active,R H,Bidirectional,SMC,5000,90,5,146,34.3,100,111,175
MCC (Micro Commercial Components),5.0SMLJ100CA,Active,R H,Bidirectional,SMC,5000,100,5,162,30.9,111,123,175
MCC (Micro Commercial Components),5.0SMLJ110CA,Active,R H,Bidirectional,SMC,5000,110,5,177,28.3,122,135,175
MCC (Micro Commercial Components),5.0SMLJ120CA,Active,R H,Bidirectional,SMC,5000,120,5,193,26,133,147,175
MCC (Micro Commercial Components),5.0SMLJ130CA,Active,R H,Bidirectional,SMC,5000,130,5,209,24,144,159,175
MCC (Micro Commercial Components),5.0SMLJ150CA,Active,R H,Bidirectional,SMC,5000,150,5,243,20.6,167,185,175
MCC (Micro Commercial Components),5.0SMLJ160CA,Active,R H,Bidirectional,SMC,5000,160,5,259,19.3,178,197,175
MCC (Micro Commercial Components),5.0SMLJ170CA,Active,R H,Bidirectional,SMC,5000,170,5,275,18.2,189,209,175
MCC (Micro Commercial Components),AK1-076C,Active,R,Bidirectional,AK,,76,20,135,1000,83,,150
MCC (Micro Commercial Components),AK3-058C,Active,R,Bidirectional,AK,,58,20,110,3000,64,,150
MCC (Micro Commercial Components),AK3-066C,Active,R,Bidirectional,AK,,66,20,125,3000,70,,150
MCC (Micro Commercial Components),AK3-076C,Active,R,Bidirectional,AK,,76,20,140,3000,85,,150
MCC (Micro Commercial Components),AK3-380C,Active,R,Bidirectional,AK,,380,20,520,3000,401,,150
MCC (Micro Commercial Components),AK3-430C,Active,R,Bidirectional,AK,,430,20,625,3000,440,,150
MCC (Micro Commercial Components),AK6-058C,Active,R,Bidirectional,AK,,58,20,110,6000,64,,150
MCC (Micro Commercial Components),AK6-066C,Active,R,Bidirectional,AK,,66,20,125,6000,70,,150
MCC (Micro Commercial Components),AK6-076C,Active,R,Bidirectional,AK,,76,20,135,6000,83,,150
MCC (Micro Commercial Components),AK6-170C,Active,R,Bidirectional,AK,,170,20,260,6000,180,,150
MCC (Micro Commercial Components),AK6-190C,Active,R,Bidirectional,AK,,190,20,290,6000,200,,150
MCC (Micro Commercial Components),AK6-240C,Active,R,Bidirectional,AK,,240,20,340,6000,250,,150
MCC (Micro Commercial Components),AK6-380C,Active,R,Bidirectional,AK,,380,20,520,6000,401,,150
MCC (Micro Commercial Components),AK6-430C,Active,R,Bidirectional,AK,,430,20,625,6000,440,,150
MCC (Micro Commercial Components),AK10-058C,Active,R,Bidirectional,AK,,58,20,110,10000,64,,150
MCC (Micro Commercial Components),AK10-066C,Active,R,Bidirectional,AK,,66,20,125,10000,70,,150
MCC (Micro Commercial Components),AK10-076C,Active,R,Bidirectional,AK,,76,20,135,10000,83,,150
MCC (Micro Commercial Components),AK10-170C,Active,R,Bidirectional,AK,,170,20,260,10000,180,,150
MCC (Micro Commercial Components),AK10-190C,Active,R,Bidirectional,AK,,190,20,290,10000,200,,150
MCC (Micro Commercial Components),AK10-200C,Active,R,Bidirectional,AK,,200,20,330,10000,222,,150
MCC (Micro Commercial Components),AK10-240C,Active,R,Bidirectional,AK,,240,20,340,10000,250,,150
MCC (Micro Commercial Components),AK10-380C,Active,R,Bidirectional,AK,,380,20,520,10000,401,,150
MCC (Micro Commercial Components),AK10-430C,Active,R,Bidirectional,AK,,430,20,625,10000,440,,150
MCC (Micro Commercial Components),AK15-058C,Active,R,Bidirectional,AK,,58,20,110,15000,64,,150
MCC (Micro Commercial Components),AK15-076C,Active,R,Bidirectional,AK,,76,20,145,15000,85,,150
MCC (Micro Commercial Components),SMLJ180CA,Active,R H,Bidirectional,SMC,3000,180,2,291.6,10.29,200,220,175
MCC (Micro Commercial Components),SMLJ190CA,Active,R H,Bidirectional,SMC,3000,190,2,307.8,9.75,211,232,175
MCC (Micro Commercial Components),SMLJ200CA,Active,R H,Bidirectional,SMC,3000,200,2,324,9.26,224,247,175
MCC (Micro Commercial Components),SMLJ220CA,Active,R H,Bidirectional,SMC,3000,220,2,356,8.43,246,272,175
MCC (Micro Commercial Components),SMLJ250CA,Active,R H,Bidirectional,SMC,3000,250,2,405,7.41,279,309,175
MCC (Micro Commercial Components),SMLJ300CA,Active,R H,Bidirectional,SMC,3000,300,2,486,6.17,335,371,175
MCC (Micro Commercial Components),SMLJ350CA,Active,R H,Bidirectional,SMC,3000,350,2,567,5.29,391,432,175
MCC (Micro Commercial Components),SMLJ400CA,Active,R H,Bidirectional,SMC,3000,400,2,648,4.63,447,494,175
MCC (Micro Commercial Components),SMLJ440CA,Active,R H,Bidirectional,SMC,3000,440,2,713,4.21,492,543,175
MCC (Micro Commercial Components),SMLJ180A,Active,R H,Unidirectional,SMC,3000,180,2,291.6,10.29,200,220,175
MCC (Micro Commercial Components),SMLJ190A,Active,R H,Unidirectional,SMC,3000,190,2,307.8,9.75,211,232,175
MCC (Micro Commercial Components),SMLJ200A,Active,R H,Unidirectional,SMC,3000,200,2,324,9.26,224,247,175
MCC (Micro Commercial Components),SMLJ220A,Active,R H,Unidirectional,SMC,3000,220,2,356,8.43,246,272,175
MCC (Micro Commercial Components),SMLJ250A,Active,R H,Unidirectional,SMC,3000,250,2,405,7.41,279,309,175
MCC (Micro Commercial Components),SMLJ300A,Active,R H,Unidirectional,SMC,3000,300,2,486,6.17,335,371,175
MCC (Micro Commercial Components),SMLJ350A,Active,R H,Unidirectional,SMC,3000,350,2,567,5.29,391,432,175
MCC (Micro Commercial Components),SMLJ400A,Active,R H,Unidirectional,SMC,3000,400,2,648,4.63,447,494,175
MCC (Micro Commercial Components),SMLJ440A,Active,R H,Unidirectional,SMC,3000,440,2,713,4.21,492,543,175
MCC (Micro Commercial Components),5.0SMLJ11AHE3,Active,A R H,Unidirectional,SMC,5000,11,2,18.2,275,12.2,13.5,175
MCC (Micro Commercial Components),5.0SMLJ12AHE3,Active,A R H,Unidirectional,SMC,5000,12,2,19.9,252,13.3,14.7,175
MCC (Micro Commercial Components),5.0SMLJ13AHE3,Active,A R H,Unidirectional,SMC,5000,13,2,21.5,233,14.4,15.9,175
MCC (Micro Commercial Components),5.0SMLJ14AHE3,Active,A R H,Unidirectional,SMC,5000,14,2,23.2,216,15.6,17.2,175
MCC (Micro Commercial Components),5.0SMLJ15AHE3,Active,A R H,Unidirectional,SMC,5000,15,2,24.4,205,16.7,18.5,175
MCC (Micro Commercial Components),5.0SMLJ16AHE3,Active,A R H,Unidirectional,SMC,5000,16,2,26,193,17.8,19.7,175
MCC (Micro Commercial Components),5.0SMLJ17AHE3,Active,A R H,Unidirectional,SMC,5000,17,2,27.6,181,18.9,20.9,175
MCC (Micro Commercial Components),5.0SMLJ18AHE3,Active,A R H,Unidirectional,SMC,5000,18,2,29.2,172,20,22.1,175
MCC (Micro Commercial Components),5.0SMLJ20AHE3,Active,A R H,Unidirectional,SMC,5000,20,2,32.4,155,22.2,24.5,175
MCC (Micro Commercial Components),5.0SMLJ22AHE3,Active,A R H,Unidirectional,SMC,5000,22,2,35.5,141,24.4,26.9,175
MCC (Micro Commercial Components),5.0SMLJ24AHE3,Active,A R H,Unidirectional,SMC,5000,24,2,38.9,129,26.7,29.5,175
MCC (Micro Commercial Components),5.0SMLJ26AHE3,Active,A R H,Unidirectional,SMC,5000,26,2,42.1,119,28.9,31.9,175
MCC (Micro Commercial Components),5.0SMLJ28AHE3,Active,A R H,Unidirectional,SMC,5000,28,2,45.4,110,31.1,34.4,175
MCC (Micro Commercial Components),5.0SMLJ30AHE3,Active,A R H,Unidirectional,SMC,5000,30,2,48.4,103,33.3,36.8,175
MCC (Micro Commercial Components),5.0SMLJ33AHE3,Active,A R H,Unidirectional,SMC,5000,33,2,53.3,93.9,36.7,40.6,175
MCC (Micro Commercial Components),5.0SMLJ36AHE3,Active,A R H,Unidirectional,SMC,5000,36,2,58.1,86.1,40,44.2,175
MCC (Micro Commercial Components),5.0SMLJ40AHE3,Active,A R H,Unidirectional,SMC,5000,40,2,64.5,77.6,44.4,49.1,175
MCC (Micro Commercial Components),5.0SMLJ43AHE3,Active,A R H,Unidirectional,SMC,5000,43,2,69.4,72.1,47.8,52.8,175
MCC (Micro Commercial Components),5.0SMLJ45AHE3,Active,A R H,Unidirectional,SMC,5000,45,2,72.7,68.8,50,55.3,175
MCC (Micro Commercial Components),5.0SMLJ48AHE3,Active,A R H,Unidirectional,SMC,5000,48,2,77.4,64.7,53.3,58.9,175
MCC (Micro Commercial Components),5.0SMLJ51AHE3,Active,A R H,Unidirectional,SMC,5000,51,2,82.4,60.7,56.7,62.7,175
MCC (Micro Commercial Components),5.0SMLJ54AHE3,Active,A R H,Unidirectional,SMC,5000,54,2,87.1,57.5,60,66.3,175
MCC (Micro Commercial Components),5.0SMLJ58AHE3,Active,A R H,Unidirectional,SMC,5000,58,2,93.6,53.5,64.4,71.2,175
MCC (Micro Commercial Components),5.0SMLJ60AHE3,Active,A R H,Unidirectional,SMC,5000,60,2,96.8,51.7,66.7,73.7,175
MCC (Micro Commercial Components),5.0SMLJ64AHE3,Active,A R H,Unidirectional,SMC,5000,64,2,103,48.5,71.1,78.6,175
MCC (Micro Commercial Components),5.0SMLJ70AHE3,Active,A R H,Unidirectional,SMC,5000,70,2,113,44.2,77.8,86,175
MCC (Micro Commercial Components),5.0SMLJ75AHE3,Active,A R H,Unidirectional,SMC,5000,75,2,121,41.3,83.3,92.1,175
MCC (Micro Commercial Components),5.0SMLJ78AHE3,Active,A R H,Unidirectional,SMC,5000,78,2,126,39.7,86.7,95.8,175
MCC (Micro Commercial Components),5.0SMLJ85AHE3,Active,A R H,Unidirectional,SMC,5000,85,2,137,36.5,94.4,104,175
MCC (Micro Commercial Components),5.0SMLJ11CAHE3,Active,A R H,Bidirectional,SMC,5000,11,2,18.2,275,12.2,13.5,175
MCC (Micro Commercial Components),5.0SMLJ12CAHE3,Active,A R H,Bidirectional,SMC,5000,12,2,19.9,252,13.3,14.7,175
MCC (Micro Commercial Components),5.0SMLJ13CAHE3,Active,A R H,Bidirectional,SMC,5000,13,2,21.5,233,14.4,15.9,175
MCC (Micro Commercial Components),5.0SMLJ14CAHE3,Active,A R H,Bidirectional,SMC,5000,14,2,23.2,216,15.6,17.2,175
MCC (Micro Commercial Components),5.0SMLJ15CAHE3,Active,A R H,Bidirectional,SMC,5000,15,2,24.4,205,16.7,18.5,175
MCC (Micro Commercial Components),5.0SMLJ16CAHE3,Active,A R H,Bidirectional,SMC,5000,16,2,26,193,17.8,19.7,175
MCC (Micro Commercial Components),5.0SMLJ17CAHE3,Active,A R H,Bidirectional,SMC,5000,17,2,27.6,181,18.9,20.9,175
MCC (Micro Commercial Components),5.0SMLJ18CAHE3,Active,A R H,Bidirectional,SMC,5000,18,2,29.2,172,20,22.1,175
MCC (Micro Commercial Components),5.0SMLJ20CAHE3,Active,A R H,Bidirectional,SMC,5000,20,2,32.4,155,22.2,24.5,175
MCC (Micro Commercial Components),5.0SMLJ22CAHE3,Active,A R H,Bidirectional,SMC,5000,22,2,35.5,141,24.4,26.9,175
MCC (Micro Commercial Components),5.0SMLJ24CAHE3,Active,A R H,Bidirectional,SMC,5000,24,2,38.9,129,26.7,29.5,175
MCC (Micro Commercial Components),5.0SMLJ26CAHE3,Active,A R H,Bidirectional,SMC,5000,26,2,42.1,119,28.9,31.9,175
MCC (Micro Commercial Components),5.0SMLJ28CAHE3,Active,A R H,Bidirectional,SMC,5000,28,2,45.4,110,31.1,34.4,175
MCC (Micro Commercial Components),5.0SMLJ30CAHE3,Active,A R H,Bidirectional,SMC,5000,30,2,48.4,103,33.3,36.8,175
MCC (Micro Commercial Components),5.0SMLJ33CAHE3,Active,A R H,Bidirectional,SMC,5000,33,2,53.3,93.9,36.7,40.6,175
MCC (Micro Commercial Components),5.0SMLJ36CAHE3,Active,A R H,Bidirectional,SMC,5000,36,2,58.1,86.1,40,44.2,175
MCC (Micro Commercial Components),5.0SMLJ40CAHE3,Active,A R H,Bidirectional,SMC,5000,40,2,64.5,77.6,44.4,49.1,175
MCC (Micro Commercial Components),5.0SMLJ43CAHE3,Active,A R H,Bidirectional,SMC,5000,43,2,69.4,72.1,47.8,52.8,175
MCC (Micro Commercial Components),5.0SMLJ45CAHE3,Active,A R H,Bidirectional,SMC,5000,45,2,72.7,68.8,50,55.3,175
MCC (Micro Commercial Components),5.0SMLJ48CAHE3,Active,A R H,Bidirectional,SMC,5000,48,2,77.4,64.7,53.3,58.9,175
MCC (Micro Commercial Components),5.0SMLJ51CAHE3,Active,A R H,Bidirectional,SMC,5000,51,2,82.4,60.7,56.7,62.7,175
MCC (Micro Commercial Components),5.0SMLJ54CAHE3,Active,A R H,Bidirectional,SMC,5000,54,2,87.1,57.5,60,66.3,175
MCC (Micro Commercial Components),5.0SMLJ58CAHE3,Active,A R H,Bidirectional,SMC,5000,58,2,93.6,53.5,64.4,71.2,175
MCC (Micro Commercial Components),5.0SMLJ60CAHE3,Active,A R H,Bidirectional,SMC,5000,60,2,96.8,51.7,66.7,73.7,175
MCC (Micro Commercial Components),5.0SMLJ64CAHE3,Active,A R H,Bidirectional,SMC,5000,64,2,103,48.5,71.1,78.6,175
MCC (Micro Commercial Components),5.0SMLJ70CAHE3,Active,A R H,Bidirectional,SMC,5000,70,2,113,44.2,77.8,86,175
MCC (Micro Commercial Components),5.0SMLJ75CAHE3,Active,A R H,Bidirectional,SMC,5000,75,2,121,41.3,83.3,92.1,175
MCC (Micro Commercial Components),5.0SMLJ78CAHE3,Active,A R H,Bidirectional,SMC,5000,78,2,126,39.7,86.7,95.8,175
MCC (Micro Commercial Components),5.0SMLJ85CAHE3,Active,A R H,Bidirectional,SMC,5000,85,2,137,36.5,94.4,104,175
MCC (Micro Commercial Components),SMA6J10AHE3,Active,A R H,Unidirectional,SMA,600,10,5,17,35.3,11.1,12.3,150
MCC (Micro Commercial Components),SMA6J11AHE3,Active,A R H,Unidirectional,SMA,600,11,5,18.2,33,12.2,13.5,150
MCC (Micro Commercial Components),SMA6J12AHE3,Active,A R H,Unidirectional,SMA,600,12,5,19.9,30.2,13.3,14.7,150
MCC (Micro Commercial Components),SMA6J13AHE3,Active,A R H,Unidirectional,SMA,600,13,1,21.5,27.9,14.4,15.9,150
MCC (Micro Commercial Components),SMA6J14AHE3,Active,A R H,Unidirectional,SMA,600,14,1,23.2,25.9,15.6,17.2,150
MCC (Micro Commercial Components),SMA6J15AHE3,Active,A R H,Unidirectional,SMA,600,15,1,24.4,24.6,16.7,18.5,150
MCC (Micro Commercial Components),SMA6J16AHE3,Active,A R H,Unidirectional,SMA,600,16,1,26,23.1,17.8,19.7,150
MCC (Micro Commercial Components),SMA6J17AHE3,Active,A R H,Unidirectional,SMA,600,17,1,27.6,21.7,18.9,20.9,150
MCC (Micro Commercial Components),SMA6J18AHE3,Active,A R H,Unidirectional,SMA,600,18,1,29.2,20.5,20,22.1,150
MCC (Micro Commercial Components),SMA6J19AHE3,Active,A R H,Unidirectional,SMA,600,19,1,30.8,19.5,21.1,23.3,150
MCC (Micro Commercial Components),SMA6J20AHE3,Active,A R H,Unidirectional,SMA,600,20,1,32.4,18.5,22.2,24.5,150
MCC (Micro Commercial Components),SMA6J22AHE3,Active,A R H,Unidirectional,SMA,600,22,1,35.5,16.9,24.4,26.9,150
MCC (Micro Commercial Components),SMA6J24AHE3,Active,A R H,Unidirectional,SMA,600,24,1,38.9,15.4,26.7,29.5,150
MCC (Micro Commercial Components),SMA6J26AHE3,Active,A R H,Unidirectional,SMA,600,26,1,42.1,14.3,28.9,31.9,150
MCC (Micro Commercial Components),SMA6J33AHE3,Active,A R H,Unidirectional,SMA,600,33,1,53.3,11.3,36.7,40.6,150
MCC (Micro Commercial Components),SMA6J10CAHE3,Active,A R H,Bidirectional,SMA,600,10,5,17,35.3,11.1,12.3,150
MCC (Micro Commercial Components),SMA6J11CAHE3,Active,A R H,Bidirectional,SMA,600,11,5,18.2,33,12.2,13.5,150
MCC (Micro Commercial Components),SMA6J12CAHE3,Active,A R H,Bidirectional,SMA,600,12,5,19.9,30.2,13.3,14.7,150
MCC (Micro Commercial Components),SMA6J13CAHE3,Active,A R H,Bidirectional,SMA,600,13,1,21.5,27.9,14.4,15.9,150
MCC (Micro Commercial Components),SMA6J14CAHE3,Active,A R H,Bidirectional,SMA,600,14,1,23.2,25.9,15.6,17.2,150
MCC (Micro Commercial Components),SMA6J15CAHE3,Active,A R H,Bidirectional,SMA,600,15,1,24.4,24.6,16.7,18.5,150
MCC (Micro Commercial Components),SMA6J16CAHE3,Active,A R H,Bidirectional,SMA,600,16,1,26,23.1,17.8,19.7,150
MCC (Micro Commercial Components),SMA6J17CAHE3,Active,A R H,Bidirectional,SMA,600,17,1,27.6,21.7,18.9,20.9,150
MCC (Micro Commercial Components),SMA6J24CAHE3,Active,A R H,Bidirectional,SMA,600,24,1,38.9,15.4,26.7,29.5,150
MCC (Micro Commercial Components),SMA6J28CAHE3,Active,A R H,Bidirectional,SMA,600,28,1,45.4,13.2,31.1,34.4,150
MCC (Micro Commercial Components),SMAJ100CAHE3,Active,A R H,Bidirectional,SMA,400,100,1,162,2.5,111,123,175
MCC (Micro Commercial Components),SMAJ10CAHE3,Active,A R H,Bidirectional,SMA,400,10,5,17,23.5,11.1,12.3,175
MCC (Micro Commercial Components),SMAJ110CAHE3,Active,A R H,Bidirectional,SMA,400,110,1,177,2.3,122,135,175
MCC (Micro Commercial Components),SMAJ11CAHE3,Active,A R H,Bidirectional,SMA,400,11,1,18.2,22,12.2,13.5,175
MCC (Micro Commercial Components),SMAJ120CAHE3,Active,A R H,Bidirectional,SMA,400,120,1,193,2.1,133,147,175
MCC (Micro Commercial Components),SMAJ12CAHE3,Active,A R H,Bidirectional,SMA,400,12,1,19.9,20.1,13.3,14.7,175
MCC (Micro Commercial Components),SMAJ130CAHE3,Active,A R H,Bidirectional,SMA,400,130,1,209,1.9,144,159,175
MCC (Micro Commercial Components),SMAJ13CAHE3,Active,A R H,Bidirectional,SMA,400,13,1,21.5,18.6,14.4,15.9,175
MCC (Micro Commercial Components),SMAJ14CAHE3,Active,A R H,Bidirectional,SMA,400,14,1,23.2,17.2,15.6,17.2,175
MCC (Micro Commercial Components),SMAJ150CAHE3,Active,A R H,Bidirectional,SMA,400,150,1,243,1.7,167,185,175
MCC (Micro Commercial Components),SMAJ15CAHE3,Active,A R H,Bidirectional,SMA,400,15,1,24.4,16.4,16.7,18.5,175
MCC (Micro Commercial Components),SMAJ160CAHE3,Active,A R H,Bidirectional,SMA,400,160,1,259,1.5,178,197,175
MCC (Micro Commercial Components),SMAJ16CAHE3,Active,A R H,Bidirectional,SMA,400,16,1,26,15.3,17.8,19.7,175
MCC (Micro Commercial Components),SMAJ170CAHE3,Active,A R H,Bidirectional,SMA,400,170,1,275,1.5,189,209,175
MCC (Micro Commercial Components),SMAJ17CAHE3,Active,A R H,Bidirectional,SMA,400,17,1,27.6,14.5,18.9,20.9,175
MCC (Micro Commercial Components),SMAJ180CAHE3,Active,A R H,Bidirectional,SMA,400,180,1,292,1.4,200,220,175
MCC (Micro Commercial Components),SMAJ18CAHE3,Active,A R H,Bidirectional,SMA,400,18,1,29.2,13.7,20,22.1,175
MCC (Micro Commercial Components),SMAJ20CAHE3,Active,A R H,Bidirectional,SMA,400,20,1,32.4,12.3,22.2,24.5,175
MCC (Micro Commercial Components),SMAJ22CAHE3,Active,A R H,Bidirectional,SMA,400,22,1,35.5,11.2,24.4,26.9,175
MCC (Micro Commercial Components),SMAJ24CAHE3,Active,A R H,Bidirectional,SMA,400,24,1,38.9,10.3,26.7,29.5,175
MCC (Micro Commercial Components),SMAJ26CAHE3,Active,A R H,Bidirectional,SMA,400,26,1,42.1,9.5,28.9,31.9,175
MCC (Micro Commercial Components),SMAJ28CAHE3,Active,A R H,Bidirectional,SMA,400,28,1,45.4,8.8,31.1,34.4,175
MCC (Micro Commercial Components),SMAJ30CAHE3,Active,A R H,Bidirectional,SMA,400,30,1,48.4,8.3,33.3,36.8,175
MCC (Micro Commercial Components),SMAJ33CAHE3,Active,A R H,Bidirectional,SMA,400,33,1,53.3,7.5,36.7,40.6,175
MCC (Micro Commercial Components),SMAJ36CAHE3,Active,A R H,Bidirectional,SMA,400,36,1,58.1,6.9,40,44.2,175
MCC (Micro Commercial Components),SMAJ40CAHE3,Active,A R H,Bidirectional,SMA,400,40,1,64.5,6.2,44.4,49.1,175
MCC (Micro Commercial Components),SMAJ43CAHE3,Active,A R H,Bidirectional,SMA,400,43,1,69.4,5.7,47.8,52.8,175
MCC (Micro Commercial Components),SMAJ45CAHE3,Active,A R H,Bidirectional,SMA,400,45,1,72.7,5.5,50,55.3,175
MCC (Micro Commercial Components),SMAJ48CAHE3,Active,A R H,Bidirectional,SMA,400,48,1,77.4,5.2,53.3,58.9,175
MCC (Micro Commercial Components),SMAJ5.0CAHE3,Active,A R H,Bidirectional,SMA,400,5,800,9.2,43.4,6.4,7.07,175
MCC (Micro Commercial Components),SMAJ51CAHE3,Active,A R H,Bidirectional,SMA,400,51,1,82.4,4.9,56.7,62.7,175
MCC (Micro Commercial Components),SMAJ54CAHE3,Active,A R H,Bidirectional,SMA,400,54,1,87.1,4.6,60,66.3,175
MCC (Micro Commercial Components),SMAJ58CAHE3,Active,A R H,Bidirectional,SMA,400,58,1,93.6,4.3,64.4,71.2,175
MCC (Micro Commercial Components),SMAJ6.0CAHE3,Active,A R H,Bidirectional,SMA,400,6,800,10.3,38.8,6.67,7.37,175
MCC (Micro Commercial Components),SMAJ6.5CAHE3,Active,A R H,Bidirectional,SMA,400,6.5,500,11.2,35.7,7.22,7.98,175
MCC (Micro Commercial Components),SMAJ60CAHE3,Active,A R H,Bidirectional,SMA,400,60,1,96.8,4.1,66.7,73.7,175
MCC (Micro Commercial Components),SMAJ64CAHE3,Active,A R H,Bidirectional,SMA,400,64,1,103,3.9,71.1,78.6,175
MCC (Micro Commercial Components),SMAJ7.0CAHE3,Active,A R H,Bidirectional,SMA,400,7,200,12,33.3,7.78,8.6,175
MCC (Micro Commercial Components),SMAJ7.5CAHE3,Active,A R H,Bidirectional,SMA,400,7.5,100,12.9,31,8.33,9.21,175
MCC (Micro Commercial Components),SMAJ70CAHE3,Active,A R H,Bidirectional,SMA,400,70,1,113,3.5,77.8,86,175
MCC (Micro Commercial Components),SMAJ75CAHE3,Active,A R H,Bidirectional,SMA,400,75,1,121,3.3,83.3,92.1,175
MCC (Micro Commercial Components),SMAJ78CAHE3,Active,A R H,Bidirectional,SMA,400,78,1,126,2.2,86.7,95.8,175
MCC (Micro Commercial Components),SMAJ8.0CAHE3,Active,A R H,Bidirectional,SMA,400,8,50,13.6,29.4,8.89,9.83,175
MCC (Micro Commercial Components),SMAJ8.5CAHE3,Active,A R H,Bidirectional,SMA,400,8.5,10,14.4,27.8,9.44,10.4,175
MCC (Micro Commercial Components),SMAJ85CAHE3,Active,A R H,Bidirectional,SMA,400,85,1,137,2.9,94.4,104,175
MCC (Micro Commercial Components),SMAJ9.0CAHE3,Active,A R H,Bidirectional,SMA,400,9,5,15.4,26,10,11.1,175
MCC (Micro Commercial Components),SMAJ90CAHE3,Active,A R H,Bidirectional,SMA,400,90,1,146,2.7,100,111,175
MCC (Micro Commercial Components),SMAJ100AHE3,Active,A R H,Unidirectional,SMA,400,100,1,162,2.5,111,123,175
MCC (Micro Commercial Components),SMAJ10AHE3,Active,A R H,Unidirectional,SMA,400,10,5,17,23.5,11.1,12.3,175
MCC (Micro Commercial Components),SMAJ110AHE3,Active,A R H,Unidirectional,SMA,400,110,1,177,2.3,122,135,175
MCC (Micro Commercial Components),SMAJ11AHE3,Active,A R H,Unidirectional,SMA,400,11,1,18.2,22,12.2,13.5,175
MCC (Micro Commercial Components),SMAJ120AHE3,Active,A R H,Unidirectional,SMA,400,120,1,193,2.1,133,147,175
MCC (Micro Commercial Components),SMAJ12AHE3,Active,A R H,Unidirectional,SMA,400,12,1,19.9,20.1,13.3,14.7,175
MCC (Micro Commercial Components),SMAJ130AHE3,Active,A R H,Unidirectional,SMA,400,130,1,209,1.9,144,159,175
MCC (Micro Commercial Components),SMAJ13AHE3,Active,A R H,Unidirectional,SMA,400,13,1,21.5,18.6,14.4,15.9,175
MCC (Micro Commercial Components),SMAJ14AHE3,Active,A R H,Unidirectional,SMA,400,14,1,23.2,17.2,15.6,17.2,175
MCC (Micro Commercial Components),SMAJ150AHE3,Active,A R H,Unidirectional,SMA,400,150,1,243,1.7,167,185,175
MCC (Micro Commercial Components),SMAJ15AHE3,Active,A R H,Unidirectional,SMA,400,15,1,24.4,16.4,16.7,18.5,175
MCC (Micro Commercial Components),SMAJ160AHE3,Active,A R H,Unidirectional,SMA,400,160,1,259,1.5,178,197,175
MCC (Micro Commercial Components),SMAJ16AHE3,Active,A R H,Unidirectional,SMA,400,16,1,26,15.3,17.8,19.7,175
MCC (Micro Commercial Components),SMAJ170AHE3,Active,A R H,Unidirectional,SMA,400,170,1,275,1.5,189,209,175
MCC (Micro Commercial Components),SMAJ17AHE3,Active,A R H,Unidirectional,SMA,400,17,1,27.6,14.5,18.9,20.9,175
MCC (Micro Commercial Components),SMAJ180AHE3,Active,A R H,Unidirectional,SMA,400,180,1,292,1.4,200,220,175
MCC (Micro Commercial Components),SMAJ18AHE3,Active,A R H,Unidirectional,SMA,400,18,1,29.2,13.7,20,22.1,175
MCC (Micro Commercial Components),SMAJ20AHE3,Active,A R H,Unidirectional,SMA,400,20,1,32.4,12.3,22.2,24.5,175
MCC (Micro Commercial Components),SMAJ22AHE3,Active,A R H,Unidirectional,SMA,400,22,1,35.5,11.2,24.4,26.9,175
MCC (Micro Commercial Components),SMAJ24AHE3,Active,A R H,Unidirectional,SMA,400,24,1,38.9,10.3,26.7,29.5,175
MCC (Micro Commercial Components),SMAJ26AHE3,Active,A R H,Unidirectional,SMA,400,26,1,42.1,9.5,28.9,31.9,175
MCC (Micro Commercial Components),SMAJ28AHE3,Active,A R H,Unidirectional,SMA,400,28,1,45.4,8.8,31.1,34.4,175
MCC (Micro Commercial Components),SMAJ30AHE3,Active,A R H,Unidirectional,SMA,400,30,1,48.4,8.3,33.3,36.8,175
MCC (Micro Commercial Components),SMAJ33AHE3,Active,A R H,Unidirectional,SMA,400,33,1,53.3,7.5,36.7,40.6,175
MCC (Micro Commercial Components),SMAJ36AHE3,Active,A R H,Unidirectional,SMA,400,36,1,58.1,6.9,40,44.2,175
MCC (Micro Commercial Components),SMAJ40AHE3,Active,A R H,Unidirectional,SMA,400,40,1,64.5,6.2,44.4,49.1,175
MCC (Micro Commercial Components),SMAJ43AHE3,Active,A R H,Unidirectional,SMA,400,43,1,69.4,5.7,47.8,52.8,175
MCC (Micro Commercial Components),SMAJ45AHE3,Active,A R H,Unidirectional,SMA,400,45,1,72.7,5.5,50,55.3,175
MCC (Micro Commercial Components),SMAJ48AHE3,Active,A R H,Unidirectional,SMA,400,48,1,77.4,5.2,53.3,58.9,175
MCC (Micro Commercial Components),SMAJ5.0AHE3,Active,A R H,Unidirectional,SMA,400,5,800,9.2,43.4,6.4,7.07,175
MCC (Micro Commercial Components),SMAJ51AHE3,Active,A R H,Unidirectional,SMA,400,51,1,82.4,4.9,56.7,62.7,175
MCC (Micro Commercial Components),SMAJ54AHE3,Active,A R H,Unidirectional,SMA,400,54,1,87.1,4.6,60,66.3,175
MCC (Micro Commercial Components),SMAJ58AHE3,Active,A R H,Unidirectional,SMA,400,58,1,93.6,4.3,64.4,71.2,175
MCC (Micro Commercial Components),SMAJ6.0AHE3,Active,A R H,Unidirectional,SMA,400,6,800,10.3,38.8,6.67,7.37,175
MCC (Micro Commercial Components),SMAJ6.5AHE3,Active,A R H,Unidirectional,SMA,400,6.5,500,11.2,35.7,7.22,7.98,175
MCC (Micro Commercial Components),SMAJ60AHE3,Active,A R H,Unidirectional,SMA,400,60,1,96.8,4.1,66.7,73.7,175
MCC (Micro Commercial Components),SMAJ64AHE3,Active,A R H,Unidirectional,SMA,400,64,1,103,3.9,71.1,78.6,175
MCC (Micro Commercial Components),SMAJ7.0AHE3,Active,A R H,Unidirectional,SMA,400,7,200,12,33.3,7.78,8.6,175
MCC (Micro Commercial Components),SMAJ7.5AHE3,Active,A R H,Unidirectional,SMA,400,7.5,100,12.9,31,8.33,9.21,175
MCC (Micro Commercial Components),SMAJ70AHE3,Active,A R H,Unidirectional,SMA,400,70,1,113,3.5,77.8,86,175
MCC (Micro Commercial Components),SMAJ75AHE3,Active,A R H,Unidirectional,SMA,400,75,1,121,3.3,83.3,92.1,175
MCC (Micro Commercial Components),SMAJ78AHE3,Active,A R H,Unidirectional,SMA,400,78,1,126,2.2,86.7,95.8,175
MCC (Micro Commercial Components),SMAJ8.0AHE3,Active,A R H,Unidirectional,SMA,400,8,50,13.6,29.4,8.89,9.83,175
MCC (Micro Commercial Components),SMAJ8.5AHE3,Active,A R H,Unidirectional,SMA,400,8.5,10,14.4,27.8,9.44,10.4,175
MCC (Micro Commercial Components),SMAJ85AHE3,Active,A R H,Unidirectional,SMA,400,85,1,137,2.9,94.4,104,175
MCC (Micro Commercial Components),SMAJ9.0AHE3,Active,A R H,Unidirectional,SMA,400,9,5,15.4,26,10,11.1,175
MCC (Micro Commercial Components),SMAJ90AHE3,Active,A R H,Unidirectional,SMA,400,90,1,146,2.7,100,111,175
MCC (Micro Commercial Components),SMAJP4KE12AHE3,Active,A R H,Unidirectional,SMA,400,10.2,5,16.7,24.6,11.4,12.6,175
MCC (Micro Commercial Components),SMAJP4KE13AHE3,Active,A R H,Unidirectional,SMA,400,11.1,1,18.2,22.5,12.4,13.7,175
MCC (Micro Commercial Components),SMAJP4KE15AHE3,Active,A R H,Unidirectional,SMA,400,12.8,1,21.2,19.3,14.3,15.8,175
MCC (Micro Commercial Components),SMAJP4KE16AHE3,Active,A R H,Unidirectional,SMA,400,13.6,1,22.5,18.2,15.2,16.8,175
MCC (Micro Commercial Components),SMAJP4KE18AHE3,Active,A R H,Unidirectional,SMA,400,15.3,1,25.5,16.1,17.1,18.9,175
MCC (Micro Commercial Components),SMAJP4KE20AHE3,Active,A R H,Unidirectional,SMA,400,17.1,1,27.7,14.8,19,21,175
MCC (Micro Commercial Components),SMAJP4KE22AHE3,Active,A R H,Unidirectional,SMA,400,18.8,1,30.6,13.4,20.9,23.1,175
MCC (Micro Commercial Components),SMAJP4KE24AHE3,Active,A R H,Unidirectional,SMA,400,20.5,1,33.2,12.3,22.8,25.2,175
MCC (Micro Commercial Components),SMAJP4KE27AHE3,Active,A R H,Unidirectional,SMA,400,23.1,1,37.5,10.9,25.7,28.4,175
MCC (Micro Commercial Components),SMAJP4KE30AHE3,Active,A R H,Unidirectional,SMA,400,25.6,1,41.4,9.9,28.5,31.5,175
MCC (Micro Commercial Components),SMAJP4KE33AHE3,Active,A R H,Unidirectional,SMA,400,28.2,1,45.7,9,31.4,34.7,175
MCC (Micro Commercial Components),SMAJP4KE36AHE3,Active,A R H,Unidirectional,SMA,400,30.8,1,49.9,8.2,34.2,37.8,175
MCC (Micro Commercial Components),SMAJP4KE39AHE3,Active,A R H,Unidirectional,SMA,400,33.3,1,53.9,7.6,37.1,41,175
MCC (Micro Commercial Components),SMAJP4KE43AHE3,Active,A R H,Unidirectional,SMA,400,36.8,1,59.3,6.9,40.9,45.2,175
MCC (Micro Commercial Components),SMAJP4KE47AHE3,Active,A R H,Unidirectional,SMA,400,40.2,1,64.8,6.3,44.7,49.4,175
MCC (Micro Commercial Components),SMAJP4KE51AHE3,Active,A R H,Unidirectional,SMA,400,43.6,1,70.1,5.8,48.5,53.6,175
MCC (Micro Commercial Components),SMAJP4KE56AHE3,Active,A R H,Unidirectional,SMA,400,47.8,1,77,5.3,53.2,58.8,175
MCC (Micro Commercial Components),SMAJP4KE62AHE3,Active,A R H,Unidirectional,SMA,400,53,1,85,4.8,58.9,65.1,175
MCC (Micro Commercial Components),SMAJP4KE68AHE3,Active,A R H,Unidirectional,SMA,400,58.1,1,92,4.5,64.6,71.4,175
MCC (Micro Commercial Components),SMAJP4KE75AHE3,Active,A R H,Unidirectional,SMA,400,64.1,1,103,4,71.3,78.8,175
MCC (Micro Commercial Components),SMAJP4KE82AHE3,Active,A R H,Unidirectional,SMA,400,70.1,1,113,3.6,77.9,86.1,175
MCC (Micro Commercial Components),SMAJP4KE91AHE3,Active,A R H,Unidirectional,SMA,400,77.8,1,125,3.3,86.5,95.5,175
MCC (Micro Commercial Components),SMAJP4KE100AHE3,Active,A R H,Unidirectional,SMA,400,85.5,1,137,3,95,105,175
MCC (Micro Commercial Components),SMAJP4KE110AHE3,Active,A R H,Unidirectional,SMA,400,94,1,152,2.7,105,116,175
MCC (Micro Commercial Components),SMAJP4KE120AHE3,Active,A R H,Unidirectional,SMA,400,102,1,165,2.5,114,126,175
MCC (Micro Commercial Components),SMAJP4KE130AHE3,Active,A R H,Unidirectional,SMA,400,111,1,179,2.3,124,137,175
MCC (Micro Commercial Components),SMAJP4KE150AHE3,Active,A R H,Unidirectional,SMA,400,128,1,207,2,143,158,175
MCC (Micro Commercial Components),SMAJP4KE160AHE3,Active,A R H,Unidirectional,SMA,400,136,1,219,1.9,152,168,175
MCC (Micro Commercial Components),SMAJP4KE170AHE3,Active,A R H,Unidirectional,SMA,400,145,1,234,1.8,162,179,175
MCC (Micro Commercial Components),SMAJP4KE180AHE3,Active,A R H,Unidirectional,SMA,400,154,1,246,1.7,171,189,175
MCC (Micro Commercial Components),SMAJP4KE200AHE3,Active,A R H,Unidirectional,SMA,400,171,1,274,1.5,190,210,175
MCC (Micro Commercial Components),SMAJP4KE220AHE3,Active,A R H,Unidirectional,SMA,400,185,1,328,1.2,209,231,175
MCC (Micro Commercial Components),SMAJP4KE12CAHE3,Active,A R H,Bidirectional,SMA,400,10.2,5,16.7,24.6,11.4,12.6,175
MCC (Micro Commercial Components),SMAJP4KE13CAHE3,Active,A R H,Bidirectional,SMA,400,11.1,1,18.2,22.5,12.4,13.7,175
MCC (Micro Commercial Components),SMAJP4KE15CAHE3,Active,A R H,Bidirectional,SMA,400,12.8,1,21.2,19.3,14.3,15.8,175
MCC (Micro Commercial Components),SMAJP4KE16CAHE3,Active,A R H,Bidirectional,SMA,400,13.6,1,22.5,18.2,15.2,16.8,175
MCC (Micro Commercial Components),SMAJP4KE18CAHE3,Active,A R H,Bidirectional,SMA,400,15.3,1,25.5,16.1,17.1,18.9,175
MCC (Micro Commercial Components),SMAJP4KE20CAHE3,Active,A R H,Bidirectional,SMA,400,17.1,1,27.7,14.8,19,21,175
MCC (Micro Commercial Components),SMAJP4KE22CAHE3,Active,A R H,Bidirectional,SMA,400,18.8,1,30.6,13.4,20.9,23.1,175
MCC (Micro Commercial Components),SMAJP4KE24CAHE3,Active,A R H,Bidirectional,SMA,400,20.5,1,33.2,12.3,22.8,25.2,175
MCC (Micro Commercial Components),SMAJP4KE27CAHE3,Active,A R H,Bidirectional,SMA,400,23.1,1,37.5,10.9,25.7,28.4,175
MCC (Micro Commercial Components),SMAJP4KE30CAHE3,Active,A R H,Bidirectional,SMA,400,25.6,1,41.4,9.9,28.5,31.5,175
MCC (Micro Commercial Components),SMAJP4KE33CAHE3,Active,A R H,Bidirectional,SMA,400,28.2,1,45.7,9,31.4,34.7,175
MCC (Micro Commercial Components),SMAJP4KE36CAHE3,Active,A R H,Bidirectional,SMA,400,30.8,1,49.9,8.2,34.2,37.8,175
MCC (Micro Commercial Components),SMAJP4KE39CAHE3,Active,A R H,Bidirectional,SMA,400,33.3,1,53.9,7.6,37.1,41,175
MCC (Micro Commercial Components),SMAJP4KE43CAHE3,Active,A R H,Bidirectional,SMA,400,36.8,1,59.3,6.9,40.9,45.2,175
MCC (Micro Commercial Components),SMAJP4KE47CAHE3,Active,A R H,Bidirectional,SMA,400,40.2,1,64.8,6.3,44.7,49.4,175
MCC (Micro Commercial Components),SMAJP4KE51CAHE3,Active,A R H,Bidirectional,SMA,400,43.6,1,70.1,5.8,48.5,53.6,175
MCC (Micro Commercial Components),SMAJP4KE56CAHE3,Active,A R H,Bidirectional,SMA,400,47.8,1,77,5.3,53.2,58.8,175
MCC (Micro Commercial Components),SMAJP4KE62CAHE3,Active,A R H,Bidirectional,SMA,400,53,1,85,4.8,58.9,65.1,175
MCC (Micro Commercial Components),SMAJP4KE68CAHE3,Active,A R H,Bidirectional,SMA,400,58.1,1,92,4.5,64.6,71.4,175
MCC (Micro Commercial Components),SMAJP4KE75CAHE3,Active,A R H,Bidirectional,SMA,400,64.1,1,103,4,71.3,78.8,175
MCC (Micro Commercial Components),SMAJP4KE82CAHE3,Active,A R H,Bidirectional,SMA,400,70.1,1,113,3.6,77.9,86.1,175
MCC (Micro Commercial Components),SMAJP4KE91CAHE3,Active,A R H,Bidirectional,SMA,400,77.8,1,125,3.3,86.5,95.5,175
MCC (Micro Commercial Components),SMAJP4KE100CAHE3,Active,A R H,Bidirectional,SMA,400,85.5,1,137,3,95,105,175
MCC (Micro Commercial Components),SMAJP4KE110CAHE3,Active,A R H,Bidirectional,SMA,400,94,1,152,2.7,105,116,175
MCC (Micro Commercial Components),SMAJP4KE120CAHE3,Active,A R H,Bidirectional,SMA,400,102,1,165,2.5,114,126,175
MCC (Micro Commercial Components),SMAJP4KE130CAHE3,Active,A R H,Bidirectional,SMA,400,111,1,179,2.3,124,137,175
MCC (Micro Commercial Components),SMAJP4KE150CAHE3,Active,A R H,Bidirectional,SMA,400,128,1,207,2,143,158,175
MCC (Micro Commercial Components),SMAJP4KE160CAHE3,Active,A R H,Bidirectional,SMA,400,136,1,219,1.9,152,168,175
MCC (Micro Commercial Components),SMAJP4KE170CAHE3,Active,A R H,Bidirectional,SMA,400,145,1,234,1.8,162,179,175
MCC (Micro Commercial Components),SMAJP4KE180CAHE3,Active,A R H,Bidirectional,SMA,400,154,1,246,1.7,171,189,175
MCC (Micro Commercial Components),SMAJP4KE200CAHE3,Active,A R H,Bidirectional,SMA,400,171,1,274,1.5,190,210,175
MCC (Micro Commercial Components),SMAJP4KE220CAHE3,Active,A R H,Bidirectional,SMA,400,185,1,328,1.2,209,231,175
MCC (Micro Commercial Components),SMBJ100CAHE3,Active,A R H,Bidirectional,SMB,600,100,1,162,3.7,111,123,175
MCC (Micro Commercial Components),SMBJ10CAHE3,Active,A R H,Bidirectional,SMB,600,10,1,17,36.3,11.1,12.3,175
MCC (Micro Commercial Components),SMBJ110CAHE3,Active,A R H,Bidirectional,SMB,600,110,1,177,3.4,122,135,175
MCC (Micro Commercial Components),SMBJ11CAHE3,Active,A R H,Bidirectional,SMB,600,11,5,18.2,33,12.2,13.5,175
MCC (Micro Commercial Components),SMBJ120CAHE3,Active,A R H,Bidirectional,SMB,600,120,1,193,3.1,133,147,175
MCC (Micro Commercial Components),SMBJ12CAHE3,Active,A R H,Bidirectional,SMB,600,12,5,19.9,30.2,13.3,14.7,175
MCC (Micro Commercial Components),SMBJ130CAHE3,Active,A R H,Bidirectional,SMB,600,130,1,209,2.9,144,159,175
MCC (Micro Commercial Components),SMBJ13CAHE3,Active,A R H,Bidirectional,SMB,600,13,5,21.5,27.9,14.4,15.9,175
MCC (Micro Commercial Components),SMBJ14CAHE3,Active,A R H,Bidirectional,SMB,600,14,5,23.2,25.8,15.6,17.2,175
MCC (Micro Commercial Components),SMBJ150CAHE3,Active,A R H,Bidirectional,SMB,600,150,1,243,2.5,167,185,175
MCC (Micro Commercial Components),SMBJ15CAHE3,Active,A R H,Bidirectional,SMB,600,15,5,24.4,24,16.7,18.5,175
MCC (Micro Commercial Components),SMBJ160CAHE3,Active,A R H,Bidirectional,SMB,600,160,1,259,2.3,178,197,175
MCC (Micro Commercial Components),SMBJ16CAHE3,Active,A R H,Bidirectional,SMB,600,16,5,26,23.1,17.8,19.7,175
MCC (Micro Commercial Components),SMBJ170CAHE3,Active,A R H,Bidirectional,SMB,600,170,1,275,2.2,189,209,175
MCC (Micro Commercial Components),SMBJ17CAHE3,Active,A R H,Bidirectional,SMB,600,17,5,27.6,21.7,18.9,20.9,175
MCC (Micro Commercial Components),SMBJ180CAHE3,Active,A R H,Bidirectional,SMB,600,180,1,292,2.1,201,222,175
MCC (Micro Commercial Components),SMBJ18CAHE3,Active,A R H,Bidirectional,SMB,600,18,5,29.2,20.5,20,22.1,175
MCC (Micro Commercial Components),SMBJ20CAHE3,Active,A R H,Bidirectional,SMB,600,20,5,32.4,18.5,22.2,24.5,175
MCC (Micro Commercial Components),SMBJ22CAHE3,Active,A R H,Bidirectional,SMB,600,22,5,35.5,16.9,24.4,26.9,175
MCC (Micro Commercial Components),SMBJ24CAHE3,Active,A R H,Bidirectional,SMB,600,24,5,38.9,15.4,26.7,29.5,175
MCC (Micro Commercial Components),SMBJ26CAHE3,Active,A R H,Bidirectional,SMB,600,26,5,42.1,14.2,28.9,31.9,175
MCC (Micro Commercial Components),SMBJ28CAHE3,Active,A R H,Bidirectional,SMB,600,28,5,45.4,13.2,31.1,34.4,175
MCC (Micro Commercial Components),SMBJ30CAHE3,Active,A R H,Bidirectional,SMB,600,30,5,48.4,12.4,33.3,36.8,175
MCC (Micro Commercial Components),SMBJ33CAHE3,Active,A R H,Bidirectional,SMB,600,33,5,53.3,11.3,36.7,40.6,175
MCC (Micro Commercial Components),SMBJ36CAHE3,Active,A R H,Bidirectional,SMB,600,36,5,58.1,10.3,40,44.2,175
MCC (Micro Commercial Components),SMBJ40CAHE3,Active,A R H,Bidirectional,SMB,600,40,5,64.5,9.3,44.4,49.1,175
MCC (Micro Commercial Components),SMBJ43CAHE3,Active,A R H,Bidirectional,SMB,600,43,5,69.4,8.6,47.8,52.8,175
MCC (Micro Commercial Components),SMBJ45CAHE3,Active,A R H,Bidirectional,SMB,600,45,5,72.7,8.3,50,55.3,175
MCC (Micro Commercial Components),SMBJ48CAHE3,Active,A R H,Bidirectional,SMB,600,48,5,77.4,7.7,53.3,58.9,175
MCC (Micro Commercial Components),SMBJ5.0CAHE3,Active,A R H,Bidirectional,SMB,600,5,800,9.2,65.2,6.4,7.07,175
MCC (Micro Commercial Components),SMBJ51CAHE3,Active,A R H,Bidirectional,SMB,600,51,5,82.4,7.3,56.7,62.7,175
MCC (Micro Commercial Components),SMBJ54CAHE3,Active,A R H,Bidirectional,SMB,600,54,5,87.1,6.9,60,66.3,175
MCC (Micro Commercial Components),SMBJ58CAHE3,Active,A R H,Bidirectional,SMB,600,58,5,93.6,6.4,64.4,71.2,175
MCC (Micro Commercial Components),SMBJ6.0CAHE3,Active,A R H,Bidirectional,SMB,600,6,800,10.3,58.3,6.67,7.37,175
MCC (Micro Commercial Components),SMBJ6.5CAHE3,Active,A R H,Bidirectional,SMB,600,6.5,500,11.2,53.6,7.22,7.98,175
MCC (Micro Commercial Components),SMBJ60CAHE3,Active,A R H,Bidirectional,SMB,600,60,5,96.8,6.2,66.7,73.7,175
MCC (Micro Commercial Components),SMBJ64CAHE3,Active,A R H,Bidirectional,SMB,600,64,5,103,5.8,71.1,78.6,175
MCC (Micro Commercial Components),SMBJ7.0CAHE3,Active,A R H,Bidirectional,SMB,600,7,200,12,50,7.78,8.6,175
MCC (Micro Commercial Components),SMBJ7.5CAHE3,Active,A R H,Bidirectional,SMB,600,7.5,100,12.9,46.5,8.33,9.21,175
MCC (Micro Commercial Components),SMBJ70CAHE3,Active,A R H,Bidirectional,SMB,600,70,5,113,5.3,77.8,86,175
MCC (Micro Commercial Components),SMBJ75CAHE3,Active,A R H,Bidirectional,SMB,600,75,5,121,4.9,83.3,92.1,175
MCC (Micro Commercial Components),SMBJ78CAHE3,Active,A R H,Bidirectional,SMB,600,78,5,126,4.7,86.7,95.8,175
MCC (Micro Commercial Components),SMBJ8.0CAHE3,Active,A R H,Bidirectional,SMB,600,8,50,13.6,44.1,8.89,9.83,175
MCC (Micro Commercial Components),SMBJ8.5CAHE3,Active,A R H,Bidirectional,SMB,600,8.5,10,14.4,41.7,9.44,10.4,175
MCC (Micro Commercial Components),SMBJ85CAHE3,Active,A R H,Bidirectional,SMB,600,85,1,137,4.4,94.4,104,175
MCC (Micro Commercial Components),SMBJ9.0CAHE3,Active,A R H,Bidirectional,SMB,600,9,5,15.4,39,10,11.1,175
MCC (Micro Commercial Components),SMBJ90CAHE3,Active,A R H,Bidirectional,SMB,600,90,1,146,4.1,100,111,175
MCC (Micro Commercial Components),SMBJ100AHE3,Active,A R H,Unidirectional,SMB,600,100,1,162,3.7,111,123,175
MCC (Micro Commercial Components),SMBJ10AHE3,Active,A R H,Unidirectional,SMB,600,10,1,17,35.3,11.1,12.3,175
MCC (Micro Commercial Components),SMBJ110AHE3,Active,A R H,Unidirectional,SMB,600,110,1,177,3.4,122,135,175
MCC (Micro Commercial Components),SMBJ11AHE3,Active,A R H,Unidirectional,SMB,600,11,5,18.2,33,12.2,13.5,175
MCC (Micro Commercial Components),SMBJ120AHE3,Active,A R H,Unidirectional,SMB,600,120,1,193,3.1,133,147,175
MCC (Micro Commercial Components),SMBJ12AHE3,Active,A R H,Unidirectional,SMB,600,12,5,19.9,30.2,13.3,14.7,175
MCC (Micro Commercial Components),SMBJ130AHE3,Active,A R H,Unidirectional,SMB,600,130,1,209,2.9,144,159,175
MCC (Micro Commercial Components),SMBJ13AHE3,Active,A R H,Unidirectional,SMB,600,13,5,21.5,27.9,14.4,15.9,175
MCC (Micro Commercial Components),SMBJ14AHE3,Active,A R H,Unidirectional,SMB,600,14,5,23.2,25.8,15.6,17.2,175
MCC (Micro Commercial Components),SMBJ150AHE3,Active,A R H,Unidirectional,SMB,600,150,1,243,2.5,167,185,175
MCC (Micro Commercial Components),SMBJ15AHE3,Active,A R H,Unidirectional,SMB,600,15,5,24.4,24,16.7,18.5,175
MCC (Micro Commercial Components),SMBJ160AHE3,Active,A R H,Unidirectional,SMB,600,160,1,259,2.3,178,197,175
MCC (Micro Commercial Components),SMBJ16AHE3,Active,A R H,Unidirectional,SMB,600,16,5,26,23.1,17.8,19.7,175
MCC (Micro Commercial Components),SMBJ170AHE3,Active,A R H,Unidirectional,SMB,600,170,1,275,2.2,189,209,175
MCC (Micro Commercial Components),SMBJ17AHE3,Active,A R H,Unidirectional,SMB,600,17,5,27.6,21.7,18.9,20.9,175
MCC (Micro Commercial Components),SMBJ180AHE3,Active,A R H,Unidirectional,SMB,600,180,1,292,2.1,201,222,175
MCC (Micro Commercial Components),SMBJ18AHE3,Active,A R H,Unidirectional,SMB,600,18,5,29.2,20.5,20,22.1,175
MCC (Micro Commercial Components),SMBJ20AHE3,Active,A R H,Unidirectional,SMB,600,20,5,32.4,18.5,22.2,24.5,175
MCC (Micro Commercial Components),SMBJ22AHE3,Active,A R H,Unidirectional,SMB,600,22,5,35.5,16.9,24.4,26.9,175
MCC (Micro Commercial Components),SMBJ24AHE3,Active,A R H,Unidirectional,SMB,600,24,5,38.9,15.4,26.7,29.5,175
MCC (Micro Commercial Components),SMBJ26AHE3,Active,A R H,Unidirectional,SMB,600,26,5,42.1,14.2,28.9,31.9,175
MCC (Micro Commercial Components),SMBJ28AHE3,Active,A R H,Unidirectional,SMB,600,28,5,45.4,13.2,31.1,34.4,175
MCC (Micro Commercial Components),SMBJ30AHE3,Active,A R H,Unidirectional,SMB,600,30,5,48.4,12.4,33.3,36.8,175
MCC (Micro Commercial Components),SMBJ33AHE3,Active,A R H,Unidirectional,SMB,600,33,5,53.3,11.3,36.7,40.6,175
MCC (Micro Commercial Components),SMBJ36AHE3,Active,A R H,Unidirectional,SMB,600,36,5,58.1,10.3,40,44.2,175
MCC (Micro Commercial Components),SMBJ40AHE3,Active,A R H,Unidirectional,SMB,600,40,5,64.5,9.3,44.4,49.1,175
MCC (Micro Commercial Components),SMBJ43AHE3,Active,A R H,Unidirectional,SMB,600,43,5,69.4,8.6,47.8,52.8,175
MCC (Micro Commercial Components),SMBJ45AHE3,Active,A R H,Unidirectional,SMB,600,45,5,72.7,8.3,50,55.3,175
MCC (Micro Commercial Components),SMBJ48AHE3,Active,A R H,Unidirectional,SMB,600,48,5,77.4,7.7,53.3,58.9,175
MCC (Micro Commercial Components),SMBJ5.0AHE3,Active,A R H,Unidirectional,SMB,600,5,800,9.2,65.2,6.4,7.07,175
MCC (Micro Commercial Components),SMBJ51AHE3,Active,A R H,Unidirectional,SMB,600,51,5,82.4,7.3,56.7,62.7,175
MCC (Micro Commercial Components),SMBJ54AHE3,Active,A R H,Unidirectional,SMB,600,54,5,87.1,6.9,60,66.3,175
MCC (Micro Commercial Components),SMBJ58AHE3,Active,A R H,Unidirectional,SMB,600,58,5,93.6,6.4,64.4,71.2,175
MCC (Micro Commercial Components),SMBJ6.0AHE3,Active,A R H,Unidirectional,SMB,600,6,800,10.3,58.3,6.67,7.37,175
MCC (Micro Commercial Components),SMBJ6.5AHE3,Active,A R H,Unidirectional,SMB,600,6.5,500,11.2,53.6,7.22,7.98,175
MCC (Micro Commercial Components),SMBJ60AHE3,Active,A R H,Unidirectional,SMB,600,60,5,96.8,6.2,66.7,73.7,175
MCC (Micro Commercial Components),SMBJ64AHE3,Active,A R H,Unidirectional,SMB,600,64,5,103,5.8,71.1,78.6,175
MCC (Micro Commercial Components),SMBJ7.0AHE3,Active,A R H,Unidirectional,SMB,600,7,200,12,50,7.78,8.6,175
MCC (Micro Commercial Components),SMBJ7.5AHE3,Active,A R H,Unidirectional,SMB,600,7.5,100,12.9,46.5,8.33,9.21,175
MCC (Micro Commercial Components),SMBJ70AHE3,Active,A R H,Unidirectional,SMB,600,70,5,113,5.3,77.8,86,175
MCC (Micro Commercial Components),SMBJ75AHE3,Active,A R H,Unidirectional,SMB,600,75,5,121,4.9,83.3,92.1,175
MCC (Micro Commercial Components),SMBJ78AHE3,Active,A R H,Unidirectional,SMB,600,78,5,126,4.7,86.7,95.8,175
MCC (Micro Commercial Components),SMBJ8.0AHE3,Active,A R H,Unidirectional,SMB,600,8,50,13.6,44.1,8.89,9.83,175
MCC (Micro Commercial Components),SMBJ8.5AHE3,Active,A R H,Unidirectional,SMB,600,8.5,10,14.4,41.7,9.44,10.4,175
MCC (Micro Commercial Components),SMBJ85AHE3,Active,A R H,Unidirectional,SMB,600,85,1,137,4.4,94.4,104,175
MCC (Micro Commercial Components),SMBJ9.0AHE3,Active,A R H,Unidirectional,SMB,600,9,5,15.4,39,10,11.1,175
MCC (Micro Commercial Components),SMBJ90AHE3,Active,A R H,Unidirectional,SMB,600,90,1,146,4.1,100,111,175
MCC (Micro Commercial Components),SMBJP6KE12AHE3,Active,A R H,Unidirectional,SMB,600,10.2,5,16.7,36.5,11.4,12.6,175
MCC (Micro Commercial Components),SMBJP6KE13AHE3,Active,A R H,Unidirectional,SMB,600,11.1,1,18.2,33.5,12.4,13.7,175
MCC (Micro Commercial Components),SMBJP6KE15AHE3,Active,A R H,Unidirectional,SMB,600,12.8,1,21.2,28.8,14.3,15.8,175
MCC (Micro Commercial Components),SMBJP6KE16AHE3,Active,A R H,Unidirectional,SMB,600,13.6,1,22.5,27.1,15.2,16.8,175
MCC (Micro Commercial Components),SMBJP6KE18AHE3,Active,A R H,Unidirectional,SMB,600,15.3,1,25.5,24.2,17.1,18.9,175
MCC (Micro Commercial Components),SMBJP6KE20AHE3,Active,A R H,Unidirectional,SMB,600,17.1,1,27.7,22,19,21,175
MCC (Micro Commercial Components),SMBJP6KE22AHE3,Active,A R H,Unidirectional,SMB,600,18.8,1,30.6,19.9,20.9,23.1,175
MCC (Micro Commercial Components),SMBJP6KE24AHE3,Active,A R H,Unidirectional,SMB,600,20.5,1,33.2,18.4,22.8,25.2,175
MCC (Micro Commercial Components),SMBJP6KE27AHE3,Active,A R H,Unidirectional,SMB,600,23.1,1,37.5,16.3,25.7,28.4,175
MCC (Micro Commercial Components),SMBJP6KE30AHE3,Active,A R H,Unidirectional,SMB,600,25.6,1,41.4,14.7,28.5,31.5,175
MCC (Micro Commercial Components),SMBJP6KE33AHE3,Active,A R H,Unidirectional,SMB,600,28.2,1,45.7,13.3,31.4,34.7,175
MCC (Micro Commercial Components),SMBJP6KE36AHE3,Active,A R H,Unidirectional,SMB,600,30.8,1,49.9,12.2,34.2,37.8,175
MCC (Micro Commercial Components),SMBJP6KE39AHE3,Active,A R H,Unidirectional,SMB,600,33.3,1,53.9,11.3,37.1,41,175
MCC (Micro Commercial Components),SMBJP6KE43AHE3,Active,A R H,Unidirectional,SMB,600,36.8,1,59.3,10.3,40.9,45.2,175
MCC (Micro Commercial Components),SMBJP6KE47AHE3,Active,A R H,Unidirectional,SMB,600,40.2,1,64.8,9.4,44.7,49.4,175
MCC (Micro Commercial Components),SMBJP6KE51AHE3,Active,A R H,Unidirectional,SMB,600,43.6,1,70.1,8.7,48.5,53.6,175
MCC (Micro Commercial Components),SMBJP6KE56AHE3,Active,A R H,Unidirectional,SMB,600,47.8,1,77,7.9,53.2,58.8,175
MCC (Micro Commercial Components),SMBJP6KE62AHE3,Active,A R H,Unidirectional,SMB,600,53,1,85,7.2,58.9,65.1,175
MCC (Micro Commercial Components),SMBJP6KE68AHE3,Active,A R H,Unidirectional,SMB,600,58.1,1,92,6.6,64.6,71.4,175
MCC (Micro Commercial Components),SMBJP6KE75AHE3,Active,A R H,Unidirectional,SMB,600,64.1,1,103,5.9,71.3,78.8,175
MCC (Micro Commercial Components),SMBJP6KE82AHE3,Active,A R H,Unidirectional,SMB,600,70.1,1,113,5.4,77.9,86.1,175
MCC (Micro Commercial Components),SMBJP6KE91AHE3,Active,A R H,Unidirectional,SMB,600,77.8,1,125,4.9,86.5,95.5,175
MCC (Micro Commercial Components),SMBJP6KE100AHE3,Active,A R H,Unidirectional,SMB,600,85.5,1,137,4.5,95,105,175
MCC (Micro Commercial Components),SMBJP6KE110AHE3,Active,A R H,Unidirectional,SMB,600,94,1,152,4,105,116,175
MCC (Micro Commercial Components),SMBJP6KE120AHE3,Active,A R H,Unidirectional,SMB,600,102,1,165,3.7,114,126,175
MCC (Micro Commercial Components),SMBJP6KE130AHE3,Active,A R H,Unidirectional,SMB,600,111,1,179,3.4,124,137,175
MCC (Micro Commercial Components),SMBJP6KE150AHE3,Active,A R H,Unidirectional,SMB,600,128,1,207,2.9,143,158,175
MCC (Micro Commercial Components),SMBJP6KE160AHE3,Active,A R H,Unidirectional,SMB,600,136,1,219,2.8,152,168,175
MCC (Micro Commercial Components),SMBJP6KE170AHE3,Active,A R H,Unidirectional,SMB,600,145,1,234,2.6,162,179,175
MCC (Micro Commercial Components),SMBJP6KE180AHE3,Active,A R H,Unidirectional,SMB,600,154,1,246,2.5,171,189,175
MCC (Micro Commercial Components),SMBJP6KE200AHE3,Active,A R H,Unidirectional,SMB,600,171,1,274,2.2,190,210,175
MCC (Micro Commercial Components),SMBJP6KE220AHE3,Active,A R H,Unidirectional,SMB,600,185,1,328,1.9,209,231,175
MCC (Micro Commercial Components),SMBJP6KE12CAHE3,Active,A R H,Bidirectional,SMB,600,10.2,5,16.7,36.5,11.4,12.6,175
MCC (Micro Commercial Components),SMBJP6KE13CAHE3,Active,A R H,Bidirectional,SMB,600,11.1,1,18.2,33.5,12.4,13.7,175
MCC (Micro Commercial Components),SMBJP6KE15CAHE3,Active,A R H,Bidirectional,SMB,600,12.8,1,21.2,28.8,14.3,15.8,175
MCC (Micro Commercial Components),SMBJP6KE16CAHE3,Active,A R H,Bidirectional,SMB,600,13.6,1,22.5,27.1,15.2,16.8,175
MCC (Micro Commercial Components),SMBJP6KE18CAHE3,Active,A R H,Bidirectional,SMB,600,15.3,1,25.5,24.2,17.1,18.9,175
MCC (Micro Commercial Components),SMBJP6KE20CAHE3,Active,A R H,Bidirectional,SMB,600,17.1,1,27.7,22,19,21,175
MCC (Micro Commercial Components),SMBJP6KE22CAHE3,Active,A R H,Bidirectional,SMB,600,18.8,1,30.6,19.9,20.9,23.1,175
MCC (Micro Commercial Components),SMBJP6KE24CAHE3,Active,A R H,Bidirectional,SMB,600,20.5,1,33.2,18.4,22.8,25.2,175
MCC (Micro Commercial Components),SMBJP6KE27CAHE3,Active,A R H,Bidirectional,SMB,600,23.1,1,37.5,16.3,25.7,28.4,175
MCC (Micro Commercial Components),SMBJP6KE30CAHE3,Active,A R H,Bidirectional,SMB,600,25.6,1,41.4,14.7,28.5,31.5,175
MCC (Micro Commercial Components),SMBJP6KE33CAHE3,Active,A R H,Bidirectional,SMB,600,28.2,1,45.7,13.3,31.4,34.7,175
MCC (Micro Commercial Components),SMBJP6KE36CAHE3,Active,A R H,Bidirectional,SMB,600,30.8,1,49.9,12.2,34.2,37.8,175
MCC (Micro Commercial Components),SMBJP6KE39CAHE3,Active,A R H,Bidirectional,SMB,600,33.3,1,53.9,11.3,37.1,41,175
MCC (Micro Commercial Components),SMBJP6KE43CAHE3,Active,A R H,Bidirectional,SMB,600,36.8,1,59.3,10.3,40.9,45.2,175
MCC (Micro Commercial Components),SMBJP6KE47CAHE3,Active,A R H,Bidirectional,SMB,600,40.2,1,64.8,9.4,44.7,49.4,175
MCC (Micro Commercial Components),SMBJP6KE51CAHE3,Active,A R H,Bidirectional,SMB,600,43.6,1,70.1,8.7,48.5,53.6,175
MCC (Micro Commercial Components),SMBJP6KE56CAHE3,Active,A R H,Bidirectional,SMB,600,47.8,1,77,7.9,53.2,58.8,175
MCC (Micro Commercial Components),SMBJP6KE62CAHE3,Active,A R H,Bidirectional,SMB,600,53,1,85,7.2,58.9,65.1,175
MCC (Micro Commercial Components),SMBJP6KE68CAHE3,Active,A R H,Bidirectional,SMB,600,58.1,1,92,6.6,64.6,71.4,175
MCC (Micro Commercial Components),SMBJP6KE75CAHE3,Active,A R H,Bidirectional,SMB,600,64.1,1,103,5.9,71.3,78.8,175
MCC (Micro Commercial Components),SMBJP6KE82CAHE3,Active,A R H,Bidirectional,SMB,600,70.1,1,113,5.4,77.9,86.1,175
MCC (Micro Commercial Components),SMBJP6KE91CAHE3,Active,A R H,Bidirectional,SMB,600,77.8,1,125,4.9,86.5,95.5,175
MCC (Micro Commercial Components),SMBJP6KE100CAHE3,Active,A R H,Bidirectional,SMB,600,85.5,1,137,4.5,95,105,175
MCC (Micro Commercial Components),SMBJP6KE110CAHE3,Active,A R H,Bidirectional,SMB,600,94,1,152,4,105,116,175
MCC (Micro Commercial Components),SMBJP6KE120CAHE3,Active,A R H,Bidirectional,SMB,600,102,1,165,3.7,114,126,175
MCC (Micro Commercial Components),SMBJP6KE130CAHE3,Active,A R H,Bidirectional,SMB,600,111,1,179,3.4,124,137,175
MCC (Micro Commercial Components),SMBJP6KE150CAHE3,Active,A R H,Bidirectional,SMB,600,128,1,207,2.9,143,158,175
MCC (Micro Commercial Components),SMBJP6KE160CAHE3,Active,A R H,Bidirectional,SMB,600,136,1,219,2.8,152,168,175
MCC (Micro Commercial Components),SMBJP6KE170CAHE3,Active,A R H,Bidirectional,SMB,600,145,1,234,2.6,162,179,175
MCC (Micro Commercial Components),SMBJP6KE180CAHE3,Active,A R H,Bidirectional,SMB,600,154,1,246,2.5,171,189,175
MCC (Micro Commercial Components),SMBJP6KE200CAHE3,Active,A R H,Bidirectional,SMB,600,171,1,274,2.2,190,210,175
MCC (Micro Commercial Components),SMBJP6KE220CAHE3,Active,A R H,Bidirectional,SMB,600,185,1,328,1.9,209,231,175
MCC (Micro Commercial Components),SMCJ1.5KE12AHE3,Active,A R H,Unidirectional,SMC,1500,10.2,5,16.7,91,11.4,12.6,175
MCC (Micro Commercial Components),SMCJ1.5KE13AHE3,Active,A R H,Unidirectional,SMC,1500,11.1,1,18.2,83.5,12.4,13.7,175
MCC (Micro Commercial Components),SMCJ1.5KE15AHE3,Active,A R H,Unidirectional,SMC,1500,12.8,1,21.2,71.7,14.3,15.8,175
MCC (Micro Commercial Components),SMCJ1.5KE16AHE3,Active,A R H,Unidirectional,SMC,1500,13.6,1,22.5,67.6,15.2,16.8,175
MCC (Micro Commercial Components),SMCJ1.5KE18AHE3,Active,A R H,Unidirectional,SMC,1500,15.3,1,25.5,60.3,17.1,18.9,175
MCC (Micro Commercial Components),SMCJ1.5KE20AHE3,Active,A R H,Unidirectional,SMC,1500,17.1,1,27.7,54.9,19,21,175
MCC (Micro Commercial Components),SMCJ1.5KE22AHE3,Active,A R H,Unidirectional,SMC,1500,18.8,1,30.6,49.7,20.9,23.1,175
MCC (Micro Commercial Components),SMCJ1.5KE24AHE3,Active,A R H,Unidirectional,SMC,1500,20.5,1,33.2,45.8,22.8,25.2,175
MCC (Micro Commercial Components),SMCJ1.5KE27AHE3,Active,A R H,Unidirectional,SMC,1500,23.1,1,37.5,40.5,25.7,28.4,175
MCC (Micro Commercial Components),SMCJ1.5KE30AHE3,Active,A R H,Unidirectional,SMC,1500,25.6,1,41.4,36.7,28.5,31.5,175
MCC (Micro Commercial Components),SMCJ1.5KE33AHE3,Active,A R H,Unidirectional,SMC,1500,28.2,1,45.7,33.3,31.4,34.7,175
MCC (Micro Commercial Components),SMCJ1.5KE36AHE3,Active,A R H,Unidirectional,SMC,1500,30.8,1,49.9,30.5,34.2,37.8,175
MCC (Micro Commercial Components),SMCJ1.5KE39AHE3,Active,A R H,Unidirectional,SMC,1500,33.3,1,53.9,28.2,37.1,41,175
MCC (Micro Commercial Components),SMCJ1.5KE43AHE3,Active,A R H,Unidirectional,SMC,1500,36.8,1,59.3,25.6,40.9,45.2,175
MCC (Micro Commercial Components),SMCJ1.5KE47AHE3,Active,A R H,Unidirectional,SMC,1500,40.2,1,64.8,23.5,44.7,49.4,175
MCC (Micro Commercial Components),SMCJ1.5KE51AHE3,Active,A R H,Unidirectional,SMC,1500,43.6,1,70.1,21.7,48.5,53.6,175
MCC (Micro Commercial Components),SMCJ1.5KE56AHE3,Active,A R H,Unidirectional,SMC,1500,47.8,1,77,19.7,53.2,58.8,175
MCC (Micro Commercial Components),SMCJ1.5KE62AHE3,Active,A R H,Unidirectional,SMC,1500,53,1,85,17.9,58.9,65.1,175
MCC (Micro Commercial Components),SMCJ1.5KE68AHE3,Active,A R H,Unidirectional,SMC,1500,58.1,1,92,16.5,64.6,71.4,175
MCC (Micro Commercial Components),SMCJ1.5KE75AHE3,Active,A R H,Unidirectional,SMC,1500,64.1,1,103,14.8,71.3,78.8,175
MCC (Micro Commercial Components),SMCJ1.5KE82AHE3,Active,A R H,Unidirectional,SMC,1500,70.1,1,113,13.5,77.9,86.1,175
MCC (Micro Commercial Components),SMCJ1.5KE91AHE3,Active,A R H,Unidirectional,SMC,1500,77.8,1,125,12.2,86.5,95.5,175
MCC (Micro Commercial Components),SMCJ1.5KE100AHE3,Active,A R H,Unidirectional,SMC,1500,85.5,1,137,11,95,105,175
MCC (Micro Commercial Components),SMCJ1.5KE110AHE3,Active,A R H,Unidirectional,SMC,1500,94,1,152,9.9,104.5,115.5,175
MCC (Micro Commercial Components),SMCJ1.5KE120AHE3,Active,A R H,Unidirectional,SMC,1500,102,1,165,9.1,114,126,175
MCC (Micro Commercial Components),SMCJ1.5KE130AHE3,Active,A R H,Unidirectional,SMC,1500,111,1,179,8.4,123.5,136.5,175
MCC (Micro Commercial Components),SMCJ1.5KE150AHE3,Active,A R H,Unidirectional,SMC,1500,128,1,207,7.3,142.5,157.5,175
MCC (Micro Commercial Components),SMCJ1.5KE160AHE3,Active,A R H,Unidirectional,SMC,1500,136,5,219,6.9,152,168,175
MCC (Micro Commercial Components),SMCJ1.5KE170AHE3,Active,A R H,Unidirectional,SMC,1500,145,5,234,6.4,161.5,178.5,175
MCC (Micro Commercial Components),SMCJ1.5KE180AHE3,Active,A R H,Unidirectional,SMC,1500,154,5,246,6.1,171,189,175
MCC (Micro Commercial Components),SMCJ1.5KE200AHE3,Active,A R H,Unidirectional,SMC,1500,171,5,274,5.5,190,210,175
MCC (Micro Commercial Components),SMCJ1.5KE220AHE3,Active,A R H,Unidirectional,SMC,1500,185,5,328,4.6,209,231,175
MCC (Micro Commercial Components),SMCJ1.5KE12CAHE3,Active,A R H,Bidirectional,SMC,1500,10.2,5,16.7,91,11.4,12.6,175
MCC (Micro Commercial Components),SMCJ1.5KE13CAHE3,Active,A R H,Bidirectional,SMC,1500,11.1,1,18.2,83.5,12.4,13.7,175
MCC (Micro Commercial Components),SMCJ1.5KE15CAHE3,Active,A R H,Bidirectional,SMC,1500,12.8,1,21.2,71.7,14.3,15.8,175
MCC (Micro Commercial Components),SMCJ1.5KE16CAHE3,Active,A R H,Bidirectional,SMC,1500,13.6,1,22.5,67.6,15.2,16.8,175
MCC (Micro Commercial Components),SMCJ1.5KE18CAHE3,Active,A R H,Bidirectional,SMC,1500,15.3,1,25.5,60.3,17.1,18.9,175
MCC (Micro Commercial Components),SMCJ1.5KE20CAHE3,Active,A R H,Bidirectional,SMC,1500,17.1,1,27.7,54.9,19,21,175
MCC (Micro Commercial Components),SMCJ1.5KE22CAHE3,Active,A R H,Bidirectional,SMC,1500,18.8,1,30.6,49.7,20.9,23.1,175
MCC (Micro Commercial Components),SMCJ1.5KE24CAHE3,Active,A R H,Bidirectional,SMC,1500,20.5,1,33.2,45.8,22.8,25.2,175
MCC (Micro Commercial Components),SMCJ1.5KE27CAHE3,Active,A R H,Bidirectional,SMC,1500,23.1,1,37.5,40.5,25.7,28.4,175
MCC (Micro Commercial Components),SMCJ1.5KE30CAHE3,Active,A R H,Bidirectional,SMC,1500,25.6,1,41.4,36.7,28.5,31.5,175
MCC (Micro Commercial Components),SMCJ1.5KE33CAHE3,Active,A R H,Bidirectional,SMC,1500,28.2,1,45.7,33.3,31.4,34.7,175
MCC (Micro Commercial Components),SMCJ1.5KE36CAHE3,Active,A R H,Bidirectional,SMC,1500,30.8,1,49.9,30.5,34.2,37.8,175
MCC (Micro Commercial Components),SMCJ1.5KE39CAHE3,Active,A R H,Bidirectional,SMC,1500,33.3,1,53.9,28.2,37.1,41,175
MCC (Micro Commercial Components),SMCJ1.5KE43CAHE3,Active,A R H,Bidirectional,SMC,1500,36.8,1,59.3,25.6,40.9,45.2,175
MCC (Micro Commercial Components),SMCJ1.5KE47CAHE3,Active,A R H,Bidirectional,SMC,1500,40.2,1,64.8,23.5,44.7,49.4,175
MCC (Micro Commercial Components),SMCJ1.5KE51CAHE3,Active,A R H,Bidirectional,SMC,1500,43.6,1,70.1,21.7,48.5,53.6,175
MCC (Micro Commercial Components),SMCJ1.5KE56CAHE3,Active,A R H,Bidirectional,SMC,1500,47.8,1,77,19.7,53.2,58.8,175
MCC (Micro Commercial Components),SMCJ1.5KE62CAHE3,Active,A R H,Bidirectional,SMC,1500,53,1,85,17.9,58.9,65.1,175
MCC (Micro Commercial Components),SMCJ1.5KE68CAHE3,Active,A R H,Bidirectional,SMC,1500,58.1,1,92,16.5,64.6,71.4,175
MCC (Micro Commercial Components),SMCJ1.5KE75CAHE3,Active,A R H,Bidirectional,SMC,1500,64.1,1,103,14.8,71.3,78.8,175
MCC (Micro Commercial Components),SMCJ1.5KE82CAHE3,Active,A R H,Bidirectional,SMC,1500,70.1,1,113,13.5,77.9,86.1,175
MCC (Micro Commercial Components),SMCJ1.5KE91CAHE3,Active,A R H,Bidirectional,SMC,1500,77.8,1,125,12.2,86.5,95.5,175
MCC (Micro Commercial Components),SMCJ1.5KE100CAHE3,Active,A R H,Bidirectional,SMC,1500,85.5,1,137,11,95,105,175
MCC (Micro Commercial Components),SMCJ1.5KE110CAHE3,Active,A R H,Bidirectional,SMC,1500,94,1,152,9.9,104.5,115.5,175
MCC (Micro Commercial Components),SMCJ1.5KE120CAHE3,Active,A R H,Bidirectional,SMC,1500,102,1,165,9.1,114,126,175
MCC (Micro Commercial Components),SMCJ1.5KE130CAHE3,Active,A R H,Bidirectional,SMC,1500,111,1,179,8.4,123.5,136.5,175
MCC (Micro Commercial Components),SMCJ1.5KE150CAHE3,Active,A R H,Bidirectional,SMC,1500,128,1,207,7.3,142.5,157.5,175
MCC (Micro Commercial Components),SMCJ1.5KE160CAHE3,Active,A R H,Bidirectional,SMC,1500,136,5,219,6.9,152,168,175
MCC (Micro Commercial Components),SMCJ1.5KE170CAHE3,Active,A R H,Bidirectional,SMC,1500,145,5,234,6.4,161.5,178.5,175
MCC (Micro Commercial Components),SMCJ1.5KE180CAHE3,Active,A R H,Bidirectional,SMC,1500,154,5,246,6.1,171,189,175
MCC (Micro Commercial Components),SMCJ1.5KE200CAHE3,Active,A R H,Bidirectional,SMC,1500,171,5,274,5.5,190,210,175
MCC (Micro Commercial Components),SMCJ1.5KE220CAHE3,Active,A R H,Bidirectional,SMC,1500,185,5,328,4.6,209,231,175
MCC (Micro Commercial Components),SMCJ100CAHE3,Active,A R H,Bidirectional,SMC,1500,100,1,162,9.3,111,123,175
MCC (Micro Commercial Components),SMCJ10CAHE3,Active,A R H,Bidirectional,SMC,1500,10,5,17,88.2,11.1,12.3,175
MCC (Micro Commercial Components),SMCJ110CAHE3,Active,A R H,Bidirectional,SMC,1500,110,1,177,8.5,122,135,175
MCC (Micro Commercial Components),SMCJ11CAHE3,Active,A R H,Bidirectional,SMC,1500,11,1,18.2,82.4,12.2,13.5,175
MCC (Micro Commercial Components),SMCJ120CAHE3,Active,A R H,Bidirectional,SMC,1500,120,1,193,7.8,133,147,175
MCC (Micro Commercial Components),SMCJ12CAHE3,Active,A R H,Bidirectional,SMC,1500,12,1,19.9,75.3,13.3,14.7,175
MCC (Micro Commercial Components),SMCJ130CAHE3,Active,A R H,Bidirectional,SMC,1500,130,1,209,7.2,144,159,175
MCC (Micro Commercial Components),SMCJ13CAHE3,Active,A R H,Bidirectional,SMC,1500,13,1,21.5,69.7,14.4,15.9,175
MCC (Micro Commercial Components),SMCJ14CAHE3,Active,A R H,Bidirectional,SMC,1500,14,1,23.2,64.7,15.6,17.2,175
MCC (Micro Commercial Components),SMCJ150CAHE3,Active,A R H,Bidirectional,SMC,1500,150,1,243,6.2,167,185,175
MCC (Micro Commercial Components),SMCJ15CAHE3,Active,A R H,Bidirectional,SMC,1500,15,1,24.4,61.5,16.7,18.5,175
MCC (Micro Commercial Components),SMCJ160CAHE3,Active,A R H,Bidirectional,SMC,1500,160,1,259,5.8,178,197,175
MCC (Micro Commercial Components),SMCJ16CAHE3,Active,A R H,Bidirectional,SMC,1500,16,1,26,57.7,17.8,19.7,175
MCC (Micro Commercial Components),SMCJ170CAHE3,Active,A R H,Bidirectional,SMC,1500,170,1,275,5.5,189,209,175
MCC (Micro Commercial Components),SMCJ17CAHE3,Active,A R H,Bidirectional,SMC,1500,17,1,27.6,53.3,18.9,20.9,175
MCC (Micro Commercial Components),SMCJ180CAHE3,Active,A R H,Bidirectional,SMC,1500,180,1,292,5.1,201,220,175
MCC (Micro Commercial Components),SMCJ18CAHE3,Active,A R H,Bidirectional,SMC,1500,18,1,29.2,51.4,20,22.1,175
MCC (Micro Commercial Components),SMCJ20CAHE3,Active,A R H,Bidirectional,SMC,1500,20,1,32.4,46.3,22.2,24.5,175
MCC (Micro Commercial Components),SMCJ22CAHE3,Active,A R H,Bidirectional,SMC,1500,22,1,35.5,42.2,24.4,26.9,175
MCC (Micro Commercial Components),SMCJ24CAHE3,Active,A R H,Bidirectional,SMC,1500,24,1,38.9,38.6,26.7,29.5,175
MCC (Micro Commercial Components),SMCJ26CAHE3,Active,A R H,Bidirectional,SMC,1500,26,1,42.1,35.6,28.9,31.9,175
MCC (Micro Commercial Components),SMCJ28CAHE3,Active,A R H,Bidirectional,SMC,1500,28,1,45.4,33,31.1,34.4,175
MCC (Micro Commercial Components),SMCJ30CAHE3,Active,A R H,Bidirectional,SMC,1500,30,1,48.4,31,33.3,36.8,175
MCC (Micro Commercial Components),SMCJ33CAHE3,Active,A R H,Bidirectional,SMC,1500,33,1,53.3,28.1,36.7,40.6,175
MCC (Micro Commercial Components),SMCJ36CAHE3,Active,A R H,Bidirectional,SMC,1500,36,1,58.1,25.8,40,44.2,175
MCC (Micro Commercial Components),SMCJ40CAHE3,Active,A R H,Bidirectional,SMC,1500,40,1,64.5,23.2,44.4,49.1,175
MCC (Micro Commercial Components),SMCJ43CAHE3,Active,A R H,Bidirectional,SMC,1500,43,1,69.4,21.6,47.8,52.8,175
MCC (Micro Commercial Components),SMCJ45CAHE3,Active,A R H,Bidirectional,SMC,1500,45,1,72.7,20.6,50,55.3,175
MCC (Micro Commercial Components),SMCJ48CAHE3,Active,A R H,Bidirectional,SMC,1500,48,1,77.4,19.4,53.3,58.9,175
MCC (Micro Commercial Components),SMCJ51CAHE3,Active,A R H,Bidirectional,SMC,1500,51,1,82.4,18.2,56.7,62.7,175
MCC (Micro Commercial Components),SMCJ54CAHE3,Active,A R H,Bidirectional,SMC,1500,54,1,87.1,17.2,60,66.3,175
MCC (Micro Commercial Components),SMCJ58CAHE3,Active,A R H,Bidirectional,SMC,1500,58,1,93.6,16,64.4,71.2,175
MCC (Micro Commercial Components),SMCJ60CAHE3,Active,A R H,Bidirectional,SMC,1500,60,1,96.8,15.5,66.7,73.7,175
MCC (Micro Commercial Components),SMCJ64CAHE3,Active,A R H,Bidirectional,SMC,1500,64,1,103,14.6,71.1,78.6,175
MCC (Micro Commercial Components),SMCJ70CAHE3,Active,A R H,Bidirectional,SMC,1500,70,1,113,13.3,77.8,86,175
MCC (Micro Commercial Components),SMCJ75CAHE3,Active,A R H,Bidirectional,SMC,1500,75,1,121,12.4,83.3,92.1,175
MCC (Micro Commercial Components),SMCJ78CAHE3,Active,A R H,Bidirectional,SMC,1500,78,1,126,11.9,86.7,95.8,175
MCC (Micro Commercial Components),SMCJ85CAHE3,Active,A R H,Bidirectional,SMC,1500,85,1,137,11,94.4,104,175
MCC (Micro Commercial Components),SMCJ90CAHE3,Active,A R H,Bidirectional,SMC,1500,90,1,146,10.3,100,111,175
MCC (Micro Commercial Components),SMCJ100AHE3,Active,A R H,Unidirectional,SMC,1500,100,1,162,9.3,111,123,175
MCC (Micro Commercial Components),SMCJ10AHE3,Active,A R H,Unidirectional,SMC,1500,10,5,17,88.2,11.1,12.3,175
MCC (Micro Commercial Components),SMCJ110AHE3,Active,A R H,Unidirectional,SMC,1500,110,1,177,8.5,122,135,175
MCC (Micro Commercial Components),SMCJ11AHE3,Active,A R H,Unidirectional,SMC,1500,11,1,18.2,82.4,12.2,13.5,175
MCC (Micro Commercial Components),SMCJ120AHE3,Active,A R H,Unidirectional,SMC,1500,120,1,193,7.8,133,147,175
MCC (Micro Commercial Components),SMCJ12AHE3,Active,A R H,Unidirectional,SMC,1500,12,1,19.9,75.3,13.3,14.7,175
MCC (Micro Commercial Components),SMCJ130AHE3,Active,A R H,Unidirectional,SMC,1500,130,1,209,7.2,144,159,175
MCC (Micro Commercial Components),SMCJ13AHE3,Active,A R H,Unidirectional,SMC,1500,13,1,21.5,69.7,14.4,15.9,175
MCC (Micro Commercial Components),SMCJ14AHE3,Active,A R H,Unidirectional,SMC,1500,14,1,23.2,64.7,15.6,17.2,175
MCC (Micro Commercial Components),SMCJ150AHE3,Active,A R H,Unidirectional,SMC,1500,150,1,243,6.2,167,185,175
MCC (Micro Commercial Components),SMCJ15AHE3,Active,A R H,Unidirectional,SMC,1500,15,1,24.4,61.5,16.7,18.5,175
MCC (Micro Commercial Components),SMCJ160AHE3,Active,A R H,Unidirectional,SMC,1500,160,1,259,5.8,178,197,175
MCC (Micro Commercial Components),SMCJ16AHE3,Active,A R H,Unidirectional,SMC,1500,16,1,26,57.7,17.8,19.7,175
MCC (Micro Commercial Components),SMCJ170AHE3,Active,A R H,Unidirectional,SMC,1500,170,1,275,5.5,189,209,175
MCC (Micro Commercial Components),SMCJ17AHE3,Active,A R H,Unidirectional,SMC,1500,17,1,27.6,53.3,18.9,20.9,175
MCC (Micro Commercial Components),SMCJ180AHE3,Active,A R H,Unidirectional,SMC,1500,180,1,292,5.1,200,220,175
MCC (Micro Commercial Components),SMCJ18AHE3,Active,A R H,Unidirectional,SMC,1500,18,1,29.2,51.4,20,22.1,175
MCC (Micro Commercial Components),SMCJ20AHE3,Active,A R H,Unidirectional,SMC,1500,20,1,32.4,46.3,22.2,24.5,175
MCC (Micro Commercial Components),SMCJ22AHE3,Active,A R H,Unidirectional,SMC,1500,22,1,35.5,42.2,24.4,26.9,175
MCC (Micro Commercial Components),SMCJ24AHE3,Active,A R H,Unidirectional,SMC,1500,24,1,38.9,38.6,26.7,29.5,175
MCC (Micro Commercial Components),SMCJ26AHE3,Active,A R H,Unidirectional,SMC,1500,26,1,42.1,35.6,28.9,31.9,175
MCC (Micro Commercial Components),SMCJ28AHE3,Active,A R H,Unidirectional,SMC,1500,28,1,45.4,33,31.1,34.4,175
MCC (Micro Commercial Components),SMCJ30AHE3,Active,A R H,Unidirectional,SMC,1500,30,1,48.4,31,33.3,36.8,175
MCC (Micro Commercial Components),SMCJ33AHE3,Active,A R H,Unidirectional,SMC,1500,33,1,53.3,28.1,36.7,40.6,175
MCC (Micro Commercial Components),SMCJ36AHE3,Active,A R H,Unidirectional,SMC,1500,36,1,58.1,25.8,40,44.2,175
MCC (Micro Commercial Components),SMCJ40AHE3,Active,A R H,Unidirectional,SMC,1500,40,1,64.5,23.2,44.4,49.1,175
MCC (Micro Commercial Components),SMCJ43AHE3,Active,A R H,Unidirectional,SMC,1500,43,1,69.4,21.6,47.8,52.8,175
MCC (Micro Commercial Components),SMCJ45AHE3,Active,A R H,Unidirectional,SMC,1500,45,1,72.7,20.6,50,55.3,175
MCC (Micro Commercial Components),SMCJ48AHE3,Active,A R H,Unidirectional,SMC,1500,48,1,77.4,19.4,53.3,58.9,175
MCC (Micro Commercial Components),SMCJ51AHE3,Active,A R H,Unidirectional,SMC,1500,51,1,82.4,18.2,56.7,62.7,175
MCC (Micro Commercial Components),SMCJ54AHE3,Active,A R H,Unidirectional,SMC,1500,54,1,87.1,17.2,60,66.3,175
MCC (Micro Commercial Components),SMCJ58AHE3,Active,A R H,Unidirectional,SMC,1500,58,1,93.6,16,64.4,71.2,175
MCC (Micro Commercial Components),SMCJ60AHE3,Active,A R H,Unidirectional,SMC,1500,60,1,96.8,15.5,66.7,73.7,175
MCC (Micro Commercial Components),SMCJ64AHE3,Active,A R H,Unidirectional,SMC,1500,64,1,103,14.6,71.1,78.6,175
MCC (Micro Commercial Components),SMCJ70AHE3,Active,A R H,Unidirectional,SMC,1500,70,1,113,13.3,77.8,86,175
MCC (Micro Commercial Components),SMCJ75AHE3,Active,A R H,Unidirectional,SMC,1500,75,1,121,12.4,83.3,92.1,175
MCC (Micro Commercial Components),SMCJ78AHE3,Active,A R H,Unidirectional,SMC,1500,78,1,126,11.9,86.7,95.8,175
MCC (Micro Commercial Components),SMCJ85AHE3,Active,A R H,Unidirectional,SMC,1500,85,1,137,11,94.4,104,175
MCC (Micro Commercial Components),SMCJ90AHE3,Active,A R H,Unidirectional,SMC,1500,90,1,146,10.3,100,111,175
MCC (Micro Commercial Components),SM4F11A,Active,R H,Unidirectional,SOD-123FL,400,11,1,18.2,21.98,12.2,13.5,150
MCC (Micro Commercial Components),SM4F12A,Active,R H,Unidirectional,SOD-123FL,400,12,1,19.9,20.1,13.3,14.7,150
MCC (Micro Commercial Components),SM4F13A,Active,R H,Unidirectional,SOD-123FL,400,13,1,21.5,18.6,14.4,15.9,150
MCC (Micro Commercial Components),SM4F14A,Active,R H,Unidirectional,SOD-123FL,400,14,1,23.2,17.24,15.6,17.2,150
MCC (Micro Commercial Components),SM4F15A,Active,R H,Unidirectional,SOD-123FL,400,15,1,24.4,16.39,16.7,18.5,150
MCC (Micro Commercial Components),SM4F16A,Active,R H,Unidirectional,SOD-123FL,400,16,1,26,15.38,17.8,19.7,150
MCC (Micro Commercial Components),SM4F17A,Active,R H,Unidirectional,SOD-123FL,400,17,1,27.6,14.49,18.9,20.9,150
MCC (Micro Commercial Components),SM4F18A,Active,R H,Unidirectional,SOD-123FL,400,18,1,29.2,13.7,20,22.1,150
MCC (Micro Commercial Components),SM4F19A,Active,R H,Unidirectional,SOD-123FL,400,19,1,30.8,13,21.1,23.3,150
MCC (Micro Commercial Components),SM4F20A,Active,R H,Unidirectional,SOD-123FL,400,20,1,32.4,12.35,22.2,24.5,150
MCC (Micro Commercial Components),SM4F22A,Active,R H,Unidirectional,SOD-123FL,400,22,1,35.5,11.27,24.4,26.9,150
MCC (Micro Commercial Components),SM4F24A,Active,R H,Unidirectional,SOD-123FL,400,24,1,38.9,10.28,26.7,29.5,150
MCC (Micro Commercial Components),SM4F26A,Active,R H,Unidirectional,SOD-123FL,400,26,1,42.1,9.5,28.9,31.9,150
MCC (Micro Commercial Components),SM4F28A,Active,R H,Unidirectional,SOD-123FL,400,28,1,45.4,8.81,31.1,34.4,150
MCC (Micro Commercial Components),SM4F30A,Active,R H,Unidirectional,SOD-123FL,400,30,1,48.4,8.26,33.3,36.8,150
MCC (Micro Commercial Components),SM4F33A,Active,R H,Unidirectional,SOD-123FL,400,33,1,53.3,7.5,36.7,40.6,150
MCC (Micro Commercial Components),SM4F36A,Active,R H,Unidirectional,SOD-123FL,400,36,1,58.1,6.88,40,44.2,150
MCC (Micro Commercial Components),5.0SMLJ180A,Active,R H,Unidirectional,SMC,5000,180,5,292,17.1,200,220,175
MCC (Micro Commercial Components),5.0SMLJ190A,Active,R H,Unidirectional,SMC,5000,190,5,308,16.2,211,258,175
MCC (Micro Commercial Components),5.0SMLJ200A,Active,R H,Unidirectional,SMC,5000,200,5,324,15.4,224,247,175
MCC (Micro Commercial Components),5.0SMLJ220A,Active,R H,Unidirectional,SMC,5000,220,5,356,14,246,272,175
MCC (Micro Commercial Components),5.0SMLJ250A,Active,R H,Unidirectional,SMC,5000,250,5,405,12.3,279,309,175
MCC (Micro Commercial Components),5.0SMLJ300A,Active,R H,Unidirectional,SMC,5000,300,5,486,10.3,335,271,175
MCC (Micro Commercial Components),5.0SMLJ350A,Active,R H,Unidirectional,SMC,5000,350,5,567,8.8,391,432,175
MCC (Micro Commercial Components),5.0SMLJ400A,Active,R H,Unidirectional,SMC,5000,400,5,648,7.7,447,494,175
MCC (Micro Commercial Components),SMB10J5.0A,Active,R H,Unidirectional,SMB,1000,5,800,9.2,108.7,6.4,7,150
MCC (Micro Commercial Components),SMB10J6.0A,Active,R H,Unidirectional,SMB,1000,6,800,10.3,97.09,6.67,7.37,150
MCC (Micro Commercial Components),SMB10J6.5A,Active,R H,Unidirectional,SMB,1000,6.5,500,11.2,89.29,7.22,7.98,150
MCC (Micro Commercial Components),SMB10J7.0A,Active,R H,Unidirectional,SMB,1000,7,200,12,83.33,7.78,8.6,150
MCC (Micro Commercial Components),SMB10J7.5A,Active,R H,Unidirectional,SMB,1000,7.5,100,12.9,77.52,8.33,9.21,150
MCC (Micro Commercial Components),SMB10J8.0A,Active,R H,Unidirectional,SMB,1000,8,50,13.6,73.53,8.89,9.83,150
MCC (Micro Commercial Components),SMB10J8.5A,Active,R H,Unidirectional,SMB,1000,8.5,10,14.4,69.44,9.44,10.4,150
MCC (Micro Commercial Components),SMB10J9.0A,Active,R H,Unidirectional,SMB,1000,9,5,15.4,64.94,10,11.1,150
MCC (Micro Commercial Components),SMB10J10A,Active,R H,Unidirectional,SMB,1000,10,5,17,58.82,11.1,12.3,150
MCC (Micro Commercial Components),SMB10J11A,Active,R H,Unidirectional,SMB,1000,11,5,18.2,54.95,12.2,13.5,150
MCC (Micro Commercial Components),SMB10J12A,Active,R H,Unidirectional,SMB,1000,12,5,19.9,50.25,13.3,14.7,150
MCC (Micro Commercial Components),SMB10J13A,Active,R H,Unidirectional,SMB,1000,13,1,21.5,46.51,14.4,15.9,150
MCC (Micro Commercial Components),SMB10J14A,Active,R H,Unidirectional,SMB,1000,14,1,23.2,43.1,15.6,17.2,150
MCC (Micro Commercial Components),SMB10J15A,Active,R H,Unidirectional,SMB,1000,15,1,24.4,40.98,16.7,18.5,150
MCC (Micro Commercial Components),SMB10J16A,Active,R H,Unidirectional,SMB,1000,16,1,26,38.46,17.8,19.7,150
MCC (Micro Commercial Components),SMB10J17A,Active,R H,Unidirectional,SMB,1000,17,1,27.6,36.23,18.9,20.9,150
MCC (Micro Commercial Components),SMB10J18A,Active,R H,Unidirectional,SMB,1000,18,1,29.2,34.25,20,22.1,150
MCC (Micro Commercial Components),SMB10J19A,Active,R H,Unidirectional,SMB,1000,19,1,30.8,32.49,21.1,23.3,150
MCC (Micro Commercial Components),SMB10J20A,Active,R H,Unidirectional,SMB,1000,20,1,32.4,30.86,22.2,24.5,150
MCC (Micro Commercial Components),SMB10J22A,Active,R H,Unidirectional,SMB,1000,22,1,35.5,28.17,24.4,26.9,150
MCC (Micro Commercial Components),SMB10J24A,Active,R H,Unidirectional,SMB,1000,24,1,38.9,25.71,26.7,29.5,150
MCC (Micro Commercial Components),SMB10J26A,Active,R H,Unidirectional,SMB,1000,26,1,42.1,23.75,28.9,31.9,150
MCC (Micro Commercial Components),SMB10J28A,Active,R H,Unidirectional,SMB,1000,28,1,45.4,22.03,31.1,34.4,150
MCC (Micro Commercial Components),SMB10J30A,Active,R H,Unidirectional,SMB,1000,30,1,48.4,20.66,33.3,36.8,150
MCC (Micro Commercial Components),SMB10J33A,Active,R H,Unidirectional,SMB,1000,33,1,53.3,18.76,36.7,40.6,150
MCC (Micro Commercial Components),SMB10J36A,Active,R H,Unidirectional,SMB,1000,36,1,58.1,17.21,40,44.2,150
MCC (Micro Commercial Components),SMB10J40A,Active,R H,Unidirectional,SMB,1000,40,1,64.5,15.5,44.4,49.1,150
MCC (Micro Commercial Components),SMB10J43A,Active,R H,Unidirectional,SMB,1000,43,1,69.4,14.41,47.8,52.8,150
MCC (Micro Commercial Components),SMB10J45A,Active,R H,Unidirectional,SMB,1000,45,1,72.7,13.76,50,55.3,150
MCC (Micro Commercial Components),SMB10J48A,Active,R H,Unidirectional,SMB,1000,48,1,77.4,12.92,53.3,58.9,150
MCC (Micro Commercial Components),SMB10J51A,Active,R H,Unidirectional,SMB,1000,51,1,82.4,12.14,56.7,62.7,150
MCC (Micro Commercial Components),SMB10J54A,Active,R H,Unidirectional,SMB,1000,54,1,87.1,11.48,60,66.3,150
MCC (Micro Commercial Components),SMB10J58A,Active,R H,Unidirectional,SMB,1000,58,1,93.6,10.68,64.4,71.2,150
MCC (Micro Commercial Components),SMB10J5.0CA,Active,R H,Bidirectional,SMB,1000,5,800,9.2,108.7,6.4,7,150
MCC (Micro Commercial Components),SMB10J6.0CA,Active,R H,Bidirectional,SMB,1000,6,800,10.3,97.09,6.67,7.37,150
MCC (Micro Commercial Components),SMB10J6.5CA,Active,R H,Bidirectional,SMB,1000,6.5,500,11.2,89.29,7.22,7.98,150
MCC (Micro Commercial Components),SMB10J7.0CA,Active,R H,Bidirectional,SMB,1000,7,200,12,83.33,7.78,8.6,150
MCC (Micro Commercial Components),SMB10J7.5CA,Active,R H,Bidirectional,SMB,1000,7.5,100,12.9,77.52,8.33,9.21,150
MCC (Micro Commercial Components),SMB10J8.0CA,Active,R H,Bidirectional,SMB,1000,8,50,13.6,73.53,8.89,9.83,150
MCC (Micro Commercial Components),SMB10J8.5CA,Active,R H,Bidirectional,SMB,1000,8.5,10,14.4,69.44,9.44,10.4,150
MCC (Micro Commercial Components),SMB10J9.0CA,Active,R H,Bidirectional,SMB,1000,9,5,15.4,64.94,10,11.1,150
MCC (Micro Commercial Components),SMB10J10CA,Active,R H,Bidirectional,SMB,1000,10,5,17,58.82,11.1,12.3,150
MCC (Micro Commercial Components),SMB10J11CA,Active,R H,Bidirectional,SMB,1000,11,5,18.2,54.95,12.2,13.5,150
MCC (Micro Commercial Components),SMB10J12CA,Active,R H,Bidirectional,SMB,1000,12,5,19.9,50.25,13.3,14.7,150
MCC (Micro Commercial Components),SMB10J13CA,Active,R H,Bidirectional,SMB,1000,13,1,21.5,46.51,14.4,15.9,150
MCC (Micro Commercial Components),SMB10J14CA,Active,R H,Bidirectional,SMB,1000,14,1,23.2,43.1,15.6,17.2,150
MCC (Micro Commercial Components),SMB10J15CA,Active,R H,Bidirectional,SMB,1000,15,1,24.4,40.98,16.7,18.5,150
MCC (Micro Commercial Components),SMB10J16CA,Active,R H,Bidirectional,SMB,1000,16,1,26,38.46,17.8,19.7,150
MCC (Micro Commercial Components),SMB10J17CA,Active,R H,Bidirectional,SMB,1000,17,1,27.6,36.23,18.9,20.9,150
MCC (Micro Commercial Components),SMB10J18CA,Active,R H,Bidirectional,SMB,1000,18,1,29.2,34.25,20,22.1,150
MCC (Micro Commercial Components),SMB10J19CA,Active,R H,Bidirectional,SMB,1000,19,1,30.8,32.49,21.1,23.3,150
MCC (Micro Commercial Components),SMB10J20CA,Active,R H,Bidirectional,SMB,1000,20,1,32.4,30.86,22.2,24.5,150
MCC (Micro Commercial Components),SMB10J22CA,Active,R H,Bidirectional,SMB,1000,22,1,35.5,28.17,24.4,26.9,150
MCC (Micro Commercial Components),SMB10J24CA,Active,R H,Bidirectional,SMB,1000,24,1,38.9,25.71,26.7,29.5,150
MCC (Micro Commercial Components),SMB10J26CA,Active,R H,Bidirectional,SMB,1000,26,1,42.1,23.75,28.9,31.9,150
MCC (Micro Commercial Components),SMB10J28CA,Active,R H,Bidirectional,SMB,1000,28,1,45.4,22.03,31.1,34.4,150
MCC (Micro Commercial Components),SMB10J30CA,Active,R H,Bidirectional,SMB,1000,30,1,48.4,20.66,33.3,36.8,150
MCC (Micro Commercial Components),SMB10J33CA,Active,R H,Bidirectional,SMB,1000,33,1,53.3,18.76,36.7,40.6,150
MCC (Micro Commercial Components),SMB10J36CA,Active,R H,Bidirectional,SMB,1000,36,1,58.1,17.21,40,44.2,150
MCC (Micro Commercial Components),SMB10J40CA,Active,R H,Bidirectional,SMB,1000,40,1,64.5,15.5,44.4,49.1,150
MCC (Micro Commercial Components),SMB10J43CA,Active,R H,Bidirectional,SMB,1000,43,1,69.4,14.41,47.8,52.8,150
MCC (Micro Commercial Components),SMB10J45CA,Active,R H,Bidirectional,SMB,1000,45,1,72.7,13.76,50,55.3,150
MCC (Micro Commercial Components),SMB10J48CA,Active,R H,Bidirectional,SMB,1000,48,1,77.4,12.92,53.3,58.9,150
MCC (Micro Commercial Components),SMB10J51CA,Active,R H,Bidirectional,SMB,1000,51,1,82.4,12.14,56.7,62.7,150
MCC (Micro Commercial Components),SMB10J54CA,Active,R H,Bidirectional,SMB,1000,54,1,87.1,11.48,60,66.3,150
MCC (Micro Commercial Components),SMB10J58CA,Active,R H,Bidirectional,SMB,1000,58,1,93.6,10.68,64.4,71.2,150
MCC (Micro Commercial Components),SMBJP6KE400AL,Active,R H,Unidirectional,SMB,600,342,1,548,1.1,380,420,150
MCC (Micro Commercial Components),SMA6J6.0CA,Active,R H,Bidirectional,SMA,600,6,800,10.3,58.3,6.67,7.37,175
MCC (Micro Commercial Components),SMA6J6.5A,Active,R H,Unidirectional,SMA,600,6.5,500,11.2,53.6,7.22,7.98,175
MCC (Micro Commercial Components),SMA6J6.5CA,Active,R H,Bidirectional,SMA,600,6.5,500,11.2,53.6,7.22,7.98,175
MCC (Micro Commercial Components),SMA6J7.0A,Active,R H,Unidirectional,SMA,600,7,200,12,50,7.78,8.6,175
MCC (Micro Commercial Components),SMA6J7.0CA,Active,R H,Bidirectional,SMA,600,7,200,12,50,7.78,8.6,175
MCC (Micro Commercial Components),SMA6J7.5A,Active,R H,Unidirectional,SMA,600,7.5,100,12.9,46.5,8.33,9.21,175
MCC (Micro Commercial Components),SMA6J7.5CA,Active,R H,Bidirectional,SMA,600,7.5,100,12.9,46.5,8.33,9.21,175
MCC (Micro Commercial Components),SMA6J8.0A,Active,R H,Unidirectional,SMA,600,8,50,13.6,44.1,8.89,9.83,175
MCC (Micro Commercial Components),SMA6J8.0CA,Active,R H,Bidirectional,SMA,600,8,50,13.6,44.1,8.89,9.83,175
MCC (Micro Commercial Components),SMA6J8.5A,Active,R H,Unidirectional,SMA,600,8.5,10,14.4,41.7,9.44,10.4,175
MCC (Micro Commercial Components),SMA6J8.5CA,Active,R H,Bidirectional,SMA,600,8.5,10,14.4,41.7,9.44,10.4,175
MCC (Micro Commercial Components),SMA6J18CA,Active,R H,Bidirectional,SMA,600,18,1,29.2,20.5,20,22.1,175
MCC (Micro Commercial Components),SMA6J19CA,Active,R H,Bidirectional,SMA,600,19,1,30.8,19.5,21.1,23.3,175
MCC (Micro Commercial Components),SMA6J20CA,Active,R H,Bidirectional,SMA,600,20,1,32.4,18.5,22.2,24.5,175
MCC (Micro Commercial Components),SMA6J22CA,Active,R H,Bidirectional,SMA,600,22,1,35.5,16.9,24.4,26.9,175
MCC (Micro Commercial Components),SMA6J26CA,Active,R H,Bidirectional,SMA,600,26,1,42.1,14.3,28.9,31.9,175
MCC (Micro Commercial Components),SMA6J28A,Active,R H,Unidirectional,SMA,600,28,1,45.4,13.2,31.1,34.4,175
MCC (Micro Commercial Components),SMA6J30A,Active,R H,Unidirectional,SMA,600,30,1,48.4,12.4,33.3,36.8,175
MCC (Micro Commercial Components),SMA6J30CA,Active,R H,Bidirectional,SMA,600,30,1,48.4,12.4,33.3,36.8,175
MCC (Micro Commercial Components),SMA6J33CA,Active,R H,Bidirectional,SMA,600,33,1,53.3,11.3,36.7,40.6,175
MCC (Micro Commercial Components),SMA6J36A,Active,R H,Unidirectional,SMA,600,36,1,58.1,10.3,40,44.2,175
MCC (Micro Commercial Components),SMA6J36CA,Active,R H,Bidirectional,SMA,600,36,1,58.1,10.3,40,44.2,175
MCC (Micro Commercial Components),SMA6J40A,Active,R H,Unidirectional,SMA,600,40,1,64.5,9.3,44.4,49.1,175
MCC (Micro Commercial Components),SMA6J40CA,Active,R H,Bidirectional,SMA,600,40,1,64.5,9.3,44.4,49.1,175
MCC (Micro Commercial Components),SM4F5.0A,Active,R H,Unidirectional,SOD-123FL,400,5,400,9.2,43.5,6.4,7,150
MCC (Micro Commercial Components),SM4F6.0A,Active,R H,Unidirectional,SOD-123FL,400,6,400,10.3,38.8,6.67,7.37,150
MCC (Micro Commercial Components),SM4F6.5A,Active,R H,Unidirectional,SOD-123FL,400,6.5,400,11.2,35.7,7.22,7.98,150
MCC (Micro Commercial Components),SM4F7.0A,Active,R H,Unidirectional,SOD-123FL,400,7,200,12,33.3,7.78,8.6,150
MCC (Micro Commercial Components),SM4F7.5A,Active,R H,Unidirectional,SOD-123FL,400,7.5,100,12.9,31,8.33,9.21,150
MCC (Micro Commercial Components),SM4F8.0A,Active,R H,Unidirectional,SOD-123FL,400,8,50,13.6,29.4,8.89,9.83,150
MCC (Micro Commercial Components),SM4F8.5A,Active,R H,Unidirectional,SOD-123FL,400,8.5,20,14.4,27.7,9.44,10.4,150
MCC (Micro Commercial Components),SM4F9.0A,Active,R H,Unidirectional,SOD-123FL,400,9,10,15.4,26,10,11.1,150
MCC (Micro Commercial Components),SM4F10A,Active,R H,Unidirectional,SOD-123FL,400,10,5,17,23.5,11.1,12.3,150
MCC (Micro Commercial Components),SM4F40A,Active,R H,Unidirectional,SOD-123FL,400,40,1,64.5,6.2,44.4,49.1,150
MCC (Micro Commercial Components),SM4F43A,Active,R H,Unidirectional,SOD-123FL,400,43,1,69.4,5.7,47.8,52.8,150
MCC (Micro Commercial Components),SM4F45A,Active,R H,Unidirectional,SOD-123FL,400,45,1,72.7,5.5,50,55.3,150
MCC (Micro Commercial Components),SM4F48A,Active,R H,Unidirectional,SOD-123FL,400,48,1,77.4,5.2,53.3,58.9,150
MCC (Micro Commercial Components),SM4F51A,Active,R H,Unidirectional,SOD-123FL,400,51,1,82.4,4.9,56.7,62.7,150
MCC (Micro Commercial Components),SM4F54A,Active,R H,Unidirectional,SOD-123FL,400,54,1,87.1,4.6,60,66.3,150
MCC (Micro Commercial Components),SM4F58A,Active,R H,Unidirectional,SOD-123FL,400,58,1,93.6,4.3,64.4,71.2,150
MCC (Micro Commercial Components),SM4F60A,Active,R H,Unidirectional,SOD-123FL,400,60,1,96.8,4.1,66.7,73.7,150
MCC (Micro Commercial Components),SM4F64A,Active,R H,Unidirectional,SOD-123FL,400,64,1,103,3.9,71.1,78.6,150
MCC (Micro Commercial Components),SM4F70A,Active,R H,Unidirectional,SOD-123FL,400,70,1,113,3.5,77.8,86,150
MCC (Micro Commercial Components),SM4F75A,Active,R H,Unidirectional,SOD-123FL,400,75,1,121,3.3,83.3,92.1,150
MCC (Micro Commercial Components),SM4F78A,Active,R H,Unidirectional,SOD-123FL,400,78,1,126,2.2,86.7,95.8,150
MCC (Micro Commercial Components),SM4F85A,Active,R H,Unidirectional,SOD-123FL,400,85,1,137,2.9,94.4,104,150
MCC (Micro Commercial Components),SM4F90A,Active,R H,Unidirectional,SOD-123FL,400,90,1,146,2.74,100,111,150
MCC (Micro Commercial Components),SM4F100A,Active,R H,Unidirectional,SOD-123FL,400,100,1,162,2.46,111,123,150
MCC (Micro Commercial Components),SMBJP6KE250AL,Active,R H,Unidirectional,SMB,600,214,1,344,1.9,237,263,150
MCC (Micro Commercial Components),SMBJP6KE300AL,Active,R H,Unidirectional,SMB,600,256,1,414,1.5,285,315,150
MCC (Micro Commercial Components),SMBJP6KE350AL,Active,R H,Unidirectional,SMB,600,300,1,482,1.3,332,368,150
MCC (Micro Commercial Components),5.0SMLJ10AHE3,Active,A R H,Unidirectional,SMC,5000,10,5,17,294.12,11.1,12.3,175
MCC (Micro Commercial Components),5.0SMLJ10CAHE3,Active,A R H,Bidirectional,SMC,5000,10,5,17,294.12,11.1,12.3,175
MCC (Micro Commercial Components),5.0SMLJ19AHE3,Active,A R H,Unidirectional,SMC,5000,19,2,30.8,162.4,21.1,23.3,175
MCC (Micro Commercial Components),5.0SMLJ19CAHE3,Active,A R H,Bidirectional,SMC,5000,19,2,30.8,162.4,21.1,23.3,175
MCC (Micro Commercial Components),SMBJ1.0KE6.8A,Active,R H,Unidirectional,SMB,1000,5.8,900,10.5,95.2,6.46,7.14,150
MCC (Micro Commercial Components),SMBJ1.0KE7.5A,Active,R H,Unidirectional,SMB,1000,6.4,400,11.3,88.5,7.13,7.88,150
MCC (Micro Commercial Components),SMBJ1.0KE8.2A,Active,R H,Unidirectional,SMB,1000,7,180,12.1,82.6,7.79,8.61,150
MCC (Micro Commercial Components),SMBJ1.0KE9.1A,Active,R H,Unidirectional,SMB,1000,7.8,45,13.4,74.6,8.65,9.56,150
MCC (Micro Commercial Components),SMBJ1.0KE10A,Active,R H,Unidirectional,SMB,1000,8.6,8,14.5,69,9.5,10.5,150
MCC (Micro Commercial Components),SMBJ1.0KE11A,Active,R H,Unidirectional,SMB,1000,9.4,4,15.6,64.1,10.45,11.55,150
MCC (Micro Commercial Components),SMBJ1.0KE12A,Active,R H,Unidirectional,SMB,1000,10.2,1,16.7,59.9,11.4,12.6,150
MCC (Micro Commercial Components),SMBJ1.0KE13A,Active,R H,Unidirectional,SMB,1000,11.1,1,18.2,54.9,12.35,13.65,150
MCC (Micro Commercial Components),SMBJ1.0KE15A,Active,R H,Unidirectional,SMB,1000,12.8,1,21.2,47.2,14.25,15.75,150
MCC (Micro Commercial Components),SMBJ1.0KE16A,Active,R H,Unidirectional,SMB,1000,13.6,1,22.5,44.4,15.2,16.8,150
MCC (Micro Commercial Components),SMBJ1.0KE18A,Active,R H,Unidirectional,SMB,1000,15.3,1,25.2,39.7,17.1,18.9,150
MCC (Micro Commercial Components),SMBJ1.0KE20A,Active,R H,Unidirectional,SMB,1000,17.1,1,27.7,36.1,19,21,150
MCC (Micro Commercial Components),SMBJ1.0KE22A,Active,R H,Unidirectional,SMB,1000,18.8,1,30.6,32.7,20.9,23.1,150
MCC (Micro Commercial Components),SMBJ1.0KE24A,Active,R H,Unidirectional,SMB,1000,20.5,1,33.2,30.1,22.8,25.2,150
MCC (Micro Commercial Components),SMBJ1.0KE27A,Active,R H,Unidirectional,SMB,1000,23.1,1,37.5,26.7,25.65,28.35,150
MCC (Micro Commercial Components),SMBJ1.0KE30A,Active,R H,Unidirectional,SMB,1000,25.6,1,41.4,24.2,28.5,31.5,150
MCC (Micro Commercial Components),SMBJ1.0KE33A,Active,R H,Unidirectional,SMB,1000,28.2,1,45.7,21.9,31.35,34.65,150
MCC (Micro Commercial Components),SMBJ1.0KE36A,Active,R H,Unidirectional,SMB,1000,30.8,1,49.9,20,34.2,37.8,150
MCC (Micro Commercial Components),SMBJ1.0KE39A,Active,R H,Unidirectional,SMB,1000,33.3,1,53.9,18.6,37.05,40.95,150
MCC (Micro Commercial Components),SMBJ1.0KE43A,Active,R H,Unidirectional,SMB,1000,36.8,1,59.3,16.9,40.85,45.15,150
MCC (Micro Commercial Components),SMBJ1.0KE47A,Active,R H,Unidirectional,SMB,1000,40.2,1,64.8,15.4,44.65,49.35,150
MCC (Micro Commercial Components),SMBJ1.0KE51A,Active,R H,Unidirectional,SMB,1000,43.6,1,70.1,14.3,48.45,53.55,150
MCC (Micro Commercial Components),SMBJ1.0KE56A,Active,R H,Unidirectional,SMB,1000,47.8,1,77,13,53.2,58.8,150
MCC (Micro Commercial Components),SMBJ1.0KE62A,Active,R H,Unidirectional,SMB,1000,53,1,85,11.8,58.9,65.1,150
MCC (Micro Commercial Components),SMBJ1.0KE68A,Active,R H,Unidirectional,SMB,1000,58.1,1,92,10.9,64.6,71.4,150
MCC (Micro Commercial Components),SMBJ1.0KE75A,Active,R H,Unidirectional,SMB,1000,64.1,1,103,9.7,71.25,78.75,150
MCC (Micro Commercial Components),SMBJ1.0KE82A,Active,R H,Unidirectional,SMB,1000,70.1,1,113,8.8,77.9,86.1,150
MCC (Micro Commercial Components),SMBJ1.0KE91A,Active,R H,Unidirectional,SMB,1000,77.8,1,125,8,86.45,95.55,150
MCC (Micro Commercial Components),SMBJ1.0KE6.8CA,Active,R H,Bidirectional,SMB,1000,5.8,900,10.5,95.2,6.46,7.14,150
MCC (Micro Commercial Components),SMBJ1.0KE7.5CA,Active,R H,Bidirectional,SMB,1000,6.4,400,11.3,88.5,7.13,7.88,150
MCC (Micro Commercial Components),SMBJ1.0KE8.2CA,Active,R H,Bidirectional,SMB,1000,7,180,12.1,82.6,7.79,8.61,150
MCC (Micro Commercial Components),SMBJ1.0KE9.1CA,Active,R H,Bidirectional,SMB,1000,7.8,45,13.4,74.6,8.65,9.56,150
MCC (Micro Commercial Components),SMBJ1.0KE10CA,Active,R H,Bidirectional,SMB,1000,8.6,8,14.5,69,9.5,10.5,150
MCC (Micro Commercial Components),SMBJ1.0KE11CA,Active,R H,Bidirectional,SMB,1000,9.4,4,15.6,64.1,10.45,11.55,150
MCC (Micro Commercial Components),SMBJ1.0KE12CA,Active,R H,Bidirectional,SMB,1000,10.2,1,16.7,59.9,11.4,12.6,150
MCC (Micro Commercial Components),SMBJ1.0KE13CA,Active,R H,Bidirectional,SMB,1000,11.1,1,18.2,54.9,12.35,13.65,150
MCC (Micro Commercial Components),SMBJ1.0KE15CA,Active,R H,Bidirectional,SMB,1000,12.8,1,21.2,47.2,14.25,15.75,150
MCC (Micro Commercial Components),SMBJ1.0KE16CA,Active,R H,Bidirectional,SMB,1000,13.6,1,22.5,44.4,15.2,16.8,150
MCC (Micro Commercial Components),SMBJ1.0KE18CA,Active,R H,Bidirectional,SMB,1000,15.3,1,25.2,39.7,17.1,18.9,150
MCC (Micro Commercial Components),SMBJ1.0KE20CA,Active,R H,Bidirectional,SMB,1000,17.1,1,27.7,36.1,19,21,150
MCC (Micro Commercial Components),SMBJ1.0KE22CA,Active,R H,Bidirectional,SMB,1000,18.8,1,30.6,32.7,20.9,23.1,150
MCC (Micro Commercial Components),SMBJ1.0KE24CA,Active,R H,Bidirectional,SMB,1000,20.5,1,33.2,30.1,22.8,25.2,150
MCC (Micro Commercial Components),SMBJ1.0KE27CA,Active,R H,Bidirectional,SMB,1000,23.1,1,37.5,26.7,25.65,28.35,150
MCC (Micro Commercial Components),SMBJ1.0KE30CA,Active,R H,Bidirectional,SMB,1000,25.6,1,41.4,24.2,28.5,31.5,150
MCC (Micro Commercial Components),SMBJ1.0KE33CA,Active,R H,Bidirectional,SMB,1000,28.2,1,45.7,21.9,31.35,34.65,150
MCC (Micro Commercial Components),SMBJ1.0KE36CA,Active,R H,Bidirectional,SMB,1000,30.8,1,49.9,20,34.2,37.8,150
MCC (Micro Commercial Components),SMBJ1.0KE39CA,Active,R H,Bidirectional,SMB,1000,33.3,1,53.9,18.6,37.05,40.95,150
MCC (Micro Commercial Components),SMBJ1.0KE43CA,Active,R H,Bidirectional,SMB,1000,36.8,1,59.3,16.9,40.85,45.15,150
MCC (Micro Commercial Components),SMBJ1.0KE47CA,Active,R H,Bidirectional,SMB,1000,40.2,1,64.8,15.4,44.65,49.35,150
MCC (Micro Commercial Components),SMBJ1.0KE51CA,Active,R H,Bidirectional,SMB,1000,43.6,1,70.1,14.3,48.45,53.55,150
MCC (Micro Commercial Components),SMBJ1.0KE56CA,Active,R H,Bidirectional,SMB,1000,47.8,1,77,13,53.2,58.8,150
MCC (Micro Commercial Components),SMBJ1.0KE62CA,Active,R H,Bidirectional,SMB,1000,53,1,85,11.8,58.9,65.1,150
MCC (Micro Commercial Components),SMBJ1.0KE68CA,Active,R H,Bidirectional,SMB,1000,58.1,1,92,10.9,64.6,71.4,150
MCC (Micro Commercial Components),SMBJ1.0KE75CA,Active,R H,Bidirectional,SMB,1000,64.1,1,103,9.7,71.25,78.75,150
MCC (Micro Commercial Components),SMBJ1.0KE82CA,Active,R H,Bidirectional,SMB,1000,70.1,1,113,8.8,77.9,86.1,150
MCC (Micro Commercial Components),SMBJ1.0KE91CA,Active,R H,Bidirectional,SMB,1000,77.8,1,125,8,86.45,95.55,150
MCC (Micro Commercial Components),SMBJ220AL,Active,R H,Unidirectional,SMB,600,220,1,356,1.7,246,272,175
MCC (Micro Commercial Components),SMBJ250AL,Active,R H,Unidirectional,SMB,600,250,1,405,1.5,279,309,175
MCC (Micro Commercial Components),SMBJ300AL,Active,R H,Unidirectional,SMB,600,300,1,486,1.3,335,371,175
MCC (Micro Commercial Components),SMBJ350AL,Active,R H,Unidirectional,SMB,600,350,1,567,1.1,391,432,175
MCC (Micro Commercial Components),SMBJ400AL,Active,R H,Unidirectional,SMB,600,400,1,648,0.9,447,494,175
MCC (Micro Commercial Components),SMBJ220CAL,Active,R H,Bidirectional,SMB,600,220,1,356,1.7,246,272,175
MCC (Micro Commercial Components),SMBJ250CAL,Active,R H,Bidirectional,SMB,600,250,1,405,1.5,279,309,175
MCC (Micro Commercial Components),SMBJ300CAL,Active,R H,Bidirectional,SMB,600,300,1,486,1.3,335,371,175
MCC (Micro Commercial Components),SMBJ350CAL,Active,R H,Bidirectional,SMB,600,350,1,567,1.1,391,432,175
MCC (Micro Commercial Components),SMBJ400CAL,Active,R H,Bidirectional,SMB,600,400,1,648,0.9,447,494,175
MCC (Micro Commercial Components),SMBJ440CAL,Active,R H,Bidirectional,SMB,600,440,1,713,0.9,492,543,175
MCC (Micro Commercial Components),AK3-030C,Active,R,Bidirectional,AK,,30,20,90,3000,32,,150
MCC (Micro Commercial Components),SMA6J43A,Active,R H,Unidirectional,SMA,600,43,1,69.4,8.65,47.8,52.8,175
MCC (Micro Commercial Components),SMA6J43CA,Active,R H,Bidirectional,SMA,600,43,1,69.4,8.65,47.8,52.8,175
MCC (Micro Commercial Components),SMA6J45A,Active,R H,Unidirectional,SMA,600,45,1,72.7,8.25,50,55.3,175
MCC (Micro Commercial Components),SMA6J45CA,Active,R H,Bidirectional,SMA,600,45,1,72.7,8.25,50,55.3,175
MCC (Micro Commercial Components),SMA6J48A,Active,R H,Unidirectional,SMA,600,48,1,77.4,7.75,53.3,58.9,175
MCC (Micro Commercial Components),SMA6J48CA,Active,R H,Bidirectional,SMA,600,48,1,77.4,7.75,53.3,58.9,175
MCC (Micro Commercial Components),SMA6J51A,Active,R H,Unidirectional,SMA,600,51,1,82.4,7.28,56.7,62.7,175
MCC (Micro Commercial Components),SMA6J51CA,Active,R H,Bidirectional,SMA,600,51,1,82.4,7.28,56.7,62.7,175
MCC (Micro Commercial Components),SMA6J54A,Active,R H,Unidirectional,SMA,600,54,1,87.1,6.89,60,66.3,175
MCC (Micro Commercial Components),SMA6J54CA,Active,R H,Bidirectional,SMA,600,54,1,87.1,6.89,60,66.3,175
MCC (Micro Commercial Components),SMA6J58A,Active,R H,Unidirectional,SMA,600,58,1,93.6,6.41,64.4,71.2,175
MCC (Micro Commercial Components),SMA6J58CA,Active,R H,Bidirectional,SMA,600,58,1,93.6,6.41,64.4,71.2,175
MCC (Micro Commercial Components),SMB10J60A,Active,R H,Unidirectional,SMB,1000,60,1,96.8,10.33,66.7,73.7,150
MCC (Micro Commercial Components),SMB10J60CA,Active,R H,Bidirectional,SMB,1000,60,1,96.8,10.33,66.7,73.7,150
MCC (Micro Commercial Components),SMB10J64A,Active,R H,Unidirectional,SMB,1000,64,1,103,9.71,71.1,78.6,150
MCC (Micro Commercial Components),SMB10J64CA,Active,R H,Bidirectional,SMB,1000,64,1,103,9.71,71.1,78.6,150
MCC (Micro Commercial Components),SMB10J70A,Active,R H,Unidirectional,SMB,1000,70,1,113,8.85,77.8,86,150
MCC (Micro Commercial Components),SMB10J70CA,Active,R H,Bidirectional,SMB,1000,70,1,113,8.85,77.8,86,150
MCC (Micro Commercial Components),SMB10J75A,Active,R H,Unidirectional,SMB,1000,75,1,121,8.26,83.3,92.1,150
MCC (Micro Commercial Components),SMB10J75CA,Active,R H,Bidirectional,SMB,1000,75,1,121,8.26,83.3,92.1,150
MCC (Micro Commercial Components),SMB10J78A,Active,R H,Unidirectional,SMB,1000,78,1,126,7.94,86.7,95.8,150
MCC (Micro Commercial Components),SMB10J78CA,Active,R H,Bidirectional,SMB,1000,78,1,126,7.94,86.7,95.8,150
MCC (Micro Commercial Components),SMB10J80A,Active,R H,Unidirectional,SMB,1000,80,1,129.6,7.72,88.8,97.6,150
MCC (Micro Commercial Components),SMB10J80CA,Active,R H,Bidirectional,SMB,1000,80,1,129.6,7.72,88.8,97.6,150
MCC (Micro Commercial Components),SMB10J85A,Active,R H,Unidirectional,SMB,1000,85,1,137,7.3,94.4,104,150
MCC (Micro Commercial Components),SMB10J85CA,Active,R H,Bidirectional,SMB,1000,85,1,137,7.3,94.4,104,150
MCC (Micro Commercial Components),SMB10J90A,Active,R H,Unidirectional,SMB,1000,90,1,146,6.85,100,111,150
MCC (Micro Commercial Components),SMB10J90CA,Active,R H,Bidirectional,SMB,1000,90,1,146,6.85,100,111,150
MCC (Micro Commercial Components),SMB10J100A,Active,R H,Unidirectional,SMB,1000,100,1,162,6.17,111,123,150
MCC (Micro Commercial Components),SMB10J100CA,Active,R H,Bidirectional,SMB,1000,100,1,162,6.17,111,123,150
MCC (Micro Commercial Components),SMB10J110A,Active,R H,Unidirectional,SMB,1000,110,1,177,5.65,122,135,150
MCC (Micro Commercial Components),SMB10J110CA,Active,R H,Bidirectional,SMB,1000,110,1,177,5.65,122,135,150
MCC (Micro Commercial Components),SMB10J120A,Active,R H,Unidirectional,SMB,1000,120,1,193,5.18,133,147,150
MCC (Micro Commercial Components),SMB10J120CA,Active,R H,Bidirectional,SMB,1000,120,1,193,5.18,133,147,150
MCC (Micro Commercial Components),SMA6J5.0CA,Active,R H,Bidirectional,SMA,600,5,800,9.2,65.2,6.4,7,175
MCC (Micro Commercial Components),SMA6J28AHE3,Active,A R H,Unidirectional,SMA,600,28,1,45.4,13.2,31.1,34.4,150
MCC (Micro Commercial Components),SMA6J30AHE3,Active,A R H,Unidirectional,SMA,600,30,1,48.4,12.4,33.3,36.8,150
MCC (Micro Commercial Components),SMA6J36AHE3,Active,A R H,Unidirectional,SMA,600,36,1,58.1,10.3,40,44.2,150
MCC (Micro Commercial Components),SMA6J40AHE3,Active,A R H,Unidirectional,SMA,600,40,1,64.5,9.3,44.4,49.1,150
MCC (Micro Commercial Components),SMA6J18CAHE3,Active,A R H,Bidirectional,SMA,600,18,1,29.2,20.5,20,22.1,150
MCC (Micro Commercial Components),SMA6J19CAHE3,Active,A R H,Bidirectional,SMA,600,19,1,30.8,19.5,21.1,23.3,150
MCC (Micro Commercial Components),SMA6J20CAHE3,Active,A R H,Bidirectional,SMA,600,20,1,32.4,18.5,22.2,24.5,150
MCC (Micro Commercial Components),SMA6J22CAHE3,Active,A R H,Bidirectional,SMA,600,22,1,35.5,16.9,24.4,26.9,150
MCC (Micro Commercial Components),SMA6J26CAHE3,Active,A R H,Bidirectional,SMA,600,26,1,42.1,14.3,28.9,31.9,150
MCC (Micro Commercial Components),SMA6J30CAHE3,Active,A R H,Bidirectional,SMA,600,30,1,48.4,12.4,33.3,36.8,150
MCC (Micro Commercial Components),SMA6J33CAHE3,Active,A R H,Bidirectional,SMA,600,33,1,53.3,11.3,36.7,40.6,150
MCC (Micro Commercial Components),SMA6J36CAHE3,Active,A R H,Bidirectional,SMA,600,36,1,58.1,10.3,40,44.2,150
MCC (Micro Commercial Components),SMA6J40CAHE3,Active,A R H,Bidirectional,SMA,600,40,1,64.5,9.3,44.4,49.1,150
MCC (Micro Commercial Components),SMCJ220AL,Active,R H,Unidirectional,SMC,1500,220,1,356,4.2,246,272,175
MCC (Micro Commercial Components),SMCJ250AL,Active,R H,Unidirectional,SMC,1500,250,1,405,3.7,279,309,175
MCC (Micro Commercial Components),SMCJ220CAL,Active,R H,Bidirectional,SMC,1500,220,1,356,4.2,246,272,175
MCC (Micro Commercial Components),SMCJ250CAL,Active,R H,Bidirectional,SMC,1500,250,1,405,3.7,279,309,175
MCC (Micro Commercial Components),SMCJ300AL,Active,R H,Unidirectional,SMC,1500,300,1,486,3.1,335,371,175
MCC (Micro Commercial Components),SMCJ350AL,Active,R H,Unidirectional,SMC,1500,350,1,567,2.6,391,432,175
MCC (Micro Commercial Components),SMAJ80AHE3,Active,A R H,Unidirectional,SMA,400,80,1,129,3.1,88.8,97.6,175
MCC (Micro Commercial Components),SMAJ140AHE3,Active,A R H,Unidirectional,SMA,400,140,1,227,1.8,155,171,175
MCC (Micro Commercial Components),SMAJ190AHE3,Active,A R H,Unidirectional,SMA,400,190,1,308,1.3,211,232,175
MCC (Micro Commercial Components),SMAJ80CAHE3,Active,A R H,Bidirectional,SMA,400,80,1,129,3.1,88.8,97.6,175
MCC (Micro Commercial Components),SMAJ140CAHE3,Active,A R H,Bidirectional,SMA,400,140,1,227,1.8,155,171,175
MCC (Micro Commercial Components),SMAJ190CAHE3,Active,A R H,Bidirectional,SMA,400,190,1,308,1.3,211,232,175
MCC (Micro Commercial Components),SMLJ10AHE3A,Active,A R H,Unidirectional,SMC,3000,10,5,17,176.4,11.1,12.3,150
MCC (Micro Commercial Components),SMLJ11AHE3A,Active,A R H,Unidirectional,SMC,3000,11,5,18.2,164.8,12.2,13.5,150
MCC (Micro Commercial Components),SMLJ12AHE3A,Active,A R H,Unidirectional,SMC,3000,12,2,19.9,150.6,13.3,14.7,150
MCC (Micro Commercial Components),SMLJ13AHE3A,Active,A R H,Unidirectional,SMC,3000,13,2,21.5,139.4,14.4,15.9,150
MCC (Micro Commercial Components),SMLJ14AHE3A,Active,A R H,Unidirectional,SMC,3000,14,1,23.2,129.4,15.6,17.2,150
MCC (Micro Commercial Components),SMLJ15AHE3A,Active,A R H,Unidirectional,SMC,3000,15,1,24.4,123,16.7,18.5,150
MCC (Micro Commercial Components),SMLJ16AHE3A,Active,A R H,Unidirectional,SMC,3000,16,1,26,115.4,17.8,19.7,150
MCC (Micro Commercial Components),SMLJ17AHE3A,Active,A R H,Unidirectional,SMC,3000,17,1,27.6,106.6,18.9,20.9,150
MCC (Micro Commercial Components),SMLJ18AHE3A,Active,A R H,Unidirectional,SMC,3000,18,1,29.2,102.8,20,22.1,150
MCC (Micro Commercial Components),SMLJ20AHE3A,Active,A R H,Unidirectional,SMC,3000,20,1,32.4,92.6,22.2,24.5,150
MCC (Micro Commercial Components),SMLJ22AHE3A,Active,A R H,Unidirectional,SMC,3000,22,1,35.5,84.4,24.4,26.9,150
MCC (Micro Commercial Components),SMLJ24AHE3A,Active,A R H,Unidirectional,SMC,3000,24,1,38.9,77.2,26.7,29.5,150
MCC (Micro Commercial Components),SMLJ26AHE3A,Active,A R H,Unidirectional,SMC,3000,26,1,42.1,71.2,28.9,31.9,150
MCC (Micro Commercial Components),SMLJ28AHE3A,Active,A R H,Unidirectional,SMC,3000,28,1,45.4,66,31.1,34.4,150
MCC (Micro Commercial Components),SMLJ30AHE3A,Active,A R H,Unidirectional,SMC,3000,30,1,48.4,62,33.3,36.8,150
MCC (Micro Commercial Components),SMLJ33AHE3A,Active,A R H,Unidirectional,SMC,3000,33,1,53.3,56.2,36.7,40.6,150
MCC (Micro Commercial Components),SMLJ36AHE3A,Active,A R H,Unidirectional,SMC,3000,36,1,58.1,51.6,40,44.2,150
MCC (Micro Commercial Components),SMLJ40AHE3A,Active,A R H,Unidirectional,SMC,3000,40,1,64.5,46.4,44.4,49.1,150
MCC (Micro Commercial Components),SMLJ43AHE3A,Active,A R H,Unidirectional,SMC,3000,43,1,69.4,43.2,47.8,52.8,150
MCC (Micro Commercial Components),SMLJ45AHE3A,Active,A R H,Unidirectional,SMC,3000,45,1,72.7,41.3,50,55.3,150
MCC (Micro Commercial Components),SMLJ48AHE3A,Active,A R H,Unidirectional,SMC,3000,48,1,77.4,38.8,53.3,58.9,150
MCC (Micro Commercial Components),SMLJ10CAHE3A,Active,A R H,Bidirectional,SMC,3000,10,5,17,176.4,11.1,12.3,150
MCC (Micro Commercial Components),SMLJ11CAHE3A,Active,A R H,Bidirectional,SMC,3000,11,5,18.2,164.8,12.2,13.5,150
MCC (Micro Commercial Components),SMLJ12CAHE3A,Active,A R H,Bidirectional,SMC,3000,12,2,19.9,150.6,13.3,14.7,150
MCC (Micro Commercial Components),SMLJ13CAHE3A,Active,A R H,Bidirectional,SMC,3000,13,2,21.5,139.4,14.4,15.9,150
MCC (Micro Commercial Components),SMLJ14CAHE3A,Active,A R H,Bidirectional,SMC,3000,14,1,23.2,129.4,15.6,17.2,150
MCC (Micro Commercial Components),SMLJ15CAHE3A,Active,A R H,Bidirectional,SMC,3000,15,1,24.4,123,16.7,18.5,150
MCC (Micro Commercial Components),SMLJ16CAHE3A,Active,A R H,Bidirectional,SMC,3000,16,1,26,115.4,17.8,19.7,150
MCC (Micro Commercial Components),SMLJ17CAHE3A,Active,A R H,Bidirectional,SMC,3000,17,1,27.6,106.6,18.9,20.9,150
MCC (Micro Commercial Components),SMLJ18CAHE3A,Active,A R H,Bidirectional,SMC,3000,18,1,29.2,102.8,20,22.1,150
MCC (Micro Commercial Components),SMLJ20CAHE3A,Active,A R H,Bidirectional,SMC,3000,20,1,32.4,92.6,22.2,24.5,150
MCC (Micro Commercial Components),SMLJ22CAHE3A,Active,A R H,Bidirectional,SMC,3000,22,1,35.5,84.4,24.4,26.9,150
MCC (Micro Commercial Components),SMLJ24CAHE3A,Active,A R H,Bidirectional,SMC,3000,24,1,38.9,77.2,26.7,29.5,150
MCC (Micro Commercial Components),SMLJ26CAHE3A,Active,A R H,Bidirectional,SMC,3000,26,1,42.1,71.2,28.9,31.9,150
MCC (Micro Commercial Components),SMLJ28CAHE3A,Active,A R H,Bidirectional,SMC,3000,28,1,45.4,66,31.1,34.4,150
MCC (Micro Commercial Components),SMLJ30CAHE3A,Active,A R H,Bidirectional,SMC,3000,30,1,48.4,62,33.3,36.8,150
MCC (Micro Commercial Components),SMLJ33CAHE3A,Active,A R H,Bidirectional,SMC,3000,33,1,53.3,56.2,36.7,40.6,150
MCC (Micro Commercial Components),SMLJ36CAHE3A,Active,A R H,Bidirectional,SMC,3000,36,1,58.1,51.6,40,44.2,150
MCC (Micro Commercial Components),SMLJ40CAHE3A,Active,A R H,Bidirectional,SMC,3000,40,1,64.5,46.4,44.4,49.1,150
MCC (Micro Commercial Components),SMLJ43CAHE3A,Active,A R H,Bidirectional,SMC,3000,43,1,69.4,43.2,47.8,52.8,150
MCC (Micro Commercial Components),SMLJ45CAHE3A,Active,A R H,Bidirectional,SMC,3000,45,1,72.7,41.3,50,55.3,150
MCC (Micro Commercial Components),SMLJ48CAHE3A,Active,A R H,Bidirectional,SMC,3000,48,1,77.4,38.8,53.3,58.9,150
MCC (Micro Commercial Components),SMA6J16AFL,Active,R H,Unidirectional,DO-221AC,600,16,1,26,23.1,17.8,19.7,150
MCC (Micro Commercial Components),SMA6J17AFL,Active,R H,Unidirectional,DO-221AC,600,17,1,27.6,21.7,18.9,20.9,150
MCC (Micro Commercial Components),SMA6J18AFL,Active,R H,Unidirectional,DO-221AC,600,18,1,29.2,20.6,20,22.1,150
MCC (Micro Commercial Components),SMA6J20AFL,Active,R H,Unidirectional,DO-221AC,600,20,1,32.4,18.5,22.2,24.5,150
MCC (Micro Commercial Components),SMA6J22AFL,Active,R H,Unidirectional,DO-221AC,600,22,1,35.5,16.9,24.4,26.9,150
MCC (Micro Commercial Components),SMA6J24AFL,Active,R H,Unidirectional,DO-221AC,600,24,1,38.9,15.4,26.7,29.5,150
MCC (Micro Commercial Components),SMA6J26AFL,Active,R H,Unidirectional,DO-221AC,600,26,1,42.1,14.3,28.9,31.9,150
MCC (Micro Commercial Components),SMA6J28AFL,Active,R H,Unidirectional,DO-221AC,600,28,1,45.4,13.2,31.1,34.4,150
MCC (Micro Commercial Components),SMA6J30AFL,Active,R H,Unidirectional,DO-221AC,600,30,1,48.4,12.4,33.3,36.8,150
MCC (Micro Commercial Components),SMA6J33AFL,Active,R H,Unidirectional,DO-221AC,600,33,1,53.3,11.3,36.7,40.6,150
MCC (Micro Commercial Components),SMA6J36AFL,Active,R H,Unidirectional,DO-221AC,600,36,1,58.1,10.3,40,44.2,150
MCC (Micro Commercial Components),SMA6J40AFL,Active,R H,Unidirectional,DO-221AC,600,40,1,64.5,9.3,44.4,49.1,150
MCC (Micro Commercial Components),SMA6J43AFL,Active,R H,Unidirectional,DO-221AC,600,43,1,69.4,8.7,47.8,52.8,150
MCC (Micro Commercial Components),SMA6J45AFL,Active,R H,Unidirectional,DO-221AC,600,45,1,72.7,8.3,50,55.3,150
MCC (Micro Commercial Components),SMA6J120AFL,Active,R H,Unidirectional,DO-221AC,600,120,1,193,3.1,133,147,150
MCC (Micro Commercial Components),SMA6J130AFL,Active,R H,Unidirectional,DO-221AC,600,130,1,209,2.9,144,159,150
MCC (Micro Commercial Components),SMA6J11CAFL,Active,R H,Bidirectional,DO-221AC,600,11,1,18.2,33,12.2,13.5,150
MCC (Micro Commercial Components),SMA6J12CAFL,Active,R H,Bidirectional,DO-221AC,600,12,1,19.9,30.1,13.3,14.7,150
MCC (Micro Commercial Components),SMA6J13CAFL,Active,R H,Bidirectional,DO-221AC,600,13,1,21.5,27.9,14.4,15.9,150
MCC (Micro Commercial Components),SMA6J14CAFL,Active,R H,Bidirectional,DO-221AC,600,14,1,23.2,25.9,15.6,17.2,150
MCC (Micro Commercial Components),SMA6J15CAFL,Active,R H,Bidirectional,DO-221AC,600,15,1,24.4,24.6,16.7,18.5,150
MCC (Micro Commercial Components),SMA6J16CAFL,Active,R H,Bidirectional,DO-221AC,600,16,1,26,23.1,17.8,19.7,150
MCC (Micro Commercial Components),SMA6J17CAFL,Active,R H,Bidirectional,DO-221AC,600,17,1,27.6,21.7,18.9,20.9,150
MCC (Micro Commercial Components),SMA6J18CAFL,Active,R H,Bidirectional,DO-221AC,600,18,1,29.2,20.6,20,22.1,150
MCC (Micro Commercial Components),SMA6J20CAFL,Active,R H,Bidirectional,DO-221AC,600,20,1,32.4,18.5,22.2,24.5,150
MCC (Micro Commercial Components),SMA6J22CAFL,Active,R H,Bidirectional,DO-221AC,600,22,1,35.5,16.9,24.4,26.9,150
MCC (Micro Commercial Components),SMA6J24CAFL,Active,R H,Bidirectional,DO-221AC,600,24,1,38.9,15.4,26.7,29.5,150
MCC (Micro Commercial Components),SMA6J26CAFL,Active,R H,Bidirectional,DO-221AC,600,26,1,42.1,14.3,28.9,31.9,150
MCC (Micro Commercial Components),SMA6J75CAFL,Active,R H,Bidirectional,DO-221AC,600,75,1,121,5,83.3,92.1,150
MCC (Micro Commercial Components),SMA6J78CAFL,Active,R H,Bidirectional,DO-221AC,600,78,1,126,4.8,86.7,95.8,150
MCC (Micro Commercial Components),SMA6J80CAFL,Active,R H,Bidirectional,DO-221AC,600,78,1,129,4.6,88.8,97.6,150
MCC (Micro Commercial Components),SMA6J85CAFL,Active,R H,Bidirectional,DO-221AC,600,85,1,137,4.4,94.4,104,150
MCC (Micro Commercial Components),SMAF5.0A,Active,R H,Unidirectional,DO-221AC,400,5,800,9.2,43.5,6.4,7,175
MCC (Micro Commercial Components),SMAF6.0A,Active,R H,Unidirectional,DO-221AC,400,6,800,10.3,38.8,6.67,7.37,175
MCC (Micro Commercial Components),SMAF6.5A,Active,R H,Unidirectional,DO-221AC,400,6.5,500,11.2,35.7,7.22,7.98,175
MCC (Micro Commercial Components),SMAF7.0A,Active,R H,Unidirectional,DO-221AC,400,7,200,12,33.3,7.78,8.6,175
MCC (Micro Commercial Components),SMAF7.5A,Active,R H,Unidirectional,DO-221AC,400,7.5,100,12.9,31,8.33,9.21,175
MCC (Micro Commercial Components),SMAF8.0A,Active,R H,Unidirectional,DO-221AC,400,8,50,13.6,29.4,8.89,9.83,175
MCC (Micro Commercial Components),SMAF8.5A,Active,R H,Unidirectional,DO-221AC,400,8.5,20,14.4,27.7,9.44,10.4,175
MCC (Micro Commercial Components),SMAF9.0A,Active,R H,Unidirectional,DO-221AC,400,9,10,15.4,26,10,11.1,175
MCC (Micro Commercial Components),SMAF10A,Active,R H,Unidirectional,DO-221AC,400,10,5,17,23.5,11.1,12.3,175
MCC (Micro Commercial Components),SMAF11A,Active,R H,Unidirectional,DO-221AC,400,11,1,18.2,22,12.2,13.5,175
MCC (Micro Commercial Components),SMAF36A,Active,R H,Unidirectional,DO-221AC,400,36,1,58.1,6.9,40,44.2,175
MCC (Micro Commercial Components),SMAF40A,Active,R H,Unidirectional,DO-221AC,400,40,1,64.5,6.2,44.4,49.1,175
MCC (Micro Commercial Components),SMAF43A,Active,R H,Unidirectional,DO-221AC,400,43,1,69.4,5.7,47.8,52.8,175
MCC (Micro Commercial Components),SMAF45A,Active,R H,Unidirectional,DO-221AC,400,45,1,72.7,5.5,50,55.3,175
MCC (Micro Commercial Components),SMAF48A,Active,R H,Unidirectional,DO-221AC,400,48,1,77.4,5.2,53.3,58.9,175
MCC (Micro Commercial Components),SMAF51A,Active,R H,Unidirectional,DO-221AC,400,51,1,82.4,4.9,56.7,62.7,175
MCC (Micro Commercial Components),SMAF54A,Active,R H,Unidirectional,DO-221AC,400,54,1,87.1,4.6,60,66.3,175
MCC (Micro Commercial Components),SMAF58A,Active,R H,Unidirectional,DO-221AC,400,58,1,93.6,4.3,64.4,71.2,175
MCC (Micro Commercial Components),SMAF60A,Active,R H,Unidirectional,DO-221AC,400,60,1,96.8,4.1,66.7,73.7,175
MCC (Micro Commercial Components),SMAF64A,Active,R H,Unidirectional,DO-221AC,400,64,1,103,3.9,71.1,78.6,175
MCC (Micro Commercial Components),SMAF70A,Active,R H,Unidirectional,DO-221AC,400,70,1,113,3.5,77.8,86,175
MCC (Micro Commercial Components),SMAF75A,Active,R H,Unidirectional,DO-221AC,400,75,1,121,3.3,83.3,92.1,175
MCC (Micro Commercial Components),SMAF78A,Active,R H,Unidirectional,DO-221AC,400,78,1,126,2.2,86.7,95.8,175
MCC (Micro Commercial Components),SMAF85A,Active,R H,Unidirectional,DO-221AC,400,85,1,137,2.9,94.4,104,175
MCC (Micro Commercial Components),SMAF6.0CA,Active,R H,Bidirectional,DO-221AC,400,6,800,10.3,38.8,6.67,7.37,175
MCC (Micro Commercial Components),SMAF6.5CA,Active,R H,Bidirectional,DO-221AC,400,6.5,500,11.2,35.7,7.22,7.98,175
MCC (Micro Commercial Components),SMAF7.0CA,Active,R H,Bidirectional,DO-221AC,400,7,200,12,33.3,7.78,8.6,175
MCC (Micro Commercial Components),SMAF7.5CA,Active,R H,Bidirectional,DO-221AC,400,7.5,100,12.9,31,8.33,9.21,175
MCC (Micro Commercial Components),SMAF8.0CA,Active,R H,Bidirectional,DO-221AC,400,8,50,13.6,29.4,8.89,9.83,175
MCC (Micro Commercial Components),SMAF8.5CA,Active,R H,Bidirectional,DO-221AC,400,8.5,20,14.4,27.7,9.44,10.4,175
MCC (Micro Commercial Components),SMAF9.0CA,Active,R H,Bidirectional,DO-221AC,400,9,10,15.4,26,10,11.1,175
MCC (Micro Commercial Components),SMAF10CA,Active,R H,Bidirectional,DO-221AC,400,10,5,17,23.5,11.1,12.3,175
MCC (Micro Commercial Components),SMAF11CA,Active,R H,Bidirectional,DO-221AC,400,11,1,18.2,22,12.2,13.5,175
MCC (Micro Commercial Components),SMAF12CA,Active,R H,Bidirectional,DO-221AC,400,12,1,19.9,20.1,13.3,14.7,175
MCC (Micro Commercial Components),SMAF13CA,Active,R H,Bidirectional,DO-221AC,400,13,1,21.5,18.6,14.4,15.9,175
MCC (Micro Commercial Components),SMAF14CA,Active,R H,Bidirectional,DO-221AC,400,14,1,23.2,17.2,15.6,17.2,175
MCC (Micro Commercial Components),SMAF15CA,Active,R H,Bidirectional,DO-221AC,400,15,1,24.4,16.4,16.7,18.5,175
MCC (Micro Commercial Components),SMAF16CA,Active,R H,Bidirectional,DO-221AC,400,16,1,26,15.3,17.8,19.7,175
MCC (Micro Commercial Components),SMAF51CA,Active,R H,Bidirectional,DO-221AC,400,51,1,82.4,4.9,56.7,62.7,175
MCC (Micro Commercial Components),SMAF54CA,Active,R H,Bidirectional,DO-221AC,400,54,1,87.1,4.6,60,66.3,175
MCC (Micro Commercial Components),SMAF58CA,Active,R H,Bidirectional,DO-221AC,400,58,1,93.6,4.3,64.4,71.2,175
MCC (Micro Commercial Components),SMAF60CA,Active,R H,Bidirectional,DO-221AC,400,60,1,96.8,4.1,66.7,73.7,175
MCC (Micro Commercial Components),SMAF64CA,Active,R H,Bidirectional,DO-221AC,400,64,1,103,3.9,71.1,78.6,175
MCC (Micro Commercial Components),SMAF70CA,Active,R H,Bidirectional,DO-221AC,400,70,1,113,3.5,77.8,86,175
MCC (Micro Commercial Components),SMAF75CA,Active,R H,Bidirectional,DO-221AC,400,75,1,121,3.3,83.3,92.1,175
MCC (Micro Commercial Components),SMAF78CA,Active,R H,Bidirectional,DO-221AC,400,78,1,126,2.2,86.7,95.8,175
MCC (Micro Commercial Components),SMAF85CA,Active,R H,Bidirectional,DO-221AC,400,85,1,137,2.9,94.4,104,175
MCC (Micro Commercial Components),SMAF90CA,Active,R H,Bidirectional,DO-221AC,400,90,1,146,2.7,100,111,175
MCC (Micro Commercial Components),SMAF100CA,Active,R H,Bidirectional,DO-221AC,400,100,1,162,2.5,111,123,175
MCC (Micro Commercial Components),SMAF110CA,Active,R H,Bidirectional,DO-221AC,400,110,1,177,2.3,122,135,175
MCC (Micro Commercial Components),SMAF120CA,Active,R H,Bidirectional,DO-221AC,400,120,1,193,2.1,133,147,175
MCC (Micro Commercial Components),SMAF130CA,Active,R H,Bidirectional,DO-221AC,400,130,1,209,1.9,144,159,175
MCC (Micro Commercial Components),SMAF17CA,Active,R H,Bidirectional,DO-221AC,400,17,1,27.6,14.5,18.9,20.9,175
MCC (Micro Commercial Components),SMAF18CA,Active,R H,Bidirectional,DO-221AC,400,18,1,29.2,13.7,20,22.1,175
MCC (Micro Commercial Components),SMAF20CA,Active,R H,Bidirectional,DO-221AC,400,20,1,32.4,12.3,22.2,24.5,175
MCC (Micro Commercial Components),SMAF22CA,Active,R H,Bidirectional,DO-221AC,400,22,1,35.5,11.2,24.4,26.9,175
MCC (Micro Commercial Components),SMAF24CA,Active,R H,Bidirectional,DO-221AC,400,24,1,38.9,10.3,26.7,29.5,175
MCC (Micro Commercial Components),SMAF26CA,Active,R H,Bidirectional,DO-221AC,400,26,1,42.1,9.5,28.9,31.9,175
MCC (Micro Commercial Components),SMAF28CA,Active,R H,Bidirectional,DO-221AC,400,28,1,45.4,8.8,31.1,34.4,175
MCC (Micro Commercial Components),SMAF30CA,Active,R H,Bidirectional,DO-221AC,400,30,1,48.4,8.3,33.3,36.8,175
MCC (Micro Commercial Components),SMAF33CA,Active,R H,Bidirectional,DO-221AC,400,33,1,53.3,7.5,36.7,40.6,175
MCC (Micro Commercial Components),SMAF36CA,Active,R H,Bidirectional,DO-221AC,400,36,1,58.1,6.9,40,44.2,175
MCC (Micro Commercial Components),SMAF40CA,Active,R H,Bidirectional,DO-221AC,400,40,1,64.5,6.2,44.4,49.1,175
MCC (Micro Commercial Components),SMAF43CA,Active,R H,Bidirectional,DO-221AC,400,43,1,69.4,5.7,47.8,52.8,175
MCC (Micro Commercial Components),SMAF45CA,Active,R H,Bidirectional,DO-221AC,400,45,1,72.7,5.5,50,55.3,175
MCC (Micro Commercial Components),SMAF48CA,Active,R H,Bidirectional,DO-221AC,400,48,1,77.4,5.2,53.3,58.9,175
MCC (Micro Commercial Components),SMA6J5.0AFL,Active,R H,Unidirectional,DO-221AC,600,5,800,9.2,65.2,6.4,7,150
MCC (Micro Commercial Components),SMA6J6.0AFL,Active,R H,Unidirectional,DO-221AC,600,6,800,10.3,58.2,6.67,7.37,150
MCC (Micro Commercial Components),SMA6J6.5AFL,Active,R H,Unidirectional,DO-221AC,600,6.5,500,11.2,53.6,7.22,7.98,150
MCC (Micro Commercial Components),SMA6J7.0AFL,Active,R H,Unidirectional,DO-221AC,600,7,200,12,50,7.78,8.6,150
MCC (Micro Commercial Components),SMA6J7.5AFL,Active,R H,Unidirectional,DO-221AC,600,7.5,100,12.9,46.5,8.33,9.21,150
MCC (Micro Commercial Components),SMA6J8.0AFL,Active,R H,Unidirectional,DO-221AC,600,8,50,13.6,44.1,8.89,9.83,150
MCC (Micro Commercial Components),SMA6J8.5AFL,Active,R H,Unidirectional,DO-221AC,600,8.5,10,14.4,41.7,9.44,10.4,150
MCC (Micro Commercial Components),SMA6J9.0AFL,Active,R H,Unidirectional,DO-221AC,600,9,5,15.4,39,10,11.1,150
MCC (Micro Commercial Components),SMA6J10AFL,Active,R H,Unidirectional,DO-221AC,600,10,5,17,35.3,11.1,12.3,150
MCC (Micro Commercial Components),SMA6J11AFL,Active,R H,Unidirectional,DO-221AC,600,11,1,18.2,33,12.2,13.5,150
MCC (Micro Commercial Components),SMA6J12AFL,Active,R H,Unidirectional,DO-221AC,600,12,1,19.9,30.1,13.3,14.7,150
MCC (Micro Commercial Components),SMA6J13AFL,Active,R H,Unidirectional,DO-221AC,600,13,1,21.5,27.9,14.4,15.9,150
MCC (Micro Commercial Components),SMA6J14AFL,Active,R H,Unidirectional,DO-221AC,600,14,1,23.2,25.9,15.6,17.2,150
MCC (Micro Commercial Components),SMA6J15AFL,Active,R H,Unidirectional,DO-221AC,600,15,1,24.4,24.6,16.7,18.5,150
MCC (Micro Commercial Components),SMAF150CA,Active,R H,Bidirectional,DO-221AC,400,150,1,243,1.6,167,185,175
MCC (Micro Commercial Components),SMAF160CA,Active,R H,Bidirectional,DO-221AC,400,160,1,259,1.5,178,197,175
MCC (Micro Commercial Components),SMAF170CA,Active,R H,Bidirectional,DO-221AC,400,170,1,275,1.5,189,209,175
MCC (Micro Commercial Components),SMAF180CA,Active,R H,Bidirectional,DO-221AC,400,180,1,292,1.4,201,222,175
MCC (Micro Commercial Components),SMAF200CA,Active,R H,Bidirectional,DO-221AC,400,200,1,324,1.2,224,247,175
MCC (Micro Commercial Components),SMAF220CA,Active,R H,Bidirectional,DO-221AC,400,220,1,356,1.1,246,272,175
MCC (Micro Commercial Components),SMAF250CA,Active,R H,Bidirectional,DO-221AC,400,250,1,405,1,279,309,175
MCC (Micro Commercial Components),SMAF300CA,Active,R H,Bidirectional,DO-221AC,400,300,1,486,0.8,335,371,175
MCC (Micro Commercial Components),SMA6J48AFL,Active,R H,Unidirectional,DO-221AC,600,48,1,77.4,7.8,53.3,58.9,150
MCC (Micro Commercial Components),SMA6J51AFL,Active,R H,Unidirectional,DO-221AC,600,51,1,82.4,7.3,56.7,62.7,150
MCC (Micro Commercial Components),SMA6J54AFL,Active,R H,Unidirectional,DO-221AC,600,54,1,87.1,6.9,60,66.3,150
MCC (Micro Commercial Components),SMA6J58AFL,Active,R H,Unidirectional,DO-221AC,600,58,1,93.6,6.4,64.4,71.2,150
MCC (Micro Commercial Components),SMA6J60AFL,Active,R H,Unidirectional,DO-221AC,600,60,1,96.8,6.2,66.7,73.7,150
MCC (Micro Commercial Components),SMA6J64AFL,Active,R H,Unidirectional,DO-221AC,600,64,1,103,5.8,71.1,78.6,150
MCC (Micro Commercial Components),SMA6J70AFL,Active,R H,Unidirectional,DO-221AC,600,70,1,113,5.3,77.8,86,150
MCC (Micro Commercial Components),SMA6J75AFL,Active,R H,Unidirectional,DO-221AC,600,75,1,121,5,83.3,92.1,150
MCC (Micro Commercial Components),SMA6J78AFL,Active,R H,Unidirectional,DO-221AC,600,78,1,126,4.8,86.7,95.8,150
MCC (Micro Commercial Components),SMA6J80AFL,Active,R H,Unidirectional,DO-221AC,600,78,1,129,4.6,88.8,97.6,150
MCC (Micro Commercial Components),SMA6J85AFL,Active,R H,Unidirectional,DO-221AC,600,85,1,137,4.4,94.4,104,150
MCC (Micro Commercial Components),SMA6J90AFL,Active,R H,Unidirectional,DO-221AC,600,90,1,146,4.1,100,111,150
MCC (Micro Commercial Components),SMA6J100AFL,Active,R H,Unidirectional,DO-221AC,600,100,1,162,3.7,111,123,150
MCC (Micro Commercial Components),SMA6J110AFL,Active,R H,Unidirectional,DO-221AC,600,110,1,177,3.4,122,135,150
MCC (Micro Commercial Components),SMA6J28CAFL,Active,R H,Bidirectional,DO-221AC,600,28,1,45.4,13.2,31.1,34.4,150
MCC (Micro Commercial Components),SMA6J30CAFL,Active,R H,Bidirectional,DO-221AC,600,30,1,48.4,12.4,33.3,36.8,150
MCC (Micro Commercial Components),SMA6J33CAFL,Active,R H,Bidirectional,DO-221AC,600,33,1,53.3,11.3,36.7,40.6,150
MCC (Micro Commercial Components),SMA6J36CAFL,Active,R H,Bidirectional,DO-221AC,600,36,1,58.1,10.3,40,44.2,150
MCC (Micro Commercial Components),SMA6J40CAFL,Active,R H,Bidirectional,DO-221AC,600,40,1,64.5,9.3,44.4,49.1,150
MCC (Micro Commercial Components),SMA6J43CAFL,Active,R H,Bidirectional,DO-221AC,600,43,1,69.4,8.7,47.8,52.8,150
MCC (Micro Commercial Components),SMA6J45CAFL,Active,R H,Bidirectional,DO-221AC,600,45,1,72.7,8.3,50,55.3,150
MCC (Micro Commercial Components),SMA6J48CAFL,Active,R H,Bidirectional,DO-221AC,600,48,1,77.4,7.8,53.3,58.9,150
MCC (Micro Commercial Components),SMA6J51CAFL,Active,R H,Bidirectional,DO-221AC,600,51,1,82.4,7.3,56.7,62.7,150
MCC (Micro Commercial Components),SMA6J54CAFL,Active,R H,Bidirectional,DO-221AC,600,54,1,87.1,6.9,60,66.3,150
MCC (Micro Commercial Components),SMA6J58CAFL,Active,R H,Bidirectional,DO-221AC,600,58,1,93.6,6.4,64.4,71.2,150
MCC (Micro Commercial Components),SMA6J60CAFL,Active,R H,Bidirectional,DO-221AC,600,60,1,96.8,6.2,66.7,73.7,150
MCC (Micro Commercial Components),SMA6J64CAFL,Active,R H,Bidirectional,DO-221AC,600,64,1,103,5.8,71.1,78.6,150
MCC (Micro Commercial Components),SMA6J70CAFL,Active,R H,Bidirectional,DO-221AC,600,70,1,113,5.3,77.8,86,150
MCC (Micro Commercial Components),SMAF12A,Active,R H,Unidirectional,DO-221AC,400,12,1,19.9,20.1,13.3,14.7,175
MCC (Micro Commercial Components),SMAF13A,Active,R H,Unidirectional,DO-221AC,400,13,1,21.5,18.6,14.4,15.9,175
MCC (Micro Commercial Components),SMAF14A,Active,R H,Unidirectional,DO-221AC,400,14,1,23.2,17.2,15.6,17.2,175
MCC (Micro Commercial Components),SMAF15A,Active,R H,Unidirectional,DO-221AC,400,15,1,24.4,16.4,16.7,18.5,175
MCC (Micro Commercial Components),SMAF16A,Active,R H,Unidirectional,DO-221AC,400,16,1,26,15.3,17.8,19.7,175
MCC (Micro Commercial Components),SMAF17A,Active,R H,Unidirectional,DO-221AC,400,17,1,27.6,14.5,18.9,20.9,175
MCC (Micro Commercial Components),SMAF18A,Active,R H,Unidirectional,DO-221AC,400,18,1,29.2,13.7,20,22.1,175
MCC (Micro Commercial Components),SMAF20A,Active,R H,Unidirectional,DO-221AC,400,20,1,32.4,12.3,22.2,24.5,175
MCC (Micro Commercial Components),SMAF22A,Active,R H,Unidirectional,DO-221AC,400,22,1,35.5,11.2,24.4,26.9,175
MCC (Micro Commercial Components),SMAF24A,Active,R H,Unidirectional,DO-221AC,400,24,1,38.9,10.3,26.7,29.5,175
MCC (Micro Commercial Components),SMAF26A,Active,R H,Unidirectional,DO-221AC,400,26,1,42.1,9.5,28.9,31.9,175
MCC (Micro Commercial Components),SMAF28A,Active,R H,Unidirectional,DO-221AC,400,28,1,45.4,8.8,31.1,34.4,175
MCC (Micro Commercial Components),SMAF30A,Active,R H,Unidirectional,DO-221AC,400,30,1,48.4,8.3,33.3,36.8,175
MCC (Micro Commercial Components),SMAF33A,Active,R H,Unidirectional,DO-221AC,400,33,1,53.3,7.5,36.7,40.6,175
MCC (Micro Commercial Components),SMAF90A,Active,R H,Unidirectional,DO-221AC,400,90,1,146,2.7,100,111,175
MCC (Micro Commercial Components),SMAF100A,Active,R H,Unidirectional,DO-221AC,400,100,1,162,2.5,111,123,175
MCC (Micro Commercial Components),SMAF110A,Active,R H,Unidirectional,DO-221AC,400,110,1,177,2.3,122,135,175
MCC (Micro Commercial Components),SMAF120A,Active,R H,Unidirectional,DO-221AC,400,120,1,193,2.1,133,147,175
MCC (Micro Commercial Components),SMAF130A,Active,R H,Unidirectional,DO-221AC,400,130,1,209,1.9,144,159,175
MCC (Micro Commercial Components),SMAF150A,Active,R H,Unidirectional,DO-221AC,400,150,1,243,1.6,167,185,175
MCC (Micro Commercial Components),SMAF160A,Active,R H,Unidirectional,DO-221AC,400,160,1,259,1.5,178,197,175
MCC (Micro Commercial Components),SMAF170A,Active,R H,Unidirectional,DO-221AC,400,170,1,275,1.5,189,209,175
MCC (Micro Commercial Components),SMAF180A,Active,R H,Unidirectional,DO-221AC,400,180,1,292,1.4,201,222,175
MCC (Micro Commercial Components),SMAF200A,Active,R H,Unidirectional,DO-221AC,400,200,1,324,1.2,224,247,175
MCC (Micro Commercial Components),SMAF220A,Active,R H,Unidirectional,DO-221AC,400,220,1,356,1.1,246,272,175
MCC (Micro Commercial Components),SMAF250A,Active,R H,Unidirectional,DO-221AC,400,250,1,405,1,279,309,175
MCC (Micro Commercial Components),SMAF300A,Active,R H,Unidirectional,DO-221AC,400,300,1,486,0.8,335,371,175
MCC (Micro Commercial Components),SMAF5.0CA,Active,R H,Bidirectional,DO-221AC,400,5,800,9.2,43.5,6.4,7,175
MCC (Micro Commercial Components),5KP400CA,Active,R,Bidirectional,R-6,5000,400,10,648,7.7,447,494,175
MCC (Micro Commercial Components),5KP440CA,Active,R,Bidirectional,R-6,5000,440,10,713,7,492,543,175
MCC (Micro Commercial Components),5KP300A,Active,R,Unidirectional,R-6,5000,300,10,486,10.3,335,371,175
MCC (Micro Commercial Components),5KP300CA,Active,R,Bidirectional,R-6,5000,300,10,486,10.3,335,371,175
MCC (Micro Commercial Components),5KP350A,Active,R,Unidirectional,R-6,5000,350,10,567,8.8,391,432,175
MCC (Micro Commercial Components),5KP400A,Active,R,Unidirectional,R-6,5000,400,10,648,7.7,447,494,175
MCC (Micro Commercial Components),5KP440A,Active,R,Unidirectional,R-6,5000,440,10,713,7,492,543,175
MCC (Micro Commercial Components),5KP350CA,Active,R,Bidirectional,R-6,5000,350,10,567,8.8,391,432,175
MCC (Micro Commercial Components),SMBJ140AHE3,Active,A R H,Unidirectional,SMB,600,140,1,140,2.6,155,171,175
MCC (Micro Commercial Components),SMBJ190AHE3,Active,A R H,Unidirectional,SMB,600,190,1,307.8,1.9,211,232,175
MCC (Micro Commercial Components),SMBJ80CAHE3,Active,A R H,Bidirectional,SMB,600,80,1,129.6,4.6,88.8,97.6,175
MCC (Micro Commercial Components),SMCJ80AHE3,Active,A R H,Unidirectional,SMC,1500,80,1,129.6,11.6,88.8,97.6,175
MCC (Micro Commercial Components),SMCJ190AHE3,Active,A R H,Unidirectional,SMC,1500,190,1,307.8,4.9,211,232,175
MCC (Micro Commercial Components),SMBJ80AHE3,Active,A R H,Unidirectional,SMB,600,80,1,129.6,4.6,88.8,97.6,175
MCC (Micro Commercial Components),SMBJ140CAHE3,Active,A R H,Bidirectional,SMB,600,140,1,140,2.6,155,171,175
MCC (Micro Commercial Components),SMBJ190CAHE3,Active,A R H,Bidirectional,SMB,600,190,1,307.8,1.9,211,232,175
MCC (Micro Commercial Components),SMCJ80CAHE3,Active,A R H,Bidirectional,SMC,1500,80,1,129.6,11.6,88.8,97.6,175
MCC (Micro Commercial Components),SMCJ190CAHE3,Active,A R H,Bidirectional,SMC,1500,190,1,307.8,4.9,211,232,175
MCC (Micro Commercial Components),SMB15J24CA,Active,R H,Bidirectional,SMB,1500,24,5,38.9,38.56,26.7,29.5,150
MCC (Micro Commercial Components),SMB15J26CA,Active,R H,Bidirectional,SMB,1500,26,5,42.1,35.63,28.9,31.9,150
MCC (Micro Commercial Components),SMB15J28CA,Active,R H,Bidirectional,SMB,1500,28,5,45.4,33.04,31.1,34.4,150
MCC (Micro Commercial Components),SMB15J30CA,Active,R H,Bidirectional,SMB,1500,30,5,48.4,30.99,33.3,36.8,150
MCC (Micro Commercial Components),SMB15J33CA,Active,R H,Bidirectional,SMB,1500,33,5,53.3,28.14,36.7,40.6,150
MCC (Micro Commercial Components),SMB15J36CA,Active,R H,Bidirectional,SMB,1500,36,5,58.1,25.82,40,44.2,150
MCC (Micro Commercial Components),SMB15J40CA,Active,R H,Bidirectional,SMB,1500,40,5,64.5,23.26,44.4,49.1,150
MCC (Micro Commercial Components),SMB15J43CA,Active,R H,Bidirectional,SMB,1500,43,5,69.4,21.61,47.8,52.8,150
MCC (Micro Commercial Components),SMB15J45CA,Active,R H,Bidirectional,SMB,1500,45,5,72.7,20.63,50,55.3,150
MCC (Micro Commercial Components),SMB15J48CA,Active,R H,Bidirectional,SMB,1500,48,5,77.4,19.38,53.3,58.9,150
MCC (Micro Commercial Components),SMB15J51CA,Active,R H,Bidirectional,SMB,1500,51,5,82.4,18.2,56.7,62.7,150
MCC (Micro Commercial Components),SMB15J54CA,Active,R H,Bidirectional,SMB,1500,54,5,87.1,17.22,60,66.3,150
MCC (Micro Commercial Components),SMAJP4KE220AL,Active,R H,Unidirectional,SMA,400,185,1,328,1.3,209,231,175
MCC (Micro Commercial Components),SMAJP4KE250AL,Active,R H,Unidirectional,SMA,400,214,1,344,1.2,237,263,175
MCC (Micro Commercial Components),SMAJP4KE300AL,Active,R H,Unidirectional,SMA,400,256,1,414,1,285,315,175
MCC (Micro Commercial Components),SMAJP4KE350AL,Active,R H,Unidirectional,SMA,400,300,1,482,0.9,332,368,175
MCC (Micro Commercial Components),SMB15J15A,Active,R H,Unidirectional,SMB,1500,15,5,24.4,61.48,16.7,18.5,150
MCC (Micro Commercial Components),SMB15J16A,Active,R H,Unidirectional,SMB,1500,16,5,26,57.69,17.8,19.7,150
MCC (Micro Commercial Components),SMB15J17A,Active,R H,Unidirectional,SMB,1500,17,5,27.6,54.35,18.9,20.9,150
MCC (Micro Commercial Components),SMB15J18A,Active,R H,Unidirectional,SMB,1500,18,5,29.2,51.37,20,22.1,150
MCC (Micro Commercial Components),SMB15J19A,Active,R H,Unidirectional,SMB,1500,19,5,30.8,48.73,21.1,23.3,150
MCC (Micro Commercial Components),SMB15J20A,Active,R H,Unidirectional,SMB,1500,20,5,32.4,46.3,22.2,24.5,150
MCC (Micro Commercial Components),SMB15J22A,Active,R H,Unidirectional,SMB,1500,22,5,35.5,42.25,24.4,26.9,150
MCC (Micro Commercial Components),SMB15J24A,Active,R H,Unidirectional,SMB,1500,24,5,38.9,38.56,26.7,29.5,150
MCC (Micro Commercial Components),SMB15J26A,Active,R H,Unidirectional,SMB,1500,26,5,42.1,35.63,28.9,31.9,150
MCC (Micro Commercial Components),SMB15J28A,Active,R H,Unidirectional,SMB,1500,28,5,45.4,33.04,31.1,34.4,150
MCC (Micro Commercial Components),SMB15J30A,Active,R H,Unidirectional,SMB,1500,30,5,48.4,30.99,33.3,36.8,150
MCC (Micro Commercial Components),SMB15J33A,Active,R H,Unidirectional,SMB,1500,33,5,53.3,28.14,36.7,40.6,150
MCC (Micro Commercial Components),SMB15J36A,Active,R H,Unidirectional,SMB,1500,36,5,58.1,25.82,40,44.2,150
MCC (Micro Commercial Components),SMB15J40A,Active,R H,Unidirectional,SMB,1500,40,5,64.5,23.26,44.4,49.1,150
MCC (Micro Commercial Components),SMB15J43A,Active,R H,Unidirectional,SMB,1500,43,5,69.4,21.61,47.8,52.8,150
MCC (Micro Commercial Components),SMB15J45A,Active,R H,Unidirectional,SMB,1500,45,5,72.7,20.63,50,55.3,150
MCC (Micro Commercial Components),SMB15J48A,Active,R H,Unidirectional,SMB,1500,48,5,77.4,19.38,53.3,58.9,150
MCC (Micro Commercial Components),SMB15J51A,Active,R H,Unidirectional,SMB,1500,51,5,82.4,18.2,56.7,62.7,150
MCC (Micro Commercial Components),SMB15J54A,Active,R H,Unidirectional,SMB,1500,54,5,87.1,17.22,60,66.3,150
MCC (Micro Commercial Components),SMB15J58A,Active,R H,Unidirectional,SMB,1500,58,5,93.6,16.03,64.4,71.2,150
MCC (Micro Commercial Components),SMB15J15CA,Active,R H,Bidirectional,SMB,1500,15,5,24.4,61.48,16.7,18.5,150
MCC (Micro Commercial Components),SMB15J16CA,Active,R H,Bidirectional,SMB,1500,16,5,26,57.69,17.8,19.7,150
MCC (Micro Commercial Components),SMB15J17CA,Active,R H,Bidirectional,SMB,1500,17,5,27.6,54.35,18.9,20.9,150
MCC (Micro Commercial Components),SMB15J18CA,Active,R H,Bidirectional,SMB,1500,18,5,29.2,51.37,20,22.1,150
MCC (Micro Commercial Components),SMB15J19CA,Active,R H,Bidirectional,SMB,1500,19,5,30.8,48.73,21.1,23.3,150
MCC (Micro Commercial Components),SMB15J20CA,Active,R H,Bidirectional,SMB,1500,20,5,32.4,46.3,22.2,24.5,150
MCC (Micro Commercial Components),SMB15J22CA,Active,R H,Bidirectional,SMB,1500,22,5,35.5,42.25,24.4,26.9,150
MCC (Micro Commercial Components),SMB15J58CA,Active,R H,Bidirectional,SMB,1500,58,5,93.6,16.03,64.4,71.2,150
MCC (Micro Commercial Components),SMEJ58CA,Active,R,Bidirectional,SME,,58,5,110,10000,64,70,125
MCC (Micro Commercial Components),SMEJ66CA,Active,R,Bidirectional,SME,,66,5,120,10000,72,80,125
MCC (Micro Commercial Components),SMEJ76CA,Active,R,Bidirectional,SME,,76,5,135,10000,85,95,125
MCC (Micro Commercial Components),SMEJ86CA,Active,R,Bidirectional,SME,,86,5,157,10000,96,107,125
MCC (Micro Commercial Components),SMGJ80CA,Active,R,Bidirectional,SMG,,80,5,130,2500,90,110,125
MCC (Micro Commercial Components),SM4F45CA,Active,R H,Bidirectional,SOD-123FL,400,45,1,72.7,5.5,50,55.3,150
MCC (Micro Commercial Components),SM4F43CA,Active,R H,Bidirectional,SOD-123FL,400,43,1,69.4,5.7,47.8,52.8,150
MCC (Micro Commercial Components),SM4F40CA,Active,R H,Bidirectional,SOD-123FL,400,40,1,64.5,6.2,44.4,49.1,150
MCC (Micro Commercial Components),SM4F36CA,Active,R H,Bidirectional,SOD-123FL,400,36,1,58.1,6.88,40,44.2,150
MCC (Micro Commercial Components),SM4F33CA,Active,R H,Bidirectional,SOD-123FL,400,33,1,53.3,7.5,36.7,40.6,150
MCC (Micro Commercial Components),SM4F30CA,Active,R H,Bidirectional,SOD-123FL,400,30,1,48.4,8.26,33.3,36.8,150
MCC (Micro Commercial Components),SM4F28CA,Active,R H,Bidirectional,SOD-123FL,400,28,1,45.4,8.81,31.1,34.4,150
MCC (Micro Commercial Components),SM4F26CA,Active,R H,Bidirectional,SOD-123FL,400,26,1,42.1,9.5,28.9,31.9,150
MCC (Micro Commercial Components),SM4F24CA,Active,R H,Bidirectional,SOD-123FL,400,24,1,38.9,10.28,26.7,29.5,150
MCC (Micro Commercial Components),SM4F22CA,Active,R H,Bidirectional,SOD-123FL,400,22,1,35.5,11.27,24.4,26.9,150
MCC (Micro Commercial Components),SM4F20CA,Active,R H,Bidirectional,SOD-123FL,400,20,1,32.4,12.35,22.2,24.5,150
MCC (Micro Commercial Components),SM4F19CA,Active,R H,Bidirectional,SOD-123FL,400,19,1,30.8,13,21.1,23.3,150
MCC (Micro Commercial Components),SM4F18CA,Active,R H,Bidirectional,SOD-123FL,400,18,1,29.2,13.7,20,22.1,150
MCC (Micro Commercial Components),SM4F17CA,Active,R H,Bidirectional,SOD-123FL,400,17,1,27.6,14.49,18.9,20.9,150
MCC (Micro Commercial Components),SM4F16CA,Active,R H,Bidirectional,SOD-123FL,400,16,1,26,15.38,17.8,19.7,150
MCC (Micro Commercial Components),SM4F15CA,Active,R H,Bidirectional,SOD-123FL,400,15,1,24.4,16.39,16.7,18.5,150
MCC (Micro Commercial Components),SM4F14CA,Active,R H,Bidirectional,SOD-123FL,400,14,1,23.2,17.24,15.6,17.2,150
MCC (Micro Commercial Components),SM4F13CA,Active,R H,Bidirectional,SOD-123FL,400,13,1,21.5,18.6,14.4,15.9,150
MCC (Micro Commercial Components),SM4F12CA,Active,R H,Bidirectional,SOD-123FL,400,12,1,19.9,20.1,13.3,14.7,150
MCC (Micro Commercial Components),SM4F11CA,Active,R H,Bidirectional,SOD-123FL,400,11,1,18.2,21.98,12.2,13.5,150
MCC (Micro Commercial Components),SM8S14CAHE3,Active,A R,Bidirectional,DO-218AB,6600,14,10,23.2,284,15.6,17.2,175
MCC (Micro Commercial Components),SM8S15CAHE3,Active,A R,Bidirectional,DO-218AB,6600,15,10,24.4,270,16.7,18.5,175
MCC (Micro Commercial Components),SM8S16CAHE3,Active,A R,Bidirectional,DO-218AB,6600,16,10,26,254,17.8,19.7,175
MCC (Micro Commercial Components),SM8S17CAHE3,Active,A R,Bidirectional,DO-218AB,6600,17,10,27.6,239,18.9,20.9,175
MCC (Micro Commercial Components),SM8S18CAHE3,Active,A R,Bidirectional,DO-218AB,6600,18,10,29.2,226,20,22.1,175
MCC (Micro Commercial Components),SM8S20CAHE3,Active,A R,Bidirectional,DO-218AB,6600,20,10,32.4,204,22.2,24.5,175
MCC (Micro Commercial Components),SM8S22CAHE3,Active,A R,Bidirectional,DO-218AB,6600,22,10,35.5,186,24.4,26.9,175
MCC (Micro Commercial Components),SM8S24CAHE3,Active,A R,Bidirectional,DO-218AB,6600,24,10,38.9,170,26.7,29.5,175
MCC (Micro Commercial Components),SM8S26CAHE3,Active,A R,Bidirectional,DO-218AB,6600,26,10,42.1,157,28.9,31.9,175
MCC (Micro Commercial Components),SM8S28CAHE3,Active,A R,Bidirectional,DO-218AB,6600,28,10,45.4,145,31.1,34.4,175
MCC (Micro Commercial Components),SM8S30CAHE3,Active,A R,Bidirectional,DO-218AB,6600,30,10,48.4,136,33.3,36.8,175
MCC (Micro Commercial Components),SM8S33CAHE3,Active,A R,Bidirectional,DO-218AB,6600,33,10,53.3,124,36.7,40.6,175
MCC (Micro Commercial Components),SM8S36CAHE3,Active,A R,Bidirectional,DO-218AB,6600,36,10,58.1,114,40,44.2,175
MCC (Micro Commercial Components),SM8S40CAHE3,Active,A R,Bidirectional,DO-218AB,6600,40,10,64.5,102,44.4,49.1,175
MCC (Micro Commercial Components),SM8S43CAHE3,Active,A R,Bidirectional,DO-218AB,6600,43,10,69.4,95.1,47.8,52.8,175
MCC (Micro Commercial Components),SM8S10AHE3,Active,A R,Unidirectional,DO-218AB,6600,10,15,17,388,11.1,12.3,175
MCC (Micro Commercial Components),SM8S11AHE3,Active,A R,Unidirectional,DO-218AB,6600,11,10,18.2,363,12.2,13.5,175
MCC (Micro Commercial Components),SM8S12AHE3,Active,A R,Unidirectional,DO-218AB,6600,12,10,19.9,332,13.3,14.7,175
MCC (Micro Commercial Components),SM8S13AHE3,Active,A R,Unidirectional,DO-218AB,6600,13,10,21.5,307,14.4,15.9,175
MCC (Micro Commercial Components),SM8S14AHE3,Active,A R,Unidirectional,DO-218AB,6600,14,10,23.2,284,15.6,17.2,175
MCC (Micro Commercial Components),SM8S15AHE3,Active,A R,Unidirectional,DO-218AB,6600,15,10,24.4,270,16.7,18.5,175
MCC (Micro Commercial Components),SM8S16AHE3,Active,A R,Unidirectional,DO-218AB,6600,16,10,26,254,17.8,19.7,175
MCC (Micro Commercial Components),SM8S17AHE3,Active,A R,Unidirectional,DO-218AB,6600,17,10,27.6,239,18.9,20.9,175
MCC (Micro Commercial Components),SM8S18AHE3,Active,A R,Unidirectional,DO-218AB,6600,18,10,29.2,226,20,22.1,175
MCC (Micro Commercial Components),SM8S20AHE3,Active,A R,Unidirectional,DO-218AB,6600,20,10,32.4,204,22.2,24.5,175
MCC (Micro Commercial Components),SM8S22AHE3,Active,A R,Unidirectional,DO-218AB,6600,22,10,35.5,186,24.4,26.9,175
MCC (Micro Commercial Components),SM8S24AHE3,Active,A R,Unidirectional,DO-218AB,6600,24,10,38.9,170,26.7,29.5,175
MCC (Micro Commercial Components),SM8S26AHE3,Active,A R,Unidirectional,DO-218AB,6600,26,10,42.1,157,28.9,31.9,175
MCC (Micro Commercial Components),SM8S28AHE3,Active,A R,Unidirectional,DO-218AB,6600,28,10,45.4,145,31.1,34.4,175
MCC (Micro Commercial Components),SM8S30AHE3,Active,A R,Unidirectional,DO-218AB,6600,30,10,48.4,136,33.3,36.8,175
MCC (Micro Commercial Components),SM8S33AHE3,Active,A R,Unidirectional,DO-218AB,6600,33,10,53.3,124,36.7,40.6,175
MCC (Micro Commercial Components),SM8S36AHE3,Active,A R,Unidirectional,DO-218AB,6600,36,10,58.1,114,40,44.2,175
MCC (Micro Commercial Components),SM8S40AHE3,Active,A R,Unidirectional,DO-218AB,6600,40,10,64.5,102,44.4,49.1,175
MCC (Micro Commercial Components),SM8S43AHE3,Active,A R,Unidirectional,DO-218AB,6600,43,10,69.4,95.1,47.8,52.8,175
MCC (Micro Commercial Components),SMF7.0AHE3,Active,A R H,Unidirectional,SOD-123FL,200,7,100,12,16.7,7.78,8.6,150
MCC (Micro Commercial Components),SMF20AHE3,Active,A R H,Unidirectional,SOD-123FL,200,20,1,32.4,6.2,22.2,24.5,150
MCC (Micro Commercial Components),SMF22AHE3,Active,A R H,Unidirectional,SOD-123FL,200,22,1,35.5,5.6,24.4,26.9,150
MCC (Micro Commercial Components),SMF24AHE3,Active,A R H,Unidirectional,SOD-123FL,200,24,1,38.9,5.1,26.7,29.5,150
MCC (Micro Commercial Components),SMF26AHE3,Active,A R H,Unidirectional,SOD-123FL,200,26,1,42.1,4.8,28.9,31.9,150
MCC (Micro Commercial Components),SMF28AHE3,Active,A R H,Unidirectional,SOD-123FL,200,28,1,45.4,4.4,31.1,34.4,150
MCC (Micro Commercial Components),SMF30AHE3,Active,A R H,Unidirectional,SOD-123FL,200,30,1,48.4,4.1,33.3,36.8,150
MCC (Micro Commercial Components),SMF33AHE3,Active,A R H,Unidirectional,SOD-123FL,200,33,1,53.3,3.8,36.7,40.6,150
MCC (Micro Commercial Components),SMF36AHE3,Active,A R H,Unidirectional,SOD-123FL,200,36,1,58.1,3.4,40,44.2,150
MCC (Micro Commercial Components),SMF40AHE3,Active,A R H,Unidirectional,SOD-123FL,200,40,1,64.5,3.1,44.4,49.1,150
MCC (Micro Commercial Components),SMF43AHE3,Active,A R H,Unidirectional,SOD-123FL,200,43,1,69.4,2.9,47.8,52.8,150
MCC (Micro Commercial Components),SMF45AHE3,Active,A R H,Unidirectional,SOD-123FL,200,45,1,72.7,2.8,50,55.3,150
MCC (Micro Commercial Components),SMF48AHE3,Active,A R H,Unidirectional,SOD-123FL,200,48,1,77.4,2.6,53.3,58.9,150
MCC (Micro Commercial Components),SMF51AHE3,Active,A R H,Unidirectional,SOD-123FL,200,51,1,82.4,2.4,56.7,62.7,150
MCC (Micro Commercial Components),SMF54AHE3,Active,A R H,Unidirectional,SOD-123FL,200,54,1,87.1,2.3,60,66.3,150
MCC (Micro Commercial Components),SMF7.5AHE3,Active,A R H,Unidirectional,SOD-123FL,200,7.5,50,12.9,15.5,8.33,9.21,150
MCC (Micro Commercial Components),SMF8.0AHE3,Active,A R H,Unidirectional,SOD-123FL,200,8,25,13.6,14.7,8.89,9.83,150
MCC (Micro Commercial Components),SMF8.5AHE3,Active,A R H,Unidirectional,SOD-123FL,200,8.5,10,14.4,13.9,9.44,10.4,150
MCC (Micro Commercial Components),SMF9.0AHE3,Active,A R H,Unidirectional,SOD-123FL,200,9,5,15.4,13,10,11.1,150
MCC (Micro Commercial Components),SMF10AHE3,Active,A R H,Unidirectional,SOD-123FL,200,10,2.5,17,11.8,11.1,12.3,150
MCC (Micro Commercial Components),SMF11AHE3,Active,A R H,Unidirectional,SOD-123FL,200,11,2.5,18.2,11,12.2,13.5,150
MCC (Micro Commercial Components),SMF12AHE3,Active,A R H,Unidirectional,SOD-123FL,200,12,2.5,19.9,10.1,13.3,14.7,150
MCC (Micro Commercial Components),SMF13AHE3,Active,A R H,Unidirectional,SOD-123FL,200,13,1,21.5,9.3,14.4,15.9,150
MCC (Micro Commercial Components),SMF14AHE3,Active,A R H,Unidirectional,SOD-123FL,200,14,1,23.2,8.6,15.6,17.2,150
MCC (Micro Commercial Components),SMF15AHE3,Active,A R H,Unidirectional,SOD-123FL,200,15,1,24.4,8.2,16.7,18.5,150
MCC (Micro Commercial Components),SMF16AHE3,Active,A R H,Unidirectional,SOD-123FL,200,16,1,26,7.7,17.8,19.7,150
MCC (Micro Commercial Components),SMF17AHE3,Active,A R H,Unidirectional,SOD-123FL,200,17,1,27.6,7.2,18.9,20.9,150
MCC (Micro Commercial Components),SMF18AHE3,Active,A R H,Unidirectional,SOD-123FL,200,18,1,29.2,6.8,20,22.1,150
MCC (Micro Commercial Components),SMF19AHE3,Active,A R H,Unidirectional,SOD-123FL,200,19,1,30.6,6.5,21.1,23.3,150
MCC (Micro Commercial Components),SMF58AHE3,Active,A R H,Unidirectional,SOD-123FL,200,58,1,93.6,2.1,64.4,71.2,150
MCC (Micro Commercial Components),SMF60AHE3,Active,A R H,Unidirectional,SOD-123FL,200,60,1,96.8,1.8,66.7,73.7,150
MCC (Micro Commercial Components),SMF64AHE3,Active,A R H,Unidirectional,SOD-123FL,200,64,1,103,1.7,71.1,78.6,150
MCC (Micro Commercial Components),SMF70AHE3,Active,A R H,Unidirectional,SOD-123FL,200,70,1,113,1.5,77.8,86,150
MCC (Micro Commercial Components),SMF75AHE3,Active,A R H,Unidirectional,SOD-123FL,200,75,1,121,1.4,83.3,92.1,150
MCC (Micro Commercial Components),SMF78AHE3,Active,A R H,Unidirectional,SOD-123FL,200,78,1,126,1.4,86.7,95.8,150
MCC (Micro Commercial Components),SMF85AHE3,Active,A R H,Unidirectional,SOD-123FL,200,85,1,137,1.3,94.4,104,150
MCC (Micro Commercial Components),SMF90AHE3,Active,A R H,Unidirectional,SOD-123FL,200,90,1,146,1.2,100,111,150
MCC (Micro Commercial Components),SMF100AHE3,Active,A R H,Unidirectional,SOD-123FL,200,100,1,162,1.1,111,123,150
MCC (Micro Commercial Components),SMB20J20A,Active,R H,Unidirectional,SMB,2000,20,1,32.4,61.73,22.2,24.5,150
MCC (Micro Commercial Components),SMB20J20CA,Active,R H,Bidirectional,SMB,2000,20,1,32.4,61.73,22.2,24.5,150
MCC (Micro Commercial Components),SMB20J22A,Active,R H,Unidirectional,SMB,2000,22,1,35.5,56.33,24.4,26.9,150
MCC (Micro Commercial Components),SMB20J22CA,Active,R H,Bidirectional,SMB,2000,22,1,35.5,56.33,24.4,26.9,150
MCC (Micro Commercial Components),SMB20J24A,Active,R H,Unidirectional,SMB,2000,24,1,38.9,51.41,26.7,29.5,150
MCC (Micro Commercial Components),SMB20J24CA,Active,R H,Bidirectional,SMB,2000,24,1,38.9,51.41,26.7,29.5,150
MCC (Micro Commercial Components),SMB20J26A,Active,R H,Unidirectional,SMB,2000,26,1,42.1,47.51,28.9,31.9,150
MCC (Micro Commercial Components),SMB20J26CA,Active,R H,Bidirectional,SMB,2000,26,1,42.1,47.51,28.9,31.9,150
MCC (Micro Commercial Components),SMB20J30A,Active,R H,Unidirectional,SMB,2000,30,1,48.4,41.32,33.3,36.8,150
MCC (Micro Commercial Components),SMB20J33A,Active,R H,Unidirectional,SMB,2000,33,1,53.3,37.52,36.7,40.6,150
MCC (Micro Commercial Components),SMB20J36A,Active,R H,Unidirectional,SMB,2000,36,1,58.1,34.43,40,44.2,150
MCC (Micro Commercial Components),SMB20J45A,Active,R H,Unidirectional,SMB,2000,45,1,72.7,27.51,50,55.3,150
MCC (Micro Commercial Components),SMB20J48A,Active,R H,Unidirectional,SMB,2000,48,1,77.4,25.84,53.3,58.9,150
MCC (Micro Commercial Components),SMB20J48CA,Active,R H,Bidirectional,SMB,2000,48,1,77.4,25.84,53.3,58.9,150
MCC (Micro Commercial Components),SMB20J51A,Active,R H,Unidirectional,SMB,2000,51,1,82.4,24.27,56.7,62.7,150
MCC (Micro Commercial Components),SMB20J58CA,Active,R H,Bidirectional,SMB,2000,58,1,93.6,21.37,64.4,71.2,150
MCC (Micro Commercial Components),SMB20J54CA,Active,R H,Bidirectional,SMB,2000,54,1,87.1,22.96,60,66.3,150
MCC (Micro Commercial Components),SMB20J51CA,Active,R H,Bidirectional,SMB,2000,51,1,82.4,24.27,56.7,62.7,150
MCC (Micro Commercial Components),SMB20J58A,Active,R H,Unidirectional,SMB,2000,58,1,93.6,21.37,64.4,71.2,150
MCC (Micro Commercial Components),SMB20J30CA,Active,R H,Bidirectional,SMB,2000,30,1,48.4,41.32,33.3,36.8,150
MCC (Micro Commercial Components),SMB20J54A,Active,R H,Unidirectional,SMB,2000,54,1,87.1,22.96,60,66.3,150
MCC (Micro Commercial Components),SMB20J36CA,Active,R H,Bidirectional,SMB,2000,36,1,58.1,34.43,40,44.2,150
MCC (Micro Commercial Components),SMB20J40A,Active,R H,Unidirectional,SMB,2000,40,1,64.5,31.01,44.4,49.1,150
MCC (Micro Commercial Components),SMB20J40CA,Active,R H,Bidirectional,SMB,2000,40,1,64.5,31.01,44.4,49.1,150
MCC (Micro Commercial Components),SMB20J43A,Active,R H,Unidirectional,SMB,2000,43,1,69.4,28.81,47.8,52.8,150
MCC (Micro Commercial Components),SMB20J43CA,Active,R H,Bidirectional,SMB,2000,43,1,69.4,28.81,47.8,52.8,150
MCC (Micro Commercial Components),SMB20J33CA,Active,R H,Bidirectional,SMB,2000,33,1,53.3,37.52,36.7,40.6,150
MCC (Micro Commercial Components),SMB20J45CA,Active,R H,Bidirectional,SMB,2000,45,1,72.7,27.51,50,55.3,150
MCC (Micro Commercial Components),SMB20J28A,Active,R H,Unidirectional,SMB,2000,28,1,45.4,44.05,31.1,34.4,150
MCC (Micro Commercial Components),SMB20J28CA,Active,R H,Bidirectional,SMB,2000,28,1,45.4,44.05,31.1,34.4,150
MCC (Micro Commercial Components),SMBF24CA,Active,R H,Bidirectional,SMBF,600,24,1,38.9,15.42,26.7,29.5,150
MCC (Micro Commercial Components),SMBF30CA,Active,R H,Bidirectional,SMBF,600,30,1,48.4,12.4,33.3,36.8,150
MCC (Micro Commercial Components),SMBF36CA,Active,R H,Bidirectional,SMBF,600,36,1,58.1,10.33,40,44.2,150
MCC (Micro Commercial Components),SMBF43CA,Active,R H,Bidirectional,SMBF,600,43,1,69.4,8.65,47.8,52.8,150
MCC (Micro Commercial Components),SMBF48CA,Active,R H,Bidirectional,SMBF,600,48,1,77.4,7.75,53.3,58.9,150
MCC (Micro Commercial Components),SMBF54CA,Active,R H,Bidirectional,SMBF,600,54,1,87.1,6.89,60,66.3,150
MCC (Micro Commercial Components),SMBF190A,Active,R H,Unidirectional,SMBF,600,190,1,307.8,1.95,211,232,150
MCC (Micro Commercial Components),SMBF200A,Active,R H,Unidirectional,SMBF,600,200,1,324,1.85,224,247,150
MCC (Micro Commercial Components),SMBF220A,Active,R H,Unidirectional,SMBF,600,220,1,356,1.69,246,272,150
MCC (Micro Commercial Components),SMBF5.0CA,Active,R H,Bidirectional,SMBF,600,5,800,9.2,65.22,6.4,7.07,150
MCC (Micro Commercial Components),SMBF60A,Active,R H,Unidirectional,SMBF,600,60,1,96.8,6.2,66.7,73.7,150
MCC (Micro Commercial Components),SMBF64A,Active,R H,Unidirectional,SMBF,600,64,1,103,5.83,71.1,78.6,150
MCC (Micro Commercial Components),SMBF70A,Active,R H,Unidirectional,SMBF,600,70,1,113,5.31,77.8,86,150
MCC (Micro Commercial Components),SMBF75A,Active,R H,Unidirectional,SMBF,600,75,1,121,4.96,83.3,92.1,150
MCC (Micro Commercial Components),SMBF28CA,Active,R H,Bidirectional,SMBF,600,28,1,45.4,13.22,31.1,34.4,150
MCC (Micro Commercial Components),SMBF180A,Active,R H,Unidirectional,SMBF,600,180,1,291.6,2.06,200,220,150
MCC (Micro Commercial Components),SMBF90CA,Active,R H,Bidirectional,SMBF,600,90,1,146,4.11,100,111,150
MCC (Micro Commercial Components),SMBF100CA,Active,R H,Bidirectional,SMBF,600,100,1,162,3.7,111,123,150
MCC (Micro Commercial Components),SMBF18CA,Active,R H,Bidirectional,SMBF,600,18,1,29.2,20.55,20,22.1,150
MCC (Micro Commercial Components),SMBF19CA,Active,R H,Bidirectional,SMBF,600,19,1,30.8,19.49,21.1,23.3,150
MCC (Micro Commercial Components),SMBF20CA,Active,R H,Bidirectional,SMBF,600,20,1,32.4,18.52,22.2,24.5,150
MCC (Micro Commercial Components),SMBF22CA,Active,R H,Bidirectional,SMBF,600,22,1,35.5,16.9,24.4,26.9,150
MCC (Micro Commercial Components),SMBF58CA,Active,R H,Bidirectional,SMBF,600,58,1,93.6,6.41,64.4,71.2,150
MCC (Micro Commercial Components),SMBF60CA,Active,R H,Bidirectional,SMBF,600,60,1,96.8,6.2,66.7,73.7,150
MCC (Micro Commercial Components),SMBF64CA,Active,R H,Bidirectional,SMBF,600,64,1,103,5.83,71.1,78.6,150
MCC (Micro Commercial Components),SMBF75CA,Active,R H,Bidirectional,SMBF,600,75,1,121,4.96,83.3,92.1,150
MCC (Micro Commercial Components),SMBF78CA,Active,R H,Bidirectional,SMBF,600,78,1,126,4.76,86.7,95.8,150
MCC (Micro Commercial Components),SMBF80CA,Active,R H,Bidirectional,SMBF,600,80,1,129.6,4.63,88.8,97.6,150
MCC (Micro Commercial Components),SMBF40A,Active,R H,Unidirectional,SMBF,600,40,1,64.5,9.3,44.4,49.1,150
MCC (Micro Commercial Components),SMBF43A,Active,R H,Unidirectional,SMBF,600,43,1,69.4,8.65,47.8,52.8,150
MCC (Micro Commercial Components),SMBF33CA,Active,R H,Bidirectional,SMBF,600,33,1,53.3,11.26,36.7,40.6,150
MCC (Micro Commercial Components),SMBF40CA,Active,R H,Bidirectional,SMBF,600,40,1,64.5,9.3,44.4,49.1,150
MCC (Micro Commercial Components),SMBF45CA,Active,R H,Bidirectional,SMBF,600,45,1,72.7,8.25,50,55.3,150
MCC (Micro Commercial Components),SMBF51CA,Active,R H,Bidirectional,SMBF,600,51,1,82.4,7.28,56.7,62.7,150
MCC (Micro Commercial Components),SMBF24A,Active,R H,Unidirectional,SMBF,600,24,1,38.9,15.42,26.7,29.5,150
MCC (Micro Commercial Components),SMBF26A,Active,R H,Unidirectional,SMBF,600,26,1,42.1,14.25,28.9,31.9,150
MCC (Micro Commercial Components),SMBF28A,Active,R H,Unidirectional,SMBF,600,28,1,45.4,13.22,31.1,34.4,150
MCC (Micro Commercial Components),SMBF30A,Active,R H,Unidirectional,SMBF,600,30,1,48.4,12.4,33.3,36.8,150
MCC (Micro Commercial Components),SMBF33A,Active,R H,Unidirectional,SMBF,600,33,1,53.3,11.26,36.7,40.6,150
MCC (Micro Commercial Components),SMBF36A,Active,R H,Unidirectional,SMBF,600,36,1,58.1,10.33,40,44.2,150
MCC (Micro Commercial Components),SMBF7.5A,Active,R H,Unidirectional,SMBF,600,7.5,100,12.9,46.51,8.33,9.21,150
MCC (Micro Commercial Components),SMBF8.0A,Active,R H,Unidirectional,SMBF,600,8,50,13.6,44.12,8.89,9.83,150
MCC (Micro Commercial Components),SMBF8.5A,Active,R H,Unidirectional,SMBF,600,8.5,10,14.4,41.67,9.44,10.4,150
MCC (Micro Commercial Components),SMBF9.0A,Active,R H,Unidirectional,SMBF,600,9,5,15.4,38.96,10,11.1,150
MCC (Micro Commercial Components),SMBF20A,Active,R H,Unidirectional,SMBF,600,20,1,32.4,18.52,22.2,24.5,150
MCC (Micro Commercial Components),SMBF22A,Active,R H,Unidirectional,SMBF,600,22,1,35.5,16.9,24.4,26.9,150
MCC (Micro Commercial Components),SMBF160CA,Active,R H,Bidirectional,SMBF,600,160,1,259,2.32,178,197,150
MCC (Micro Commercial Components),SMBF180CA,Active,R H,Bidirectional,SMBF,600,180,1,291.6,2.06,200,220,150
MCC (Micro Commercial Components),SMBF200CA,Active,R H,Bidirectional,SMBF,600,200,1,324,1.85,224,247,150
MCC (Micro Commercial Components),SMBF6.0A,Active,R H,Unidirectional,SMBF,600,6,800,10.3,58.25,6.67,7.37,150
MCC (Micro Commercial Components),SMBF6.5A,Active,R H,Unidirectional,SMBF,600,6.5,500,11.2,53.57,7.22,7.98,150
MCC (Micro Commercial Components),SMBF7.0A,Active,R H,Unidirectional,SMBF,600,7,200,12,50,7.78,8.6,150
MCC (Micro Commercial Components),SMBF170A,Active,R H,Unidirectional,SMBF,600,170,1,275,2.18,189,209,150
MCC (Micro Commercial Components),SMBF6.0CA,Active,R H,Bidirectional,SMBF,600,6,800,10.3,58.25,6.67,7.37,150
MCC (Micro Commercial Components),SMBF7.0CA,Active,R H,Bidirectional,SMBF,600,7,200,12,50,7.78,8.6,150
MCC (Micro Commercial Components),SMBF8.0CA,Active,R H,Bidirectional,SMBF,600,8,50,13.6,44.12,8.89,9.83,150
MCC (Micro Commercial Components),SMBF11CA,Active,R H,Bidirectional,SMBF,600,11,5,18.2,32.97,12.2,13.5,150
MCC (Micro Commercial Components),SMBF17CA,Active,R H,Bidirectional,SMBF,600,17,1,27.6,21.74,18.9,20.9,150
MCC (Micro Commercial Components),SMBF160A,Active,R H,Unidirectional,SMBF,600,160,1,259,2.32,178,197,150
MCC (Micro Commercial Components),SMBF26CA,Active,R H,Bidirectional,SMBF,600,26,1,42.1,14.25,28.9,31.9,150
MCC (Micro Commercial Components),SMBF5.0A,Active,R H,Unidirectional,SMBF,600,5,800,9.2,65.22,6.4,7.07,150
MCC (Micro Commercial Components),SMBF58A,Active,R H,Unidirectional,SMBF,600,58,1,93.6,6.41,64.4,71.2,150
MCC (Micro Commercial Components),SMBF78A,Active,R H,Unidirectional,SMBF,600,78,1,126,4.76,86.7,95.8,150
MCC (Micro Commercial Components),SMBF110A,Active,R H,Unidirectional,SMBF,600,110,1,177,3.39,122,135,150
MCC (Micro Commercial Components),SMBF90A,Active,R H,Unidirectional,SMBF,600,90,1,146,4.11,100,111,150
MCC (Micro Commercial Components),SMBF100A,Active,R H,Unidirectional,SMBF,600,100,1,162,3.7,111,123,150
MCC (Micro Commercial Components),SMBF120A,Active,R H,Unidirectional,SMBF,600,120,1,193,3.11,133,147,150
MCC (Micro Commercial Components),SMBF130A,Active,R H,Unidirectional,SMBF,600,130,1,209,2.87,144,159,150
MCC (Micro Commercial Components),SMBF140A,Active,R H,Unidirectional,SMBF,600,140,1,226.8,2.65,155,171,150
MCC (Micro Commercial Components),SMBF150A,Active,R H,Unidirectional,SMBF,600,150,1,243,2.47,167,185,150
MCC (Micro Commercial Components),SMBF13CA,Active,R H,Bidirectional,SMBF,600,13,1,21.5,27.91,14.4,15.9,150
MCC (Micro Commercial Components),SMBF14CA,Active,R H,Bidirectional,SMBF,600,14,1,23.2,25.86,15.6,17.2,150
MCC (Micro Commercial Components),SMBF15CA,Active,R H,Bidirectional,SMBF,600,15,1,24.4,24.59,16.7,18.5,150
MCC (Micro Commercial Components),SMBF16CA,Active,R H,Bidirectional,SMBF,600,16,1,26,23.08,17.8,19.7,150
MCC (Micro Commercial Components),SMBF80A,Active,R H,Unidirectional,SMBF,600,80,1,129.6,4.63,88.8,97.6,150
MCC (Micro Commercial Components),SMBF85A,Active,R H,Unidirectional,SMBF,600,85,1,137,4.38,94.4,104,150
MCC (Micro Commercial Components),SMBF6.5CA,Active,R H,Bidirectional,SMBF,600,6.5,500,11.2,53.57,7.22,7.98,150
MCC (Micro Commercial Components),SMBF7.5CA,Active,R H,Bidirectional,SMBF,600,7.5,100,12.9,46.51,8.33,9.21,150
MCC (Micro Commercial Components),SMBF8.5CA,Active,R H,Bidirectional,SMBF,600,8.5,10,14.4,41.67,9.44,10.4,150
MCC (Micro Commercial Components),SMBF9.0CA,Active,R H,Bidirectional,SMBF,600,9,5,15.4,38.96,10,11.1,150
MCC (Micro Commercial Components),SMBF10CA,Active,R H,Bidirectional,SMBF,600,10,5,17,35.29,11.1,12.3,150
MCC (Micro Commercial Components),SMBF12CA,Active,R H,Bidirectional,SMBF,600,12,5,19.9,30.15,13.3,14.7,150
MCC (Micro Commercial Components),SMBF120CA,Active,R H,Bidirectional,SMBF,600,120,1,193,3.11,133,147,150
MCC (Micro Commercial Components),SMBF130CA,Active,R H,Bidirectional,SMBF,600,130,1,209,2.87,144,159,150
MCC (Micro Commercial Components),SMBF150CA,Active,R H,Bidirectional,SMBF,600,150,1,243,2.47,167,185,150
MCC (Micro Commercial Components),SMBF170CA,Active,R H,Bidirectional,SMBF,600,170,1,275,2.18,189,209,150
MCC (Micro Commercial Components),SMBF190CA,Active,R H,Bidirectional,SMBF,600,190,1,307.8,1.95,211,232,150
MCC (Micro Commercial Components),SMBF220CA,Active,R H,Bidirectional,SMBF,600,220,1,356,1.69,246,272,150
MCC (Micro Commercial Components),SMBF18A,Active,R H,Unidirectional,SMBF,600,18,1,29.2,20.55,20,22.1,150
MCC (Micro Commercial Components),SMBF19A,Active,R H,Unidirectional,SMBF,600,19,1,30.8,19.49,21.1,23.3,150
MCC (Micro Commercial Components),SMBF45A,Active,R H,Unidirectional,SMBF,600,45,1,72.7,8.25,50,55.3,150
MCC (Micro Commercial Components),SMBF48A,Active,R H,Unidirectional,SMBF,600,48,1,77.4,7.75,53.3,58.9,150
MCC (Micro Commercial Components),SMBF51A,Active,R H,Unidirectional,SMBF,600,51,1,82.4,7.28,56.7,62.7,150
MCC (Micro Commercial Components),SMBF54A,Active,R H,Unidirectional,SMBF,600,54,1,87.1,6.89,60,66.3,150
MCC (Micro Commercial Components),SMBF12A,Active,R H,Unidirectional,SMBF,600,12,5,19.9,30.15,13.3,14.7,150
MCC (Micro Commercial Components),SMBF13A,Active,R H,Unidirectional,SMBF,600,13,1,21.5,27.91,14.4,15.9,150
MCC (Micro Commercial Components),SMBF14A,Active,R H,Unidirectional,SMBF,600,14,1,23.2,25.86,15.6,17.2,150
MCC (Micro Commercial Components),SMBF15A,Active,R H,Unidirectional,SMBF,600,15,1,24.4,24.59,16.7,18.5,150
MCC (Micro Commercial Components),SMBF16A,Active,R H,Unidirectional,SMBF,600,16,1,26,23.08,17.8,19.7,150
MCC (Micro Commercial Components),SMBF17A,Active,R H,Unidirectional,SMBF,600,17,1,27.6,21.74,18.9,20.9,150
MCC (Micro Commercial Components),SMBF70CA,Active,R H,Bidirectional,SMBF,600,70,1,113,5.31,77.8,86,150
MCC (Micro Commercial Components),SMBF85CA,Active,R H,Bidirectional,SMBF,600,85,1,137,4.38,94.4,104,150
MCC (Micro Commercial Components),SMBF110CA,Active,R H,Bidirectional,SMBF,600,110,1,177,3.39,122,135,150
MCC (Micro Commercial Components),SMBF140CA,Active,R H,Bidirectional,SMBF,600,140,1,226.8,2.65,155,171,150
MCC (Micro Commercial Components),SMBF10A,Active,R H,Unidirectional,SMBF,600,10,5,17,35.29,11.1,12.3,150
MCC (Micro Commercial Components),SMBF11A,Active,R H,Unidirectional,SMBF,600,11,5,18.2,32.97,12.2,13.5,150
MCC (Micro Commercial Components),SMAJ5.0AQ,Active,A R H,Unidirectional,SMA,400,5,800,9.2,43.4,6.4,7.07,175
MCC (Micro Commercial Components),SMAJ6.0AQ,Active,A R H,Unidirectional,SMA,400,6,800,10.3,38.8,6.67,7.37,175
MCC (Micro Commercial Components),SMAJ6.5AQ,Active,A R H,Unidirectional,SMA,400,6.5,500,11.2,35.7,7.22,7.98,175
MCC (Micro Commercial Components),SMAJ7.0AQ,Active,A R H,Unidirectional,SMA,400,7,200,12,33.3,7.78,8.6,175
MCC (Micro Commercial Components),SMAJ7.5AQ,Active,A R H,Unidirectional,SMA,400,7.5,100,12.9,31,8.33,9.21,175
MCC (Micro Commercial Components),SMAJ8.0AQ,Active,A R H,Unidirectional,SMA,400,8,50,13.6,29.4,8.89,9.83,175
MCC (Micro Commercial Components),SMAJP4KE170CAQ,Active,A R H,Bidirectional,SMA,400,145,1,234,1.7,161.5,178.5,175
MCC (Micro Commercial Components),SMAJP4KE180CAQ,Active,A R H,Bidirectional,SMA,400,154,1,246,1.6,171,189,175
MCC (Micro Commercial Components),SMAJP4KE200CAQ,Active,A R H,Bidirectional,SMA,400,171,1,274,1.5,190,210,175
MCC (Micro Commercial Components),SMAJP4KE220CAQ,Active,A R H,Bidirectional,SMA,400,185,1,328,1.2,209,231,175
MCC (Micro Commercial Components),SMAJP4KE100CAQ,Active,A R H,Bidirectional,SMA,400,85.5,1,137,2.9,95,105,175
MCC (Micro Commercial Components),SMAJP4KE110CAQ,Active,A R H,Bidirectional,SMA,400,94,1,152,2.6,104.5,115.5,175
MCC (Micro Commercial Components),SMAJP4KE120CAQ,Active,A R H,Bidirectional,SMA,400,102,1,165,2.4,114,126,175
MCC (Micro Commercial Components),SMAJP4KE130CAQ,Active,A R H,Bidirectional,SMA,400,111,1,179,2.2,123.5,136.5,175
MCC (Micro Commercial Components),SMAJP4KE150CAQ,Active,A R H,Bidirectional,SMA,400,128,1,207,1.9,142.5,157.5,175
MCC (Micro Commercial Components),SMAJP4KE160CAQ,Active,A R H,Bidirectional,SMA,400,136,1,219,1.8,152,168,175
MCC (Micro Commercial Components),SMAJP4KE56CAQ,Active,A R H,Bidirectional,SMA,400,47.8,1,77,5.2,53.2,58.8,175
MCC (Micro Commercial Components),SMAJP4KE62CAQ,Active,A R H,Bidirectional,SMA,400,53,1,85,4.7,58.9,65.1,175
MCC (Micro Commercial Components),SMAJP4KE68CAQ,Active,A R H,Bidirectional,SMA,400,58.1,1,92,4.4,64.6,71.4,175
MCC (Micro Commercial Components),SMAJP4KE75CAQ,Active,A R H,Bidirectional,SMA,400,64.1,1,103,3.9,71.25,78.75,175
MCC (Micro Commercial Components),SMAJP4KE82CAQ,Active,A R H,Bidirectional,SMA,400,70.1,1,113,3.5,77.9,86.1,175
MCC (Micro Commercial Components),SMAJP4KE91CAQ,Active,A R H,Bidirectional,SMA,400,77.8,1,125,3.2,86.45,95.55,175
MCC (Micro Commercial Components),SMAJP4KE33CAQ,Active,A R H,Bidirectional,SMA,400,28.2,1,45.7,8.8,31.35,34.65,175
MCC (Micro Commercial Components),SMAJP4KE36CAQ,Active,A R H,Bidirectional,SMA,400,30.8,1,49.9,8,34.2,37.8,175
MCC (Micro Commercial Components),SMAJP4KE39CAQ,Active,A R H,Bidirectional,SMA,400,33.3,1,53.9,7.4,37.05,40.95,175
MCC (Micro Commercial Components),SMAJP4KE43CAQ,Active,A R H,Bidirectional,SMA,400,36.8,1,59.3,6.8,40.85,45.15,175
MCC (Micro Commercial Components),SMAJP4KE47CAQ,Active,A R H,Bidirectional,SMA,400,40.2,1,64.8,6.2,44.65,49.35,175
MCC (Micro Commercial Components),SMAJP4KE51CAQ,Active,A R H,Bidirectional,SMA,400,43.6,1,70.1,5.7,48.45,53.55,175
MCC (Micro Commercial Components),SMAJP4KE18CAQ,Active,A R H,Bidirectional,SMA,400,15.3,1,25.2,15.9,17.1,18.9,175
MCC (Micro Commercial Components),SMAJP4KE20CAQ,Active,A R H,Bidirectional,SMA,400,17.1,1,27.7,14.4,19,21,175
MCC (Micro Commercial Components),SMAJP4KE22CAQ,Active,A R H,Bidirectional,SMA,400,18.8,1,30.6,13.1,20.9,23.1,175
MCC (Micro Commercial Components),SMAJP4KE24CAQ,Active,A R H,Bidirectional,SMA,400,20.5,1,33.2,12.1,22.8,25.2,175
MCC (Micro Commercial Components),SMAJP4KE27CAQ,Active,A R H,Bidirectional,SMA,400,23.1,1,37.5,10.7,25.65,28.35,175
MCC (Micro Commercial Components),SMAJP4KE30CAQ,Active,A R H,Bidirectional,SMA,400,25.6,1,41.4,9.7,28.5,31.5,175
MCC (Micro Commercial Components),SMAJP4KE10CAQ,Active,A R H,Bidirectional,SMA,400,8.6,10,14.5,27.6,9.5,10.5,175
MCC (Micro Commercial Components),SMAJP4KE11CAQ,Active,A R H,Bidirectional,SMA,400,9.4,5,15.6,25.6,10.45,11.55,175
MCC (Micro Commercial Components),SMAJP4KE12CAQ,Active,A R H,Bidirectional,SMA,400,10.2,5,16.7,24,11.4,12.6,175
MCC (Micro Commercial Components),SMAJP4KE13CAQ,Active,A R H,Bidirectional,SMA,400,11.1,5,18.2,22,12.35,13.65,175
MCC (Micro Commercial Components),SMAJP4KE15CAQ,Active,A R H,Bidirectional,SMA,400,12.8,1,21.2,18.9,14.25,15.75,175
MCC (Micro Commercial Components),SMAJP4KE16CAQ,Active,A R H,Bidirectional,SMA,400,13.6,1,22.5,17.8,15.2,16.8,175
MCC (Micro Commercial Components),SMAJP4KE200AQ,Active,A R H,Unidirectional,SMA,400,171,1,274,1.5,190,210,175
MCC (Micro Commercial Components),SMAJP4KE220AQ,Active,A R H,Unidirectional,SMA,400,185,1,328,1.2,209,231,175
MCC (Micro Commercial Components),SMAJP4KE6.8CAQ,Active,A R H,Bidirectional,SMA,400,5.8,1000,10.5,38.1,6.46,7.14,175
MCC (Micro Commercial Components),SMAJP4KE7.5CAQ,Active,A R H,Bidirectional,SMA,400,6.4,500,11.3,35.4,7.13,7.88,175
MCC (Micro Commercial Components),SMAJP4KE8.2CAQ,Active,A R H,Bidirectional,SMA,400,7,200,12.1,33.1,7.79,8.61,175
MCC (Micro Commercial Components),SMAJP4KE9.1CAQ,Active,A R H,Bidirectional,SMA,400,7.8,50,13.4,29.9,8.65,9.56,175
MCC (Micro Commercial Components),SMAJP4KE120AQ,Active,A R H,Unidirectional,SMA,400,102,1,165,2.4,114,126,175
MCC (Micro Commercial Components),SMAJP4KE130AQ,Active,A R H,Unidirectional,SMA,400,111,1,179,2.2,123.5,136.5,175
MCC (Micro Commercial Components),SMAJP4KE150AQ,Active,A R H,Unidirectional,SMA,400,128,1,207,1.9,142.5,157.5,175
MCC (Micro Commercial Components),SMAJP4KE160AQ,Active,A R H,Unidirectional,SMA,400,136,1,219,1.8,152,168,175
MCC (Micro Commercial Components),SMAJP4KE170AQ,Active,A R H,Unidirectional,SMA,400,145,1,234,1.7,161.5,178.5,175
MCC (Micro Commercial Components),SMAJP4KE180AQ,Active,A R H,Unidirectional,SMA,400,154,1,246,1.6,171,189,175
MCC (Micro Commercial Components),SMAJP4KE68AQ,Active,A R H,Unidirectional,SMA,400,58.1,1,92,4.4,64.6,71.4,175
MCC (Micro Commercial Components),SMAJP4KE75AQ,Active,A R H,Unidirectional,SMA,400,64.1,1,103,3.9,71.25,78.75,175
MCC (Micro Commercial Components),SMAJP4KE82AQ,Active,A R H,Unidirectional,SMA,400,70.1,1,113,3.5,77.9,86.1,175
MCC (Micro Commercial Components),SMAJP4KE91AQ,Active,A R H,Unidirectional,SMA,400,77.8,1,125,3.2,86.45,95.55,175
MCC (Micro Commercial Components),SMAJP4KE100AQ,Active,A R H,Unidirectional,SMA,400,85.5,1,137,2.9,95,105,175
MCC (Micro Commercial Components),SMAJP4KE110AQ,Active,A R H,Unidirectional,SMA,400,94,1,152,2.6,104.5,115.5,175
MCC (Micro Commercial Components),SMAJP4KE39AQ,Active,A R H,Unidirectional,SMA,400,33.3,1,53.9,7.4,37.05,40.95,175
MCC (Micro Commercial Components),SMAJP4KE43AQ,Active,A R H,Unidirectional,SMA,400,36.8,1,59.3,6.8,40.85,45.15,175
MCC (Micro Commercial Components),SMAJP4KE47AQ,Active,A R H,Unidirectional,SMA,400,40.2,1,64.8,6.2,44.65,49.35,175
MCC (Micro Commercial Components),SMAJP4KE51AQ,Active,A R H,Unidirectional,SMA,400,43.6,1,70.1,5.7,48.45,53.55,175
MCC (Micro Commercial Components),SMAJP4KE56AQ,Active,A R H,Unidirectional,SMA,400,47.8,1,77,5.2,53.2,58.8,175
MCC (Micro Commercial Components),SMAJP4KE62AQ,Active,A R H,Unidirectional,SMA,400,53,1,85,4.7,58.9,65.1,175
MCC (Micro Commercial Components),SMAJP4KE22AQ,Active,A R H,Unidirectional,SMA,400,18.8,1,30.6,13.1,20.9,23.1,175
MCC (Micro Commercial Components),SMAJP4KE24AQ,Active,A R H,Unidirectional,SMA,400,20.5,1,33.2,12.1,22.8,25.2,175
MCC (Micro Commercial Components),SMAJP4KE27AQ,Active,A R H,Unidirectional,SMA,400,23.1,1,37.5,10.7,25.65,28.35,175
MCC (Micro Commercial Components),SMAJP4KE30AQ,Active,A R H,Unidirectional,SMA,400,25.6,1,41.4,9.7,28.5,31.5,175
MCC (Micro Commercial Components),SMAJP4KE33AQ,Active,A R H,Unidirectional,SMA,400,28.2,1,45.7,8.8,31.35,34.65,175
MCC (Micro Commercial Components),SMAJP4KE36AQ,Active,A R H,Unidirectional,SMA,400,30.8,1,49.9,8,34.2,37.8,175
MCC (Micro Commercial Components),SMAJP4KE12AQ,Active,A R H,Unidirectional,SMA,400,10.2,5,16.7,24,11.4,12.6,175
MCC (Micro Commercial Components),SMAJP4KE13AQ,Active,A R H,Unidirectional,SMA,400,11.1,5,18.2,22,12.35,13.65,175
MCC (Micro Commercial Components),SMAJP4KE15AQ,Active,A R H,Unidirectional,SMA,400,12.8,1,21.2,18.9,14.25,15.75,175
MCC (Micro Commercial Components),SMAJP4KE16AQ,Active,A R H,Unidirectional,SMA,400,13.6,1,22.5,17.8,15.2,16.8,175
MCC (Micro Commercial Components),SMAJP4KE18AQ,Active,A R H,Unidirectional,SMA,400,15.3,1,25.2,15.9,17.1,18.9,175
MCC (Micro Commercial Components),SMAJP4KE20AQ,Active,A R H,Unidirectional,SMA,400,17.1,1,27.7,14.4,19,21,175
MCC (Micro Commercial Components),SMAJP4KE6.8AQ,Active,A R H,Unidirectional,SMA,400,5.8,1000,10.5,38.1,6.46,7.14,175
MCC (Micro Commercial Components),SMAJP4KE7.5AQ,Active,A R H,Unidirectional,SMA,400,6.4,500,11.3,35.4,7.13,7.88,175
MCC (Micro Commercial Components),SMAJP4KE8.2AQ,Active,A R H,Unidirectional,SMA,400,7,200,12.1,33.1,7.79,8.61,175
MCC (Micro Commercial Components),SMAJP4KE9.1AQ,Active,A R H,Unidirectional,SMA,400,7.8,50,13.4,29.9,8.65,9.56,175
MCC (Micro Commercial Components),SMAJP4KE10AQ,Active,A R H,Unidirectional,SMA,400,8.6,10,14.5,27.6,9.5,10.5,175
MCC (Micro Commercial Components),SMAJP4KE11AQ,Active,A R H,Unidirectional,SMA,400,9.4,5,15.6,25.6,10.45,11.55,175
MCC (Micro Commercial Components),SMAJ140CAQ,Active,A R H,Bidirectional,SMA,400,140,1,226.8,1.8,155,171,175
MCC (Micro Commercial Components),SMAJ150CAQ,Active,A R H,Bidirectional,SMA,400,150,1,243,1.7,167,185,175
MCC (Micro Commercial Components),SMAJ160CAQ,Active,A R H,Bidirectional,SMA,400,160,1,259,1.5,178,197,175
MCC (Micro Commercial Components),SMAJ170CAQ,Active,A R H,Bidirectional,SMA,400,170,1,275,1.5,189,209,175
MCC (Micro Commercial Components),SMAJ180CAQ,Active,A R H,Bidirectional,SMA,400,180,1,291.6,1.4,200,220,175
MCC (Micro Commercial Components),SMAJ190CAQ,Active,A R H,Bidirectional,SMA,400,190,1,307.8,1.3,211,232,175
MCC (Micro Commercial Components),SMAJ85CAQ,Active,A R H,Bidirectional,SMA,400,85,1,137,2.9,94.4,104,175
MCC (Micro Commercial Components),SMAJ90CAQ,Active,A R H,Bidirectional,SMA,400,90,1,146,2.7,100,111,175
MCC (Micro Commercial Components),SMAJ100CAQ,Active,A R H,Bidirectional,SMA,400,100,1,162,2.5,111,123,175
MCC (Micro Commercial Components),SMAJ110CAQ,Active,A R H,Bidirectional,SMA,400,110,1,177,2.3,122,135,175
MCC (Micro Commercial Components),SMAJ120CAQ,Active,A R H,Bidirectional,SMA,400,120,1,193,2.1,133,147,175
MCC (Micro Commercial Components),SMAJ130CAQ,Active,A R H,Bidirectional,SMA,400,130,1,209,1.9,144,159,175
MCC (Micro Commercial Components),SMAJ60CAQ,Active,A R H,Bidirectional,SMA,400,60,1,96.8,4.1,66.7,73.7,175
MCC (Micro Commercial Components),SMAJ64CAQ,Active,A R H,Bidirectional,SMA,400,64,1,103,3.9,71.1,78.6,175
MCC (Micro Commercial Components),SMAJ70CAQ,Active,A R H,Bidirectional,SMA,400,70,1,113,3.5,77.8,86,175
MCC (Micro Commercial Components),SMAJ75CAQ,Active,A R H,Bidirectional,SMA,400,75,1,121,3.3,83.3,92.1,175
MCC (Micro Commercial Components),SMAJ78CAQ,Active,A R H,Bidirectional,SMA,400,78,1,126,3.2,86.7,95.8,175
MCC (Micro Commercial Components),SMAJ80CAQ,Active,A R H,Bidirectional,SMA,400,80,1,129,3.1,88.8,97.6,175
MCC (Micro Commercial Components),SMAJ43CAQ,Active,A R H,Bidirectional,SMA,400,43,1,69.4,5.8,47.8,52.8,175
MCC (Micro Commercial Components),SMAJ45CAQ,Active,A R H,Bidirectional,SMA,400,45,1,72.7,5.5,50,55.3,175
MCC (Micro Commercial Components),SMAJ48CAQ,Active,A R H,Bidirectional,SMA,400,48,1,77.4,5.2,53.3,58.9,175
MCC (Micro Commercial Components),SMAJ51CAQ,Active,A R H,Bidirectional,SMA,400,51,1,82.4,4.9,56.7,62.7,175
MCC (Micro Commercial Components),SMAJ54CAQ,Active,A R H,Bidirectional,SMA,400,54,1,87.1,4.6,60,66.3,175
MCC (Micro Commercial Components),SMAJ58CAQ,Active,A R H,Bidirectional,SMA,400,58,1,93.6,4.3,64.4,71.2,175
MCC (Micro Commercial Components),SMAJ26CAQ,Active,A R H,Bidirectional,SMA,400,26,1,42.1,9.5,28.9,31.9,175
MCC (Micro Commercial Components),SMAJ28CAQ,Active,A R H,Bidirectional,SMA,400,28,1,45.4,8.8,31.1,34.4,175
MCC (Micro Commercial Components),SMAJ30CAQ,Active,A R H,Bidirectional,SMA,400,30,1,48.4,8.3,33.3,36.8,175
MCC (Micro Commercial Components),SMAJ33CAQ,Active,A R H,Bidirectional,SMA,400,33,1,53.3,7.5,36.7,40.6,175
MCC (Micro Commercial Components),SMAJ36CAQ,Active,A R H,Bidirectional,SMA,400,36,1,58.1,6.9,40,44.2,175
MCC (Micro Commercial Components),SMAJ40CAQ,Active,A R H,Bidirectional,SMA,400,40,1,64.5,6.2,44.4,49.1,175
MCC (Micro Commercial Components),SMAJ17CAQ,Active,A R H,Bidirectional,SMA,400,17,1,27.6,14.5,18.9,20.9,175
MCC (Micro Commercial Components),SMAJ18CAQ,Active,A R H,Bidirectional,SMA,400,18,1,29.2,13.7,20,22.1,175
MCC (Micro Commercial Components),SMAJ19CAQ,Active,A R H,Bidirectional,SMA,400,19,1,30.8,13,21.1,23.3,175
MCC (Micro Commercial Components),SMAJ20CAQ,Active,A R H,Bidirectional,SMA,400,20,1,32.4,12.4,22.2,24.5,175
MCC (Micro Commercial Components),SMAJ22CAQ,Active,A R H,Bidirectional,SMA,400,22,1,35.5,11.3,24.4,26.9,175
MCC (Micro Commercial Components),SMAJ24CAQ,Active,A R H,Bidirectional,SMA,400,24,1,38.9,10.3,26.7,29.5,175
MCC (Micro Commercial Components),SMAJ11CAQ,Active,A R H,Bidirectional,SMA,400,11,1,18.2,22,12.2,13.5,175
MCC (Micro Commercial Components),SMAJ12CAQ,Active,A R H,Bidirectional,SMA,400,12,1,19.9,20.1,13.3,14.7,175
MCC (Micro Commercial Components),SMAJ13CAQ,Active,A R H,Bidirectional,SMA,400,13,1,21.5,18.6,14.4,15.9,175
MCC (Micro Commercial Components),SMAJ14CAQ,Active,A R H,Bidirectional,SMA,400,14,1,23.2,17.2,15.6,17.2,175
MCC (Micro Commercial Components),SMAJ15CAQ,Active,A R H,Bidirectional,SMA,400,15,1,24.4,16.4,16.7,18.5,175
MCC (Micro Commercial Components),SMAJ16CAQ,Active,A R H,Bidirectional,SMA,400,16,1,26,15.4,17.8,19.7,175
MCC (Micro Commercial Components),SMAJ7.0CAQ,Active,A R H,Bidirectional,SMA,400,7,200,12,33.3,7.78,8.6,175
MCC (Micro Commercial Components),SMAJ7.5CAQ,Active,A R H,Bidirectional,SMA,400,7.5,100,12.9,31,8.33,9.21,175
MCC (Micro Commercial Components),SMAJ8.0CAQ,Active,A R H,Bidirectional,SMA,400,8,50,13.6,29.4,8.89,9.83,175
MCC (Micro Commercial Components),SMAJ8.5CAQ,Active,A R H,Bidirectional,SMA,400,8.5,10,14.4,27.8,9.44,10.4,175
MCC (Micro Commercial Components),SMAJ9.0CAQ,Active,A R H,Bidirectional,SMA,400,9,5,15.4,26,10,11.1,175
MCC (Micro Commercial Components),SMAJ10CAQ,Active,A R H,Bidirectional,SMA,400,10,5,17,23.5,11.1,12.3,175
MCC (Micro Commercial Components),SMAJ170AQ,Active,A R H,Unidirectional,SMA,400,170,1,275,1.5,189,209,175
MCC (Micro Commercial Components),SMAJ180AQ,Active,A R H,Unidirectional,SMA,400,180,1,291.6,1.4,200,220,175
MCC (Micro Commercial Components),SMAJ190AQ,Active,A R H,Unidirectional,SMA,400,190,1,307.8,1.3,211,232,175
MCC (Micro Commercial Components),SMAJ5.0CAQ,Active,A R H,Bidirectional,SMA,400,5,800,9.2,43.4,6.4,7.07,175
MCC (Micro Commercial Components),SMAJ6.0CAQ,Active,A R H,Bidirectional,SMA,400,6,800,10.3,38.8,6.67,7.37,175
MCC (Micro Commercial Components),SMAJ6.5CAQ,Active,A R H,Bidirectional,SMA,400,6.5,500,11.2,35.7,7.22,7.98,175
MCC (Micro Commercial Components),SMAJ110AQ,Active,A R H,Unidirectional,SMA,400,110,1,177,2.3,122,135,175
MCC (Micro Commercial Components),SMAJ120AQ,Active,A R H,Unidirectional,SMA,400,120,1,193,2.1,133,147,175
MCC (Micro Commercial Components),SMAJ130AQ,Active,A R H,Unidirectional,SMA,400,130,1,209,1.9,144,159,175
MCC (Micro Commercial Components),SMAJ140AQ,Active,A R H,Unidirectional,SMA,400,140,1,226.8,1.8,155,171,175
MCC (Micro Commercial Components),SMAJ150AQ,Active,A R H,Unidirectional,SMA,400,150,1,243,1.7,167,185,175
MCC (Micro Commercial Components),SMAJ160AQ,Active,A R H,Unidirectional,SMA,400,160,1,259,1.5,178,197,175
MCC (Micro Commercial Components),SMAJ75AQ,Active,A R H,Unidirectional,SMA,400,75,1,121,3.3,83.3,92.1,175
MCC (Micro Commercial Components),SMAJ78AQ,Active,A R H,Unidirectional,SMA,400,78,1,126,3.2,86.7,95.8,175
MCC (Micro Commercial Components),SMAJ80AQ,Active,A R H,Unidirectional,SMA,400,80,1,129,3.1,88.8,97.6,175
MCC (Micro Commercial Components),SMAJ85AQ,Active,A R H,Unidirectional,SMA,400,85,1,137,2.9,94.4,104,175
MCC (Micro Commercial Components),SMAJ90AQ,Active,A R H,Unidirectional,SMA,400,90,1,146,2.7,100,111,175
MCC (Micro Commercial Components),SMAJ100AQ,Active,A R H,Unidirectional,SMA,400,100,1,162,2.5,111,123,175
MCC (Micro Commercial Components),SMAJ51AQ,Active,A R H,Unidirectional,SMA,400,51,1,82.4,4.9,56.7,62.7,175
MCC (Micro Commercial Components),SMAJ54AQ,Active,A R H,Unidirectional,SMA,400,54,1,87.1,4.6,60,66.3,175
MCC (Micro Commercial Components),SMAJ58AQ,Active,A R H,Unidirectional,SMA,400,58,1,93.6,4.3,64.4,71.2,175
MCC (Micro Commercial Components),SMAJ60AQ,Active,A R H,Unidirectional,SMA,400,60,1,96.8,4.1,66.7,73.7,175
MCC (Micro Commercial Components),SMAJ64AQ,Active,A R H,Unidirectional,SMA,400,64,1,103,3.9,71.1,78.6,175
MCC (Micro Commercial Components),SMAJ70AQ,Active,A R H,Unidirectional,SMA,400,70,1,113,3.5,77.8,86,175
MCC (Micro Commercial Components),SMAJ33AQ,Active,A R H,Unidirectional,SMA,400,33,1,53.3,7.5,36.7,40.6,175
MCC (Micro Commercial Components),SMAJ36AQ,Active,A R H,Unidirectional,SMA,400,36,1,58.1,6.9,40,44.2,175
MCC (Micro Commercial Components),SMAJ40AQ,Active,A R H,Unidirectional,SMA,400,40,1,64.5,6.2,44.4,49.1,175
MCC (Micro Commercial Components),SMAJ43AQ,Active,A R H,Unidirectional,SMA,400,43,1,69.4,5.8,47.8,52.8,175
MCC (Micro Commercial Components),SMAJ45AQ,Active,A R H,Unidirectional,SMA,400,45,1,72.7,5.5,50,55.3,175
MCC (Micro Commercial Components),SMAJ48AQ,Active,A R H,Unidirectional,SMA,400,48,1,77.4,5.2,53.3,58.9,175
MCC (Micro Commercial Components),SMAJ20AQ,Active,A R H,Unidirectional,SMA,400,20,1,32.4,12.4,22.2,24.5,175
MCC (Micro Commercial Components),SMAJ22AQ,Active,A R H,Unidirectional,SMA,400,22,1,35.5,11.3,24.4,26.9,175
MCC (Micro Commercial Components),SMAJ24AQ,Active,A R H,Unidirectional,SMA,400,24,1,38.9,10.3,26.7,29.5,175
MCC (Micro Commercial Components),SMAJ26AQ,Active,A R H,Unidirectional,SMA,400,26,1,42.1,9.5,28.9,31.9,175
MCC (Micro Commercial Components),SMAJ28AQ,Active,A R H,Unidirectional,SMA,400,28,1,45.4,8.8,31.1,34.4,175
MCC (Micro Commercial Components),SMAJ30AQ,Active,A R H,Unidirectional,SMA,400,30,1,48.4,8.3,33.3,36.8,175
MCC (Micro Commercial Components),SMAJ14AQ,Active,A R H,Unidirectional,SMA,400,14,1,23.2,17.2,15.6,17.2,175
MCC (Micro Commercial Components),SMAJ15AQ,Active,A R H,Unidirectional,SMA,400,15,1,24.4,16.4,16.7,18.5,175
MCC (Micro Commercial Components),SMAJ16AQ,Active,A R H,Unidirectional,SMA,400,16,1,26,15.4,17.8,19.7,175
MCC (Micro Commercial Components),SMAJ17AQ,Active,A R H,Unidirectional,SMA,400,17,1,27.6,14.5,18.9,20.9,175
MCC (Micro Commercial Components),SMAJ18AQ,Active,A R H,Unidirectional,SMA,400,18,1,29.2,13.7,20,22.1,175
MCC (Micro Commercial Components),SMAJ19AQ,Active,A R H,Unidirectional,SMA,400,19,1,30.8,13,21.1,23.3,175
MCC (Micro Commercial Components),SMAJ8.5AQ,Active,A R H,Unidirectional,SMA,400,8.5,10,14.4,27.8,9.44,10.4,175
MCC (Micro Commercial Components),SMAJ9.0AQ,Active,A R H,Unidirectional,SMA,400,9,5,15.4,26,10,11.1,175
MCC (Micro Commercial Components),SMAJ10AQ,Active,A R H,Unidirectional,SMA,400,10,5,17,23.5,11.1,12.3,175
MCC (Micro Commercial Components),SMAJ11AQ,Active,A R H,Unidirectional,SMA,400,11,1,18.2,22,12.2,13.5,175
MCC (Micro Commercial Components),SMAJ12AQ,Active,A R H,Unidirectional,SMA,400,12,1,19.9,20.1,13.3,14.7,175
MCC (Micro Commercial Components),SMAJ13AQ,Active,A R H,Unidirectional,SMA,400,13,1,21.5,18.6,14.4,15.9,175
MCC (Micro Commercial Components),SMA6J10AQ,Active,A R H,Unidirectional,SMA,600,10,5,17,35.3,11.1,12.3,175
MCC (Micro Commercial Components),SMA6J11AQ,Active,A R H,Unidirectional,SMA,600,11,5,18.2,33,12.2,13.5,175
MCC (Micro Commercial Components),SMA6J12AQ,Active,A R H,Unidirectional,SMA,600,12,5,19.9,30.2,13.3,14.7,175
MCC (Micro Commercial Components),SMA6J13AQ,Active,A R H,Unidirectional,SMA,600,13,1,21.5,27.9,14.4,15.9,175
MCC (Micro Commercial Components),SMA6J14AQ,Active,A R H,Unidirectional,SMA,600,14,1,23.2,25.9,15.6,17.2,175
MCC (Micro Commercial Components),SMA6J17AQ,Active,A R H,Unidirectional,SMA,600,17,1,27.6,21.7,18.9,20.9,175
MCC (Micro Commercial Components),SMA6J18CAQ,Active,A R H,Bidirectional,SMA,600,18,1,29.2,20.6,20,22.1,175
MCC (Micro Commercial Components),SMA6J19CAQ,Active,A R H,Bidirectional,SMA,600,19,1,30.8,19.5,22.1,23.3,175
MCC (Micro Commercial Components),SMA6J20CAQ,Active,A R H,Bidirectional,SMA,600,20,1,32.4,18.5,22.2,24.5,175
MCC (Micro Commercial Components),SMA6J12CAQ,Active,A R H,Bidirectional,SMA,600,12,5,19.9,30.2,13.3,14.7,175
MCC (Micro Commercial Components),SMA6J13CAQ,Active,A R H,Bidirectional,SMA,600,13,1,21.5,27.9,14.4,15.9,175
MCC (Micro Commercial Components),SMA6J14CAQ,Active,A R H,Bidirectional,SMA,600,14,1,23.2,25.9,15.6,17.2,175
MCC (Micro Commercial Components),SMA6J15CAQ,Active,A R H,Bidirectional,SMA,600,15,1,24.4,24.6,16.7,18.5,175
MCC (Micro Commercial Components),SMA6J16CAQ,Active,A R H,Bidirectional,SMA,600,16,1,26,23.1,17.8,19.7,175
MCC (Micro Commercial Components),SMA6J17CAQ,Active,A R H,Bidirectional,SMA,600,17,1,27.6,21.7,18.9,20.9,175
MCC (Micro Commercial Components),SMA6J80AQ,Active,A R H,Unidirectional,SMA,600,80,1,129.6,4.6,88.8,97.6,175
MCC (Micro Commercial Components),SMA6J85AQ,Active,A R H,Unidirectional,SMA,600,85,1,137,4.4,94.4,104,175
MCC (Micro Commercial Components),SMA6J90AQ,Active,A R H,Unidirectional,SMA,600,90,1,146,4.1,100,111,175
MCC (Micro Commercial Components),SMA6J100AQ,Active,A R H,Unidirectional,SMA,600,100,1,162,3.7,111,123,175
MCC (Micro Commercial Components),SMA6J10CAQ,Active,A R H,Bidirectional,SMA,600,10,5,17,35.3,11.1,12.3,175
MCC (Micro Commercial Components),SMA6J11CAQ,Active,A R H,Bidirectional,SMA,600,11,5,18.2,33,12.2,13.5,175
MCC (Micro Commercial Components),SMA6J64AQ,Active,A R H,Unidirectional,SMA,600,64,1,103,5.8,71.1,78.6,175
MCC (Micro Commercial Components),SMA6J70AQ,Active,A R H,Unidirectional,SMA,600,70,1,113,5.3,77.8,86,175
MCC (Micro Commercial Components),SMA6J75AQ,Active,A R H,Unidirectional,SMA,600,75,1,121,5,83.3,92.1,175
MCC (Micro Commercial Components),SMA6J15AQ,Active,A R H,Unidirectional,SMA,600,15,1,24.4,24.6,16.7,18.5,175
MCC (Micro Commercial Components),SMA6J16AQ,Active,A R H,Unidirectional,SMA,600,16,1,26,23.1,17.8,19.7,175
MCC (Micro Commercial Components),SMA6J78AQ,Active,A R H,Unidirectional,SMA,600,78,1,126,4.8,86.7,95.8,175
MCC (Micro Commercial Components),SMA6J45AQ,Active,A R H,Unidirectional,SMA,600,45,1,72.7,8.3,50,55.3,175
MCC (Micro Commercial Components),SMA6J48AQ,Active,A R H,Unidirectional,SMA,600,48,1,77.4,7.8,53.3,58.9,175
MCC (Micro Commercial Components),SMA6J51AQ,Active,A R H,Unidirectional,SMA,600,51,1,82.4,7.3,56.7,62.7,175
MCC (Micro Commercial Components),SMA6J54AQ,Active,A R H,Unidirectional,SMA,600,54,1,87.1,6.9,60,66.3,175
MCC (Micro Commercial Components),SMA6J58AQ,Active,A R H,Unidirectional,SMA,600,58,1,93.6,6.4,64.4,71.2,175
MCC (Micro Commercial Components),SMA6J60AQ,Active,A R H,Unidirectional,SMA,600,60,1,96.8,6.2,66.7,73.7,175
MCC (Micro Commercial Components),SMA6J28AQ,Active,A R H,Unidirectional,SMA,600,28,1,45.4,13.2,31.1,34.4,175
MCC (Micro Commercial Components),SMA6J30AQ,Active,A R H,Unidirectional,SMA,600,30,1,48.4,12.4,33.3,36.8,175
MCC (Micro Commercial Components),SMA6J33AQ,Active,A R H,Unidirectional,SMA,600,33,1,53.3,11.3,36.7,40.6,175
MCC (Micro Commercial Components),SMA6J36AQ,Active,A R H,Unidirectional,SMA,600,36,1,58.1,10.3,40,44.2,175
MCC (Micro Commercial Components),SMA6J40AQ,Active,A R H,Unidirectional,SMA,600,40,1,64.5,9.3,44.4,49.1,175
MCC (Micro Commercial Components),SMA6J43AQ,Active,A R H,Unidirectional,SMA,600,43,1,69.4,8.7,47.8,52.8,175
MCC (Micro Commercial Components),SMA6J18AQ,Active,A R H,Unidirectional,SMA,600,18,1,29.2,20.6,20,22.1,175
MCC (Micro Commercial Components),SMA6J19AQ,Active,A R H,Unidirectional,SMA,600,19,1,30.8,19.5,22.1,23.3,175
MCC (Micro Commercial Components),SMA6J20AQ,Active,A R H,Unidirectional,SMA,600,20,1,32.4,18.5,22.2,24.5,175
MCC (Micro Commercial Components),SMA6J22AQ,Active,A R H,Unidirectional,SMA,600,22,1,35.5,16.9,24.4,26.9,175
MCC (Micro Commercial Components),SMA6J24AQ,Active,A R H,Unidirectional,SMA,600,24,1,38.9,15.4,26.7,29.5,175
MCC (Micro Commercial Components),SMA6J26AQ,Active,A R H,Unidirectional,SMA,600,26,1,42.1,14.3,28.9,31.9,175
MCC (Micro Commercial Components),SMBJ11CAQ,Active,A R H,Bidirectional,SMB,600,11,5,18.2,33,12.2,13.5,175
MCC (Micro Commercial Components),SMBJ12CAQ,Active,A R H,Bidirectional,SMB,600,12,5,19.9,30.2,13.3,14.7,175
MCC (Micro Commercial Components),SMBJ13CAQ,Active,A R H,Bidirectional,SMB,600,13,1,21.5,27.9,14.4,15.9,175
MCC (Micro Commercial Components),SMBJ14CAQ,Active,A R H,Bidirectional,SMB,600,14,1,23.2,25.9,15.6,17.2,175
MCC (Micro Commercial Components),SMBJ15CAQ,Active,A R H,Bidirectional,SMB,600,15,1,24.4,24.6,16.7,18.5,175
MCC (Micro Commercial Components),SMBJ16CAQ,Active,A R H,Bidirectional,SMB,600,16,1,26,23.1,17.8,19.7,175
MCC (Micro Commercial Components),SMBJ150AQ,Active,A R H,Unidirectional,SMB,600,150,1,243,2.5,167,185,175
MCC (Micro Commercial Components),SMBJ160AQ,Active,A R H,Unidirectional,SMB,600,160,1,259,2.3,178,197,175
MCC (Micro Commercial Components),SMBJ170AQ,Active,A R H,Unidirectional,SMB,600,170,1,275,2.2,189,209,175
MCC (Micro Commercial Components),SMBJ180AQ,Active,A R H,Unidirectional,SMB,600,180,1,291.6,2.1,200,220,175
MCC (Micro Commercial Components),SMBJ90AQ,Active,A R H,Unidirectional,SMB,600,90,1,146,4.1,100,111,175
MCC (Micro Commercial Components),SMBJ100AQ,Active,A R H,Unidirectional,SMB,600,100,1,162,3.7,111,123,175
MCC (Micro Commercial Components),SMBJ110AQ,Active,A R H,Unidirectional,SMB,600,110,1,177,3.4,122,135,175
MCC (Micro Commercial Components),SMBJ120AQ,Active,A R H,Unidirectional,SMB,600,120,1,193,3.1,133,147,175
MCC (Micro Commercial Components),SMBJ130AQ,Active,A R H,Unidirectional,SMB,600,130,1,209,2.9,144,159,175
MCC (Micro Commercial Components),SMBJ140AQ,Active,A R H,Unidirectional,SMB,600,140,1,226.8,2.7,155,171,175
MCC (Micro Commercial Components),SMBJ7.0CAQ,Active,A R H,Bidirectional,SMB,600,7,200,12,50,7.78,8.6,175
MCC (Micro Commercial Components),SMBJ7.5CAQ,Active,A R H,Bidirectional,SMB,600,7.5,100,12.9,46.5,8.33,9.21,175
MCC (Micro Commercial Components),SMBJ8.0CAQ,Active,A R H,Bidirectional,SMB,600,8,50,13.6,44.1,8.89,9.83,175
MCC (Micro Commercial Components),SMBJ8.5CAQ,Active,A R H,Bidirectional,SMB,600,8.5,10,14.4,41.7,9.44,10.4,175
MCC (Micro Commercial Components),SMBJ9.0CAQ,Active,A R H,Bidirectional,SMB,600,9,5,15.4,39,10,11.1,175
MCC (Micro Commercial Components),SMBJ10CAQ,Active,A R H,Bidirectional,SMB,600,10,5,17,35.3,11.1,12.3,175
MCC (Micro Commercial Components),SMBJ80AQ,Active,A R H,Unidirectional,SMB,600,80,1,129.6,4.6,88.8,97.6,175
MCC (Micro Commercial Components),SMBJ85AQ,Active,A R H,Unidirectional,SMB,600,85,1,137,4.4,94.4,104,175
MCC (Micro Commercial Components),SMBJ190AQ,Active,A R H,Unidirectional,SMB,600,190,1,307.8,2,211,232,175
MCC (Micro Commercial Components),SMBJ5.0CAQ,Active,A R H,Bidirectional,SMB,600,5,800,9.2,65.2,6.4,7.07,175
MCC (Micro Commercial Components),SMBJ6.0CAQ,Active,A R H,Bidirectional,SMB,600,6,800,10.3,58.3,6.67,7.37,175
MCC (Micro Commercial Components),SMBJ6.5CAQ,Active,A R H,Bidirectional,SMB,600,6.5,500,11.2,53.6,7.22,7.98,175
MCC (Micro Commercial Components),SMBJ58AQ,Active,A R H,Unidirectional,SMB,600,58,1,93.6,6.4,64.4,71.2,175
MCC (Micro Commercial Components),SMBJ60AQ,Active,A R H,Unidirectional,SMB,600,60,1,96.8,6.2,66.7,73.7,175
MCC (Micro Commercial Components),SMBJ64AQ,Active,A R H,Unidirectional,SMB,600,64,1,103,5.8,71.1,78.6,175
MCC (Micro Commercial Components),SMBJ70AQ,Active,A R H,Unidirectional,SMB,600,70,1,113,5.3,77.8,86,175
MCC (Micro Commercial Components),SMBJ75AQ,Active,A R H,Unidirectional,SMB,600,75,1,121,5,83.3,92.1,175
MCC (Micro Commercial Components),SMBJ78AQ,Active,A R H,Unidirectional,SMB,600,78,1,126,4.8,86.7,95.8,175
MCC (Micro Commercial Components),SMBJP6KE180CAQ,Active,A R H,Bidirectional,SMB,600,154,1,246,2.4,171,189,175
MCC (Micro Commercial Components),SMBJP6KE200CAQ,Active,A R H,Bidirectional,SMB,600,171,1,274,2.2,190,210,175
MCC (Micro Commercial Components),SMBJP6KE220CAQ,Active,A R H,Bidirectional,SMB,600,185,1,328,1.8,209,231,175
MCC (Micro Commercial Components),SMBJ48AQ,Active,A R H,Unidirectional,SMB,600,48,1,77.4,7.8,53.3,58.9,175
MCC (Micro Commercial Components),SMBJ51AQ,Active,A R H,Unidirectional,SMB,600,51,1,82.4,7.3,56.7,62.7,175
MCC (Micro Commercial Components),SMBJ54AQ,Active,A R H,Unidirectional,SMB,600,54,1,87.1,6.9,60,66.3,175
MCC (Micro Commercial Components),SMBJP6KE110CAQ,Active,A R H,Bidirectional,SMB,600,94,1,152,4,104.5,115.5,175
MCC (Micro Commercial Components),SMBJP6KE120CAQ,Active,A R H,Bidirectional,SMB,600,102,1,165,3.6,114,126,175
MCC (Micro Commercial Components),SMBJP6KE130CAQ,Active,A R H,Bidirectional,SMB,600,111,1,179,3.4,123.5,136.5,175
MCC (Micro Commercial Components),SMBJP6KE150CAQ,Active,A R H,Bidirectional,SMB,600,128,1,207,2.9,142.5,157.5,175
MCC (Micro Commercial Components),SMBJP6KE160CAQ,Active,A R H,Bidirectional,SMB,600,136,1,219,2.7,152,168,175
MCC (Micro Commercial Components),SMBJP6KE170CAQ,Active,A R H,Bidirectional,SMB,600,145,1,234,2.6,161.5,178.5,175
MCC (Micro Commercial Components),SMBJ33AQ,Active,A R H,Unidirectional,SMB,600,33,1,53.3,11.3,36.7,40.6,175
MCC (Micro Commercial Components),SMBJ36AQ,Active,A R H,Unidirectional,SMB,600,36,1,58.1,10.3,40,44.2,175
MCC (Micro Commercial Components),SMBJ40AQ,Active,A R H,Unidirectional,SMB,600,40,1,64.5,9.3,44.4,49.1,175
MCC (Micro Commercial Components),SMBJ43AQ,Active,A R H,Unidirectional,SMB,600,43,1,69.4,8.7,47.8,52.8,175
MCC (Micro Commercial Components),SMBJ45AQ,Active,A R H,Unidirectional,SMB,600,45,1,72.7,8.3,50,55.3,175
MCC (Micro Commercial Components),SMBJP6KE100CAQ,Active,A R H,Bidirectional,SMB,600,85.5,1,137,4.4,95,105,175
MCC (Micro Commercial Components),SMBJP6KE91CAQ,Active,A R H,Bidirectional,SMB,600,77.8,1,125,4.8,86.45,95.35,175
MCC (Micro Commercial Components),SMBJ22AQ,Active,A R H,Unidirectional,SMB,600,22,1,35.5,16.9,24.4,26.9,175
MCC (Micro Commercial Components),SMBJ24AQ,Active,A R H,Unidirectional,SMB,600,24,1,38.9,15.4,26.7,29.5,175
MCC (Micro Commercial Components),SMBJ26AQ,Active,A R H,Unidirectional,SMB,600,26,1,42.1,14.3,28.9,31.9,175
MCC (Micro Commercial Components),SMBJ28AQ,Active,A R H,Unidirectional,SMB,600,28,1,45.4,13.2,31.1,34.4,175
MCC (Micro Commercial Components),SMBJ30AQ,Active,A R H,Unidirectional,SMB,600,30,1,48.4,12.4,33.3,36.8,175
MCC (Micro Commercial Components),SMBJP6KE51CAQ,Active,A R H,Bidirectional,SMB,600,43.6,1,70.1,8.6,48.45,53.55,175
MCC (Micro Commercial Components),SMBJP6KE56CAQ,Active,A R H,Bidirectional,SMB,600,47.8,1,77,7.8,53.2,58.8,175
MCC (Micro Commercial Components),SMBJP6KE62CAQ,Active,A R H,Bidirectional,SMB,600,53,1,85,7.1,58.9,65.1,175
MCC (Micro Commercial Components),SMBJP6KE68CAQ,Active,A R H,Bidirectional,SMB,600,58.1,1,92,6.5,64.6,71.4,175
MCC (Micro Commercial Components),SMBJP6KE75CAQ,Active,A R H,Bidirectional,SMB,600,64.1,1,103,5.8,71.25,78.75,175
MCC (Micro Commercial Components),SMBJP6KE82CAQ,Active,A R H,Bidirectional,SMB,600,70.1,1,113,5.3,77.9,86.1,175
MCC (Micro Commercial Components),SMBJP6KE30CAQ,Active,A R H,Bidirectional,SMB,600,25.6,1,41.4,14.5,28.5,31.5,175
MCC (Micro Commercial Components),SMBJP6KE33CAQ,Active,A R H,Bidirectional,SMB,600,28.2,1,45.7,13.1,31.35,34.65,175
MCC (Micro Commercial Components),SMBJP6KE36CAQ,Active,A R H,Bidirectional,SMB,600,30.8,1,49.9,12,34.2,37.8,175
MCC (Micro Commercial Components),SMBJP6KE39CAQ,Active,A R H,Bidirectional,SMB,600,33.3,1,53.9,11.1,37.05,40.95,175
MCC (Micro Commercial Components),SMBJP6KE43CAQ,Active,A R H,Bidirectional,SMB,600,36.8,1,59.3,10.1,40.85,45.15,175
MCC (Micro Commercial Components),SMBJP6KE47CAQ,Active,A R H,Bidirectional,SMB,600,40.2,1,64.8,9.3,44.65,49.35,175
MCC (Micro Commercial Components),SMBJP6KE16CAQ,Active,A R H,Bidirectional,SMB,600,13.6,1,22.5,26.7,15.2,16.8,175
MCC (Micro Commercial Components),SMBJP6KE18CAQ,Active,A R H,Bidirectional,SMB,600,15.3,1,25.2,23.8,17.1,18.9,175
MCC (Micro Commercial Components),SMBJP6KE20CAQ,Active,A R H,Bidirectional,SMB,600,17.1,1,27.7,21.7,19,21,175
MCC (Micro Commercial Components),SMBJP6KE22CAQ,Active,A R H,Bidirectional,SMB,600,18.8,1,30.6,19.6,20.9,23.1,175
MCC (Micro Commercial Components),SMBJP6KE24CAQ,Active,A R H,Bidirectional,SMB,600,20.5,1,33.2,18.1,22.8,25.2,175
MCC (Micro Commercial Components),SMBJP6KE27CAQ,Active,A R H,Bidirectional,SMB,600,23.1,1,37.5,16,25.65,28.35,175
MCC (Micro Commercial Components),SMBJP6KE9.1CAQ,Active,A R H,Bidirectional,SMB,600,7.8,50,13.4,44.8,8.65,9.56,175
MCC (Micro Commercial Components),SMBJP6KE10CAQ,Active,A R H,Bidirectional,SMB,600,8.6,10,14.5,41.4,9.5,10.5,175
MCC (Micro Commercial Components),SMBJP6KE11CAQ,Active,A R H,Bidirectional,SMB,600,9.4,5,15.6,38.5,10.45,11.55,175
MCC (Micro Commercial Components),SMBJP6KE12CAQ,Active,A R H,Bidirectional,SMB,600,10.2,5,16.7,35.9,11.4,12.6,175
MCC (Micro Commercial Components),SMBJP6KE13CAQ,Active,A R H,Bidirectional,SMB,600,11.1,5,18.2,33,12.35,13.65,175
MCC (Micro Commercial Components),SMBJP6KE15CAQ,Active,A R H,Bidirectional,SMB,600,12.8,1,21.2,28.3,14.25,15.75,175
MCC (Micro Commercial Components),SMBJP6KE180AQ,Active,A R H,Unidirectional,SMB,600,154,1,246,2.4,171,189,175
MCC (Micro Commercial Components),SMBJP6KE200AQ,Active,A R H,Unidirectional,SMB,600,171,1,274,2.2,190,210,175
MCC (Micro Commercial Components),SMBJP6KE220AQ,Active,A R H,Unidirectional,SMB,600,185,1,328,1.8,209,231,175
MCC (Micro Commercial Components),SMBJP6KE6.8CAQ,Active,A R H,Bidirectional,SMB,600,5.8,1000,10.5,57.1,6.46,7.14,175
MCC (Micro Commercial Components),SMBJP6KE7.5CAQ,Active,A R H,Bidirectional,SMB,600,6.4,500,11.3,53.1,7.13,7.88,175
MCC (Micro Commercial Components),SMBJP6KE8.2CAQ,Active,A R H,Bidirectional,SMB,600,7,200,12.1,49.6,7.79,8.61,175
MCC (Micro Commercial Components),SMBJP6KE110AQ,Active,A R H,Unidirectional,SMB,600,94,1,152,4,104.5,115.5,175
MCC (Micro Commercial Components),SMBJP6KE120AQ,Active,A R H,Unidirectional,SMB,600,102,1,165,3.6,114,126,175
MCC (Micro Commercial Components),SMBJP6KE130AQ,Active,A R H,Unidirectional,SMB,600,111,1,179,3.4,123.5,136.5,175
MCC (Micro Commercial Components),SMBJP6KE150AQ,Active,A R H,Unidirectional,SMB,600,128,1,207,2.9,142.5,157.5,175
MCC (Micro Commercial Components),SMBJP6KE160AQ,Active,A R H,Unidirectional,SMB,600,136,1,219,2.7,152,168,175
MCC (Micro Commercial Components),SMBJP6KE170AQ,Active,A R H,Unidirectional,SMB,600,145,1,234,2.6,161.5,178.5,175
MCC (Micro Commercial Components),SMBJP6KE62AQ,Active,A R H,Unidirectional,SMB,600,53,1,85,7.1,58.9,65.1,175
MCC (Micro Commercial Components),SMBJP6KE68AQ,Active,A R H,Unidirectional,SMB,600,58.1,1,92,6.5,64.6,71.4,175
MCC (Micro Commercial Components),SMBJP6KE75AQ,Active,A R H,Unidirectional,SMB,600,64.1,1,103,5.8,71.25,78.75,175
MCC (Micro Commercial Components),SMBJP6KE82AQ,Active,A R H,Unidirectional,SMB,600,70.1,1,113,5.3,77.9,86.1,175
MCC (Micro Commercial Components),SMBJP6KE91AQ,Active,A R H,Unidirectional,SMB,600,77.8,1,125,4.8,86.45,95.35,175
MCC (Micro Commercial Components),SMBJP6KE100AQ,Active,A R H,Unidirectional,SMB,600,85.5,1,137,4.4,95,105,175
MCC (Micro Commercial Components),SMBJP6KE36AQ,Active,A R H,Unidirectional,SMB,600,30.8,1,49.9,12,34.2,37.8,175
MCC (Micro Commercial Components),SMBJP6KE39AQ,Active,A R H,Unidirectional,SMB,600,33.3,1,53.9,11.1,37.05,40.95,175
MCC (Micro Commercial Components),SMBJP6KE43AQ,Active,A R H,Unidirectional,SMB,600,36.8,1,59.3,10.1,40.85,45.15,175
MCC (Micro Commercial Components),SMBJP6KE47AQ,Active,A R H,Unidirectional,SMB,600,40.2,1,64.8,9.3,44.65,49.35,175
MCC (Micro Commercial Components),SMBJP6KE51AQ,Active,A R H,Unidirectional,SMB,600,43.6,1,70.1,8.6,48.45,53.55,175
MCC (Micro Commercial Components),SMBJP6KE56AQ,Active,A R H,Unidirectional,SMB,600,47.8,1,77,7.8,53.2,58.8,175
MCC (Micro Commercial Components),SMBJP6KE20AQ,Active,A R H,Unidirectional,SMB,600,17.1,1,27.7,21.7,19,21,175
MCC (Micro Commercial Components),SMBJP6KE22AQ,Active,A R H,Unidirectional,SMB,600,18.8,1,30.6,19.6,20.9,23.1,175
MCC (Micro Commercial Components),SMBJP6KE24AQ,Active,A R H,Unidirectional,SMB,600,20.5,1,33.2,18.1,22.8,25.2,175
MCC (Micro Commercial Components),SMBJP6KE27AQ,Active,A R H,Unidirectional,SMB,600,23.1,1,37.5,16,25.65,28.35,175
MCC (Micro Commercial Components),SMBJP6KE30AQ,Active,A R H,Unidirectional,SMB,600,25.6,1,41.4,14.5,28.5,31.5,175
MCC (Micro Commercial Components),SMBJP6KE33AQ,Active,A R H,Unidirectional,SMB,600,28.2,1,45.7,13.1,31.35,34.65,175
MCC (Micro Commercial Components),SMBJP6KE11AQ,Active,A R H,Unidirectional,SMB,600,9.4,5,15.6,38.5,10.45,11.55,175
MCC (Micro Commercial Components),SMBJP6KE12AQ,Active,A R H,Unidirectional,SMB,600,10.2,5,16.7,35.9,11.4,12.6,175
MCC (Micro Commercial Components),SMBJP6KE13AQ,Active,A R H,Unidirectional,SMB,600,11.1,5,18.2,33,12.35,13.65,175
MCC (Micro Commercial Components),SMBJP6KE15AQ,Active,A R H,Unidirectional,SMB,600,12.8,1,21.2,28.3,14.25,15.75,175
MCC (Micro Commercial Components),SMBJP6KE16AQ,Active,A R H,Unidirectional,SMB,600,13.6,1,22.5,26.7,15.2,16.8,175
MCC (Micro Commercial Components),SMBJP6KE18AQ,Active,A R H,Unidirectional,SMB,600,15.3,1,25.2,23.8,17.1,18.9,175
MCC (Micro Commercial Components),SMBJ20AQ,Active,A R H,Unidirectional,SMB,600,20,1,32.4,18.5,22.2,24.5,175
MCC (Micro Commercial Components),SMBJP6KE6.8AQ,Active,A R H,Unidirectional,SMB,600,5.8,1000,10.5,57.1,6.46,7.14,175
MCC (Micro Commercial Components),SMBJP6KE7.5AQ,Active,A R H,Unidirectional,SMB,600,6.4,500,11.3,53.1,7.13,7.88,175
MCC (Micro Commercial Components),SMBJP6KE8.2AQ,Active,A R H,Unidirectional,SMB,600,7,200,12.1,49.6,7.79,8.61,175
MCC (Micro Commercial Components),SMBJP6KE9.1AQ,Active,A R H,Unidirectional,SMB,600,7.8,50,13.4,44.8,8.65,9.56,175
MCC (Micro Commercial Components),SMBJP6KE10AQ,Active,A R H,Unidirectional,SMB,600,8.6,10,14.5,41.4,9.5,10.5,175
MCC (Micro Commercial Components),SMBJ14AQ,Active,A R H,Unidirectional,SMB,600,14,1,23.2,25.9,15.6,17.2,175
MCC (Micro Commercial Components),SMBJ15AQ,Active,A R H,Unidirectional,SMB,600,15,1,24.4,24.6,16.7,18.5,175
MCC (Micro Commercial Components),SMBJ16AQ,Active,A R H,Unidirectional,SMB,600,16,1,26,23.1,17.8,19.7,175
MCC (Micro Commercial Components),SMBJ17AQ,Active,A R H,Unidirectional,SMB,600,17,1,27.6,21.7,18.9,20.9,175
MCC (Micro Commercial Components),SMBJ18AQ,Active,A R H,Unidirectional,SMB,600,18,1,29.2,20.6,20,22.1,175
MCC (Micro Commercial Components),SMBJ19AQ,Active,A R H,Unidirectional,SMB,600,19,1,30.8,19.5,21.1,23.3,175
MCC (Micro Commercial Components),SMBJ8.5AQ,Active,A R H,Unidirectional,SMB,600,8.5,10,14.4,41.7,9.44,10.4,175
MCC (Micro Commercial Components),SMBJ9.0AQ,Active,A R H,Unidirectional,SMB,600,9,5,15.4,39,10,11.1,175
MCC (Micro Commercial Components),SMBJ10AQ,Active,A R H,Unidirectional,SMB,600,10,5,17,35.3,11.1,12.3,175
MCC (Micro Commercial Components),SMBJ11AQ,Active,A R H,Unidirectional,SMB,600,11,5,18.2,33,12.2,13.5,175
MCC (Micro Commercial Components),SMBJ12AQ,Active,A R H,Unidirectional,SMB,600,12,5,19.9,30.2,13.3,14.7,175
MCC (Micro Commercial Components),SMBJ13AQ,Active,A R H,Unidirectional,SMB,600,13,1,21.5,27.9,14.4,15.9,175
MCC (Micro Commercial Components),SMBJ5.0AQ,Active,A R H,Unidirectional,SMB,600,5,800,9.2,65.2,6.4,7.07,175
MCC (Micro Commercial Components),SMBJ6.0AQ,Active,A R H,Unidirectional,SMB,600,6,800,10.3,58.3,6.67,7.37,175
MCC (Micro Commercial Components),SMBJ6.5AQ,Active,A R H,Unidirectional,SMB,600,6.5,500,11.2,53.6,7.22,7.98,175
MCC (Micro Commercial Components),SMBJ7.0AQ,Active,A R H,Unidirectional,SMB,600,7,200,12,50,7.78,8.6,175
MCC (Micro Commercial Components),SMBJ7.5AQ,Active,A R H,Unidirectional,SMB,600,7.5,100,12.9,46.5,8.33,9.21,175
MCC (Micro Commercial Components),SMBJ8.0AQ,Active,A R H,Unidirectional,SMB,600,8,50,13.6,44.1,8.89,9.83,175
MCC (Micro Commercial Components),SMBJ140CAQ,Active,A R H,Bidirectional,SMB,600,140,1,226.8,2.7,155,171,175
MCC (Micro Commercial Components),SMBJ150CAQ,Active,A R H,Bidirectional,SMB,600,150,1,243,2.5,167,185,175
MCC (Micro Commercial Components),SMBJ160CAQ,Active,A R H,Bidirectional,SMB,600,160,1,259,2.3,178,197,175
MCC (Micro Commercial Components),SMBJ170CAQ,Active,A R H,Bidirectional,SMB,600,170,1,275,2.2,189,209,175
MCC (Micro Commercial Components),SMBJ180CAQ,Active,A R H,Bidirectional,SMB,600,180,1,291.6,2.1,200,220,175
MCC (Micro Commercial Components),SMBJ190CAQ,Active,A R H,Bidirectional,SMB,600,190,1,307.8,2,211,232,175
MCC (Micro Commercial Components),SMBJ85CAQ,Active,A R H,Bidirectional,SMB,600,85,1,137,4.4,94.4,104,175
MCC (Micro Commercial Components),SMBJ90CAQ,Active,A R H,Bidirectional,SMB,600,90,1,146,4.1,100,111,175
MCC (Micro Commercial Components),SMBJ100CAQ,Active,A R H,Bidirectional,SMB,600,100,1,162,3.7,111,123,175
MCC (Micro Commercial Components),SMBJ110CAQ,Active,A R H,Bidirectional,SMB,600,110,1,177,3.4,122,135,175
MCC (Micro Commercial Components),SMBJ120CAQ,Active,A R H,Bidirectional,SMB,600,120,1,193,3.1,133,147,175
MCC (Micro Commercial Components),SMBJ130CAQ,Active,A R H,Bidirectional,SMB,600,130,1,209,2.9,144,159,175
MCC (Micro Commercial Components),SMBJ60CAQ,Active,A R H,Bidirectional,SMB,600,60,1,96.8,6.2,66.7,73.7,175
MCC (Micro Commercial Components),SMBJ64CAQ,Active,A R H,Bidirectional,SMB,600,64,1,103,5.8,71.1,78.6,175
MCC (Micro Commercial Components),SMBJ70CAQ,Active,A R H,Bidirectional,SMB,600,70,1,113,5.3,77.8,86,175
MCC (Micro Commercial Components),SMBJ75CAQ,Active,A R H,Bidirectional,SMB,600,75,1,121,5,83.3,92.1,175
MCC (Micro Commercial Components),SMBJ78CAQ,Active,A R H,Bidirectional,SMB,600,78,1,126,4.8,86.7,95.8,175
MCC (Micro Commercial Components),SMBJ80CAQ,Active,A R H,Bidirectional,SMB,600,80,1,129.6,4.6,88.8,97.6,175
MCC (Micro Commercial Components),SMBJ43CAQ,Active,A R H,Bidirectional,SMB,600,43,1,69.4,8.7,47.8,52.8,175
MCC (Micro Commercial Components),SMBJ45CAQ,Active,A R H,Bidirectional,SMB,600,45,1,72.7,8.3,50,55.3,175
MCC (Micro Commercial Components),SMBJ48CAQ,Active,A R H,Bidirectional,SMB,600,48,1,77.4,7.8,53.3,58.9,175
MCC (Micro Commercial Components),SMBJ51CAQ,Active,A R H,Bidirectional,SMB,600,51,1,82.4,7.3,56.7,62.7,175
MCC (Micro Commercial Components),SMBJ54CAQ,Active,A R H,Bidirectional,SMB,600,54,1,87.1,6.9,60,66.3,175
MCC (Micro Commercial Components),SMBJ58CAQ,Active,A R H,Bidirectional,SMB,600,58,1,93.6,6.4,64.4,71.2,175
MCC (Micro Commercial Components),SMBJ26CAQ,Active,A R H,Bidirectional,SMB,600,26,1,42.1,14.3,28.9,31.9,175
MCC (Micro Commercial Components),SMBJ28CAQ,Active,A R H,Bidirectional,SMB,600,28,1,45.4,13.2,31.1,34.4,175
MCC (Micro Commercial Components),SMBJ30CAQ,Active,A R H,Bidirectional,SMB,600,30,1,48.4,12.4,33.3,36.8,175
MCC (Micro Commercial Components),SMBJ33CAQ,Active,A R H,Bidirectional,SMB,600,33,1,53.3,11.3,36.7,40.6,175
MCC (Micro Commercial Components),SMBJ36CAQ,Active,A R H,Bidirectional,SMB,600,36,1,58.1,10.3,40,44.2,175
MCC (Micro Commercial Components),SMBJ40CAQ,Active,A R H,Bidirectional,SMB,600,40,1,64.5,9.3,44.4,49.1,175
MCC (Micro Commercial Components),SMBJ17CAQ,Active,A R H,Bidirectional,SMB,600,17,1,27.6,21.7,18.9,20.9,175
MCC (Micro Commercial Components),SMBJ18CAQ,Active,A R H,Bidirectional,SMB,600,18,1,29.2,20.6,20,22.1,175
MCC (Micro Commercial Components),SMBJ19CAQ,Active,A R H,Bidirectional,SMB,600,19,1,30.8,19.5,21.1,23.3,175
MCC (Micro Commercial Components),SMBJ20CAQ,Active,A R H,Bidirectional,SMB,600,20,1,32.4,18.5,22.2,24.5,175
MCC (Micro Commercial Components),SMBJ22CAQ,Active,A R H,Bidirectional,SMB,600,22,1,35.5,16.9,24.4,26.9,175
MCC (Micro Commercial Components),SMBJ24CAQ,Active,A R H,Bidirectional,SMB,600,24,1,38.9,15.4,26.7,29.5,175
MCC (Micro Commercial Components),SMLJ16AQ,Active,A R H,Unidirectional,SMC,3000,16,1,26,115.38,17.8,19.7,175
MCC (Micro Commercial Components),SMLJ17AQ,Active,A R H,Unidirectional,SMC,3000,17,1,27.6,108.7,18.9,20.9,175
MCC (Micro Commercial Components),SMLJ18AQ,Active,A R H,Unidirectional,SMC,3000,18,1,29.2,102.74,20,22.1,175
MCC (Micro Commercial Components),SMLJ19AQ,Active,A R H,Unidirectional,SMC,3000,19,1,30.8,97.47,21.1,23.3,175
MCC (Micro Commercial Components),SMLJ20AQ,Active,A R H,Unidirectional,SMC,3000,20,1,32.4,92.59,22.2,24.5,175
MCC (Micro Commercial Components),SMLJ22AQ,Active,A R H,Unidirectional,SMC,3000,22,1,35.5,84.51,24.4,26.9,175
MCC (Micro Commercial Components),SMLJ5.0AQ,Active,A R H,Unidirectional,SMC,3000,5,1000,9.2,326.09,6.4,7.07,175
MCC (Micro Commercial Components),SMLJ6.0AQ,Active,A R H,Unidirectional,SMC,3000,6,1000,10.3,291.26,6.67,7.37,175
MCC (Micro Commercial Components),SMLJ6.5AQ,Active,A R H,Unidirectional,SMC,3000,6.5,500,11.2,267.86,7.22,7.98,175
MCC (Micro Commercial Components),SMLJ7.0AQ,Active,A R H,Unidirectional,SMC,3000,7,200,12,250,7.78,8.6,175
MCC (Micro Commercial Components),SMCJ140CAQ,Active,A R H,Bidirectional,SMC,1500,140,1,226.8,6.6,155,171,175
MCC (Micro Commercial Components),SMCJ150CAQ,Active,A R H,Bidirectional,SMC,1500,150,1,243,6.2,167,185,175
MCC (Micro Commercial Components),SMCJ160CAQ,Active,A R H,Bidirectional,SMC,1500,160,1,259,5.8,178,197,175
MCC (Micro Commercial Components),SMCJ170CAQ,Active,A R H,Bidirectional,SMC,1500,170,1,275,5.5,189,209,175
MCC (Micro Commercial Components),SMCJ180CAQ,Active,A R H,Bidirectional,SMC,1500,180,1,291.6,5.1,200,220,175
MCC (Micro Commercial Components),SMCJ190CAQ,Active,A R H,Bidirectional,SMC,1500,190,1,307.8,4.9,211,232,175
MCC (Micro Commercial Components),SMLJ10AQ,Active,A R H,Unidirectional,SMC,3000,10,5,17,176.47,11.1,12.3,175
MCC (Micro Commercial Components),SMLJ11AQ,Active,A R H,Unidirectional,SMC,3000,11,5,18.2,164.84,12.2,13.5,175
MCC (Micro Commercial Components),SMLJ12AQ,Active,A R H,Unidirectional,SMC,3000,12,2,19.9,150.75,13.3,14.7,175
MCC (Micro Commercial Components),SMLJ13AQ,Active,A R H,Unidirectional,SMC,3000,13,2,21.5,139.53,14.4,15.9,175
MCC (Micro Commercial Components),SMLJ14AQ,Active,A R H,Unidirectional,SMC,3000,14,1,23.2,129.31,15.6,17.2,175
MCC (Micro Commercial Components),SMLJ15AQ,Active,A R H,Unidirectional,SMC,3000,15,1,24.4,122.95,16.7,18.5,175
MCC (Micro Commercial Components),SMCJ120CAQ,Active,A R H,Bidirectional,SMC,1500,120,1,193,7.8,133,147,175
MCC (Micro Commercial Components),SMCJ130CAQ,Active,A R H,Bidirectional,SMC,1500,130,1,209,7.2,144,159,175
MCC (Micro Commercial Components),SMLJ7.5AQ,Active,A R H,Unidirectional,SMC,3000,7.5,100,12.9,232.56,8.33,9.21,175
MCC (Micro Commercial Components),SMLJ8.0AQ,Active,A R H,Unidirectional,SMC,3000,8,50,13.6,220.59,8.89,9.83,175
MCC (Micro Commercial Components),SMLJ8.5AQ,Active,A R H,Unidirectional,SMC,3000,8.5,25,14.4,208.33,9.44,10.4,175
MCC (Micro Commercial Components),SMLJ9.0AQ,Active,A R H,Unidirectional,SMC,3000,9,10,15.4,194.81,10,11.1,175
MCC (Micro Commercial Components),SMCJ78CAQ,Active,A R H,Bidirectional,SMC,1500,78,1,126,11.9,86.7,95.8,175
MCC (Micro Commercial Components),SMCJ80CAQ,Active,A R H,Bidirectional,SMC,1500,80,1,129.6,11.6,88.8,97.6,175
MCC (Micro Commercial Components),SMCJ85CAQ,Active,A R H,Bidirectional,SMC,1500,85,1,137,10.9,94.4,104,175
MCC (Micro Commercial Components),SMCJ90CAQ,Active,A R H,Bidirectional,SMC,1500,90,1,146,10.3,100,111,175
MCC (Micro Commercial Components),SMCJ100CAQ,Active,A R H,Bidirectional,SMC,1500,100,1,162,9.3,111,123,175
MCC (Micro Commercial Components),SMCJ110CAQ,Active,A R H,Bidirectional,SMC,1500,110,1,177,8.5,122,135,175
MCC (Micro Commercial Components),SMCJ54CAQ,Active,A R H,Bidirectional,SMC,1500,54,1,87.1,17.2,60,66.3,175
MCC (Micro Commercial Components),SMCJ58CAQ,Active,A R H,Bidirectional,SMC,1500,58,1,93.6,16,64.4,71.2,175
MCC (Micro Commercial Components),SMCJ60CAQ,Active,A R H,Bidirectional,SMC,1500,60,1,96.8,15.5,66.7,73.7,175
MCC (Micro Commercial Components),SMCJ64CAQ,Active,A R H,Bidirectional,SMC,1500,64,1,103,14.6,71.1,78.6,175
MCC (Micro Commercial Components),SMCJ70CAQ,Active,A R H,Bidirectional,SMC,1500,70,1,113,13.3,77.8,86,175
MCC (Micro Commercial Components),SMCJ75CAQ,Active,A R H,Bidirectional,SMC,1500,75,1,121,12.4,83.3,92.1,175
MCC (Micro Commercial Components),SMCJ36CAQ,Active,A R H,Bidirectional,SMC,1500,36,1,58.1,25.8,40,44.2,175
MCC (Micro Commercial Components),SMCJ40CAQ,Active,A R H,Bidirectional,SMC,1500,40,1,64.5,23.3,44.4,49.1,175
MCC (Micro Commercial Components),SMCJ43CAQ,Active,A R H,Bidirectional,SMC,1500,43,1,69.4,21.6,47.8,52.8,175
MCC (Micro Commercial Components),SMCJ45CAQ,Active,A R H,Bidirectional,SMC,1500,45,1,72.7,20.6,50,55.3,175
MCC (Micro Commercial Components),SMCJ48CAQ,Active,A R H,Bidirectional,SMC,1500,48,1,77.4,19.4,53.3,58.9,175
MCC (Micro Commercial Components),SMCJ51CAQ,Active,A R H,Bidirectional,SMC,1500,51,1,82.4,18.2,56.7,62.7,175
MCC (Micro Commercial Components),SMCJ22CAQ,Active,A R H,Bidirectional,SMC,1500,22,1,35.5,42.3,24.4,26.9,175
MCC (Micro Commercial Components),SMCJ24CAQ,Active,A R H,Bidirectional,SMC,1500,24,1,38.9,38.6,26.7,29.5,175
MCC (Micro Commercial Components),SMCJ26CAQ,Active,A R H,Bidirectional,SMC,1500,26,1,42.1,35.6,28.9,31.9,175
MCC (Micro Commercial Components),SMCJ28CAQ,Active,A R H,Bidirectional,SMC,1500,28,1,45.4,33,31.1,34.4,175
MCC (Micro Commercial Components),SMCJ30CAQ,Active,A R H,Bidirectional,SMC,1500,30,1,48.4,31,33.3,36.8,175
MCC (Micro Commercial Components),SMCJ33CAQ,Active,A R H,Bidirectional,SMC,1500,33,1,53.3,28.1,36.7,40.6,175
MCC (Micro Commercial Components),SMCJ15CAQ,Active,A R H,Bidirectional,SMC,1500,15,1,24.4,61.5,16.7,18.5,175
MCC (Micro Commercial Components),SMCJ16CAQ,Active,A R H,Bidirectional,SMC,1500,16,1,26,57.7,17.8,19.7,175
MCC (Micro Commercial Components),SMCJ17CAQ,Active,A R H,Bidirectional,SMC,1500,17,1,27.6,54.4,18.9,20.9,175
MCC (Micro Commercial Components),SMCJ18CAQ,Active,A R H,Bidirectional,SMC,1500,18,1,29.2,51.4,20,22.1,175
MCC (Micro Commercial Components),SMCJ19CAQ,Active,A R H,Bidirectional,SMC,1500,19,1,30.8,48.7,21.1,23.3,175
MCC (Micro Commercial Components),SMCJ20CAQ,Active,A R H,Bidirectional,SMC,1500,20,1,32.4,46.3,22.2,24.5,175
MCC (Micro Commercial Components),SMCJ9.0CAQ,Active,A R H,Bidirectional,SMC,1500,9,10,15.4,97.4,10,11.1,175
MCC (Micro Commercial Components),SMCJ10CAQ,Active,A R H,Bidirectional,SMC,1500,10,5,17,88.2,11.1,12.3,175
MCC (Micro Commercial Components),SMCJ11CAQ,Active,A R H,Bidirectional,SMC,1500,11,5,18.2,82.4,12.2,13.5,175
MCC (Micro Commercial Components),SMCJ12CAQ,Active,A R H,Bidirectional,SMC,1500,12,5,19.9,75.4,13.3,14.7,175
MCC (Micro Commercial Components),SMCJ13CAQ,Active,A R H,Bidirectional,SMC,1500,13,1,21.5,69.8,14.4,15.9,175
MCC (Micro Commercial Components),SMCJ14CAQ,Active,A R H,Bidirectional,SMC,1500,14,1,23.2,64.7,15.6,17.2,175
MCC (Micro Commercial Components),SMCJ6.0CAQ,Active,A R H,Bidirectional,SMC,1500,6,1000,10.3,145.6,6.67,7.37,175
MCC (Micro Commercial Components),SMCJ6.5CAQ,Active,A R H,Bidirectional,SMC,1500,6.5,500,11.2,133.9,7.22,7.98,175
MCC (Micro Commercial Components),SMCJ7.0CAQ,Active,A R H,Bidirectional,SMC,1500,7,200,12,125,7.78,8.6,175
MCC (Micro Commercial Components),SMCJ7.5CAQ,Active,A R H,Bidirectional,SMC,1500,7.5,100,12.9,116.3,8.33,9.21,175
MCC (Micro Commercial Components),SMCJ8.0CAQ,Active,A R H,Bidirectional,SMC,1500,8,50,13.6,110.3,8.89,9.83,175
MCC (Micro Commercial Components),SMCJ8.5CAQ,Active,A R H,Bidirectional,SMC,1500,8.5,20,14.4,104.2,9.44,10.4,175
MCC (Micro Commercial Components),SMCJ150AQ,Active,A R H,Unidirectional,SMC,1500,150,1,243,6.2,167,185,175
MCC (Micro Commercial Components),SMCJ160AQ,Active,A R H,Unidirectional,SMC,1500,160,1,259,5.8,178,197,175
MCC (Micro Commercial Components),SMCJ170AQ,Active,A R H,Unidirectional,SMC,1500,170,1,275,5.5,189,209,175
MCC (Micro Commercial Components),SMCJ180AQ,Active,A R H,Unidirectional,SMC,1500,180,1,291.6,5.1,200,220,175
MCC (Micro Commercial Components),SMCJ190AQ,Active,A R H,Unidirectional,SMC,1500,190,1,307.8,4.9,211,232,175
MCC (Micro Commercial Components),SMCJ5.0CAQ,Active,A R H,Bidirectional,SMC,1500,5,1000,9.2,163,6.4,7.07,175
MCC (Micro Commercial Components),SMCJ90AQ,Active,A R H,Unidirectional,SMC,1500,90,1,146,10.3,100,111,175
MCC (Micro Commercial Components),SMCJ100AQ,Active,A R H,Unidirectional,SMC,1500,100,1,162,9.3,111,123,175
MCC (Micro Commercial Components),SMCJ110AQ,Active,A R H,Unidirectional,SMC,1500,110,1,177,8.5,122,135,175
MCC (Micro Commercial Components),SMCJ120AQ,Active,A R H,Unidirectional,SMC,1500,120,1,193,7.8,133,147,175
MCC (Micro Commercial Components),SMCJ130AQ,Active,A R H,Unidirectional,SMC,1500,130,1,209,7.2,144,159,175
MCC (Micro Commercial Components),SMCJ140AQ,Active,A R H,Unidirectional,SMC,1500,140,1,226.8,6.6,155,171,175
MCC (Micro Commercial Components),SMCJ64AQ,Active,A R H,Unidirectional,SMC,1500,64,1,103,14.6,71.1,78.6,175
MCC (Micro Commercial Components),SMCJ70AQ,Active,A R H,Unidirectional,SMC,1500,70,1,113,13.3,77.8,86,175
MCC (Micro Commercial Components),SMCJ75AQ,Active,A R H,Unidirectional,SMC,1500,75,1,121,12.4,83.3,92.1,175
MCC (Micro Commercial Components),SMCJ78AQ,Active,A R H,Unidirectional,SMC,1500,78,1,126,11.9,86.7,95.8,175
MCC (Micro Commercial Components),SMCJ80AQ,Active,A R H,Unidirectional,SMC,1500,80,1,129.6,11.6,88.8,97.6,175
MCC (Micro Commercial Components),SMCJ85AQ,Active,A R H,Unidirectional,SMC,1500,85,1,137,10.9,94.4,104,175
MCC (Micro Commercial Components),SMCJ45AQ,Active,A R H,Unidirectional,SMC,1500,45,1,72.7,20.6,50,55.3,175
MCC (Micro Commercial Components),SMCJ48AQ,Active,A R H,Unidirectional,SMC,1500,48,1,77.4,19.4,53.3,58.9,175
MCC (Micro Commercial Components),SMCJ51AQ,Active,A R H,Unidirectional,SMC,1500,51,1,82.4,18.2,56.7,62.7,175
MCC (Micro Commercial Components),SMCJ54AQ,Active,A R H,Unidirectional,SMC,1500,54,1,87.1,17.2,60,66.3,175
MCC (Micro Commercial Components),SMCJ58AQ,Active,A R H,Unidirectional,SMC,1500,58,1,93.6,16,64.4,71.2,175
MCC (Micro Commercial Components),SMCJ60AQ,Active,A R H,Unidirectional,SMC,1500,60,1,96.8,15.5,66.7,73.7,175
MCC (Micro Commercial Components),SMCJ28AQ,Active,A R H,Unidirectional,SMC,1500,28,1,45.4,33,31.1,34.4,175
MCC (Micro Commercial Components),SMCJ30AQ,Active,A R H,Unidirectional,SMC,1500,30,1,48.4,31,33.3,36.8,175
MCC (Micro Commercial Components),SMCJ33AQ,Active,A R H,Unidirectional,SMC,1500,33,1,53.3,28.1,36.7,40.6,175
MCC (Micro Commercial Components),SMCJ36AQ,Active,A R H,Unidirectional,SMC,1500,36,1,58.1,25.8,40,44.2,175
MCC (Micro Commercial Components),SMCJ40AQ,Active,A R H,Unidirectional,SMC,1500,40,1,64.5,23.3,44.4,49.1,175
MCC (Micro Commercial Components),SMCJ43AQ,Active,A R H,Unidirectional,SMC,1500,43,1,69.4,21.6,47.8,52.8,175
MCC (Micro Commercial Components),SMCJ18AQ,Active,A R H,Unidirectional,SMC,1500,18,1,29.2,51.4,20,22.1,175
MCC (Micro Commercial Components),SMCJ19AQ,Active,A R H,Unidirectional,SMC,1500,19,1,30.8,48.7,21.1,23.3,175
MCC (Micro Commercial Components),SMCJ20AQ,Active,A R H,Unidirectional,SMC,1500,20,1,32.4,46.3,22.2,24.5,175
MCC (Micro Commercial Components),SMCJ22AQ,Active,A R H,Unidirectional,SMC,1500,22,1,35.5,42.3,24.4,26.9,175
MCC (Micro Commercial Components),SMCJ24AQ,Active,A R H,Unidirectional,SMC,1500,24,1,38.9,38.6,26.7,29.5,175
MCC (Micro Commercial Components),SMCJ26AQ,Active,A R H,Unidirectional,SMC,1500,26,1,42.1,35.6,28.9,31.9,175
MCC (Micro Commercial Components),SMCJ12AQ,Active,A R H,Unidirectional,SMC,1500,12,5,19.9,75.4,13.3,14.7,175
MCC (Micro Commercial Components),SMCJ13AQ,Active,A R H,Unidirectional,SMC,1500,13,1,21.5,69.8,14.4,15.9,175
MCC (Micro Commercial Components),SMCJ14AQ,Active,A R H,Unidirectional,SMC,1500,14,1,23.2,64.7,15.6,17.2,175
MCC (Micro Commercial Components),SMCJ15AQ,Active,A R H,Unidirectional,SMC,1500,15,1,24.4,61.5,16.7,18.5,175
MCC (Micro Commercial Components),SMCJ16AQ,Active,A R H,Unidirectional,SMC,1500,16,1,26,57.7,17.8,19.7,175
MCC (Micro Commercial Components),SMCJ17AQ,Active,A R H,Unidirectional,SMC,1500,17,1,27.6,54.4,18.9,20.9,175
MCC (Micro Commercial Components),SMCJ7.5AQ,Active,A R H,Unidirectional,SMC,1500,7.5,100,12.9,116.3,8.33,9.21,175
MCC (Micro Commercial Components),SMCJ8.0AQ,Active,A R H,Unidirectional,SMC,1500,8,50,13.6,110.3,8.89,9.83,175
MCC (Micro Commercial Components),SMCJ8.5AQ,Active,A R H,Unidirectional,SMC,1500,8.5,20,14.4,104.2,9.44,10.4,175
MCC (Micro Commercial Components),SMCJ9.0AQ,Active,A R H,Unidirectional,SMC,1500,9,10,15.4,97.4,10,11.1,175
MCC (Micro Commercial Components),SMCJ10AQ,Active,A R H,Unidirectional,SMC,1500,10,5,17,88.2,11.1,12.3,175
MCC (Micro Commercial Components),SMCJ11AQ,Active,A R H,Unidirectional,SMC,1500,11,5,18.2,82.4,12.2,13.5,175
MCC (Micro Commercial Components),SMCJ1.5KE91AQ,Active,A R H,Unidirectional,SMC,1500,77.8,1,125,12,86.45,95.35,175
MCC (Micro Commercial Components),SMCJ1.5KE100AQ,Active,A R H,Unidirectional,SMC,1500,85.5,1,137,11,95,105,175
MCC (Micro Commercial Components),SMCJ5.0AQ,Active,A R H,Unidirectional,SMC,1500,5,1000,9.2,163,6.4,7.07,175
MCC (Micro Commercial Components),SMCJ6.0AQ,Active,A R H,Unidirectional,SMC,1500,6,1000,10.3,145.6,6.67,7.37,175
MCC (Micro Commercial Components),SMCJ6.5AQ,Active,A R H,Unidirectional,SMC,1500,6.5,500,11.2,133.9,7.22,7.98,175
MCC (Micro Commercial Components),SMCJ7.0AQ,Active,A R H,Unidirectional,SMC,1500,7,200,12,125,7.78,8.6,175
MCC (Micro Commercial Components),SMCJ1.5KE170CAQ,Active,A R H,Bidirectional,SMC,1500,145,1,234,6.4,161.5,178.5,175
MCC (Micro Commercial Components),SMCJ1.5KE180CAQ,Active,A R H,Bidirectional,SMC,1500,154,1,246,6.1,171,189,175
MCC (Micro Commercial Components),SMCJ1.5KE200CAQ,Active,A R H,Bidirectional,SMC,1500,171,1,274,5.5,190,210,175
MCC (Micro Commercial Components),SMCJ1.5KE220CAQ,Active,A R H,Bidirectional,SMC,1500,185,1,328,4.6,209,231,175
MCC (Micro Commercial Components),SMCJ1.5KE75AQ,Active,A R H,Unidirectional,SMC,1500,64.1,1,103,14.6,71.25,78.75,175
MCC (Micro Commercial Components),SMCJ1.5KE82AQ,Active,A R H,Unidirectional,SMC,1500,70.1,1,113,13.3,77.9,86.1,175
MCC (Micro Commercial Components),SMCJ1.5KE100CAQ,Active,A R H,Bidirectional,SMC,1500,85.5,1,137,11,95,105,175
MCC (Micro Commercial Components),SMCJ1.5KE110CAQ,Active,A R H,Bidirectional,SMC,1500,94,1,152,9.9,104.5,115.5,175
MCC (Micro Commercial Components),SMCJ1.5KE120CAQ,Active,A R H,Bidirectional,SMC,1500,102,1,165,9.1,114,126,175
MCC (Micro Commercial Components),SMCJ1.5KE130CAQ,Active,A R H,Bidirectional,SMC,1500,111,1,179,8.4,123.5,136.5,175
MCC (Micro Commercial Components),SMCJ1.5KE150CAQ,Active,A R H,Bidirectional,SMC,1500,128,1,207,7.3,142.5,157.5,175
MCC (Micro Commercial Components),SMCJ1.5KE160CAQ,Active,A R H,Bidirectional,SMC,1500,136,1,219,6.9,152,168,175
MCC (Micro Commercial Components),SMCJ1.5KE56CAQ,Active,A R H,Bidirectional,SMC,1500,47.8,1,77,19.5,53.2,58.8,175
MCC (Micro Commercial Components),SMCJ1.5KE62CAQ,Active,A R H,Bidirectional,SMC,1500,53,1,85,17.7,58.9,65.1,175
MCC (Micro Commercial Components),SMCJ1.5KE68CAQ,Active,A R H,Bidirectional,SMC,1500,58.1,1,92,16.3,64.6,71.4,175
MCC (Micro Commercial Components),SMCJ1.5KE75CAQ,Active,A R H,Bidirectional,SMC,1500,64.1,1,103,14.6,71.25,78.75,175
MCC (Micro Commercial Components),SMCJ1.5KE82CAQ,Active,A R H,Bidirectional,SMC,1500,70.1,1,113,13.3,77.9,86.1,175
MCC (Micro Commercial Components),SMCJ1.5KE91CAQ,Active,A R H,Bidirectional,SMC,1500,77.8,1,125,12,86.45,95.35,175
MCC (Micro Commercial Components),SMCJ1.5KE33CAQ,Active,A R H,Bidirectional,SMC,1500,28.2,1,45.7,32.8,31.35,34.65,175
MCC (Micro Commercial Components),SMCJ1.5KE36CAQ,Active,A R H,Bidirectional,SMC,1500,30.8,1,50,30.1,34.2,37.8,175
MCC (Micro Commercial Components),SMCJ1.5KE39CAQ,Active,A R H,Bidirectional,SMC,1500,33.3,1,53.9,27.8,37.05,40.95,175
MCC (Micro Commercial Components),SMCJ1.5KE43CAQ,Active,A R H,Bidirectional,SMC,1500,36.8,1,59.3,25.3,40.85,45.15,175
MCC (Micro Commercial Components),SMCJ1.5KE47CAQ,Active,A R H,Bidirectional,SMC,1500,40.2,1,64.8,23.2,44.65,49.35,175
MCC (Micro Commercial Components),SMCJ1.5KE51CAQ,Active,A R H,Bidirectional,SMC,1500,43.6,1,70.1,21.4,48.45,53.55,175
MCC (Micro Commercial Components),SMCJ1.5KE18CAQ,Active,A R H,Bidirectional,SMC,1500,15.3,1,25.2,59.5,17.1,18.9,175
MCC (Micro Commercial Components),SMCJ1.5KE20CAQ,Active,A R H,Bidirectional,SMC,1500,17.1,1,27.7,54.2,19,21,175
MCC (Micro Commercial Components),SMCJ1.5KE22CAQ,Active,A R H,Bidirectional,SMC,1500,18.8,1,30.6,49,20.9,23.1,175
MCC (Micro Commercial Components),SMCJ1.5KE24CAQ,Active,A R H,Bidirectional,SMC,1500,20.5,1,33.2,45.2,22.8,25.2,175
MCC (Micro Commercial Components),SMCJ1.5KE27CAQ,Active,A R H,Bidirectional,SMC,1500,23.1,1,37.5,40,25.65,28.35,175
MCC (Micro Commercial Components),SMCJ1.5KE30CAQ,Active,A R H,Bidirectional,SMC,1500,25.6,1,41.4,36.2,28.5,31.5,175
MCC (Micro Commercial Components),SMCJ1.5KE10CAQ,Active,A R H,Bidirectional,SMC,1500,8.6,10,14.5,103.5,9.5,10.5,175
MCC (Micro Commercial Components),SMCJ1.5KE11CAQ,Active,A R H,Bidirectional,SMC,1500,9.4,5,15.6,96.2,10.45,11.55,175
MCC (Micro Commercial Components),SMCJ1.5KE12CAQ,Active,A R H,Bidirectional,SMC,1500,10.2,5,16.7,89.8,11.4,12.6,175
MCC (Micro Commercial Components),SMCJ1.5KE13CAQ,Active,A R H,Bidirectional,SMC,1500,11.1,5,18.2,82.4,12.35,13.65,175
MCC (Micro Commercial Components),SMCJ1.5KE15CAQ,Active,A R H,Bidirectional,SMC,1500,12.8,1,21.2,70.8,14.25,15.75,175
MCC (Micro Commercial Components),SMCJ1.5KE16CAQ,Active,A R H,Bidirectional,SMC,1500,13.6,1,22.5,66.7,15.2,16.8,175
MCC (Micro Commercial Components),SMCJ1.5KE200AQ,Active,A R H,Unidirectional,SMC,1500,171,1,274,5.5,190,210,175
MCC (Micro Commercial Components),SMCJ1.5KE220AQ,Active,A R H,Unidirectional,SMC,1500,185,1,328,4.6,209,231,175
MCC (Micro Commercial Components),SMCJ1.5KE6.8CAQ,Active,A R H,Bidirectional,SMC,1500,5.8,1000,10.5,142.9,6.46,7.14,175
MCC (Micro Commercial Components),SMCJ1.5KE7.5CAQ,Active,A R H,Bidirectional,SMC,1500,6.4,500,11.3,132.7,7.13,7.88,175
MCC (Micro Commercial Components),SMCJ1.5KE8.2CAQ,Active,A R H,Bidirectional,SMC,1500,7,200,12.1,124.9,7.79,8.61,175
MCC (Micro Commercial Components),SMCJ1.5KE9.1CAQ,Active,A R H,Bidirectional,SMC,1500,7.8,50,13.4,111.9,8.65,9.56,175
MCC (Micro Commercial Components),SMCJ1.5KE120AQ,Active,A R H,Unidirectional,SMC,1500,102,1,165,9.1,114,126,175
MCC (Micro Commercial Components),SMCJ1.5KE130AQ,Active,A R H,Unidirectional,SMC,1500,111,1,179,8.4,123.5,136.5,175
MCC (Micro Commercial Components),SMCJ1.5KE150AQ,Active,A R H,Unidirectional,SMC,1500,128,1,207,7.3,142.5,157.5,175
MCC (Micro Commercial Components),SMCJ1.5KE160AQ,Active,A R H,Unidirectional,SMC,1500,136,1,219,6.9,152,168,175
MCC (Micro Commercial Components),SMCJ1.5KE170AQ,Active,A R H,Unidirectional,SMC,1500,145,1,234,6.4,161.5,178.5,175
MCC (Micro Commercial Components),SMCJ1.5KE180AQ,Active,A R H,Unidirectional,SMC,1500,154,1,246,6.1,171,189,175
MCC (Micro Commercial Components),SMCJ1.5KE47AQ,Active,A R H,Unidirectional,SMC,1500,40.2,1,64.8,23.2,44.65,49.35,175
MCC (Micro Commercial Components),SMCJ1.5KE51AQ,Active,A R H,Unidirectional,SMC,1500,43.6,1,70.1,21.4,48.45,53.55,175
MCC (Micro Commercial Components),SMCJ1.5KE56AQ,Active,A R H,Unidirectional,SMC,1500,47.8,1,77,19.5,53.2,58.8,175
MCC (Micro Commercial Components),SMCJ1.5KE62AQ,Active,A R H,Unidirectional,SMC,1500,53,1,85,17.7,58.9,65.1,175
MCC (Micro Commercial Components),SMCJ1.5KE68AQ,Active,A R H,Unidirectional,SMC,1500,58.1,1,92,16.3,64.6,71.4,175
MCC (Micro Commercial Components),SMCJ1.5KE110AQ,Active,A R H,Unidirectional,SMC,1500,94,1,152,9.9,104.5,115.5,175
MCC (Micro Commercial Components),SMCJ1.5KE27AQ,Active,A R H,Unidirectional,SMC,1500,23.1,1,37.5,40,25.65,28.35,175
MCC (Micro Commercial Components),SMCJ1.5KE30AQ,Active,A R H,Unidirectional,SMC,1500,25.6,1,41.4,36.2,28.5,31.5,175
MCC (Micro Commercial Components),SMCJ1.5KE33AQ,Active,A R H,Unidirectional,SMC,1500,28.2,1,45.7,32.8,31.35,34.65,175
MCC (Micro Commercial Components),SMCJ1.5KE36AQ,Active,A R H,Unidirectional,SMC,1500,30.8,1,50,30.1,34.2,37.8,175
MCC (Micro Commercial Components),SMCJ1.5KE39AQ,Active,A R H,Unidirectional,SMC,1500,33.3,1,53.9,27.8,37.05,40.95,175
MCC (Micro Commercial Components),SMCJ1.5KE43AQ,Active,A R H,Unidirectional,SMC,1500,36.8,1,59.3,25.3,40.85,45.15,175
MCC (Micro Commercial Components),SMLJ43CAQ,Active,A R H,Bidirectional,SMC,3000,43,1,69.4,43.23,47.8,52.8,175
MCC (Micro Commercial Components),SMLJ45CAQ,Active,A R H,Bidirectional,SMC,3000,45,1,72.7,41.27,50,55.3,175
MCC (Micro Commercial Components),SMLJ48CAQ,Active,A R H,Bidirectional,SMC,3000,48,1,77.4,38.76,53.3,58.9,175
MCC (Micro Commercial Components),SMCJ1.5KE20AQ,Active,A R H,Unidirectional,SMC,1500,17.1,1,27.7,54.2,19,21,175
MCC (Micro Commercial Components),SMCJ1.5KE22AQ,Active,A R H,Unidirectional,SMC,1500,18.8,1,30.6,49,20.9,23.1,175
MCC (Micro Commercial Components),SMCJ1.5KE24AQ,Active,A R H,Unidirectional,SMC,1500,20.5,1,33.2,45.2,22.8,25.2,175
MCC (Micro Commercial Components),SMLJ26CAQ,Active,A R H,Bidirectional,SMC,3000,26,1,42.1,71.26,28.9,31.9,175
MCC (Micro Commercial Components),SMLJ28CAQ,Active,A R H,Bidirectional,SMC,3000,28,1,45.4,66.08,31.1,34.4,175
MCC (Micro Commercial Components),SMLJ30CAQ,Active,A R H,Bidirectional,SMC,3000,30,1,48.4,61.98,33.3,36.8,175
MCC (Micro Commercial Components),SMLJ33CAQ,Active,A R H,Bidirectional,SMC,3000,33,1,53.3,56.29,36.7,40.6,175
MCC (Micro Commercial Components),SMLJ36CAQ,Active,A R H,Bidirectional,SMC,3000,36,1,58.1,51.64,40,44.2,175
MCC (Micro Commercial Components),SMLJ40CAQ,Active,A R H,Bidirectional,SMC,3000,40,1,64.5,46.51,44.4,49.1,175
MCC (Micro Commercial Components),SMCJ1.5KE13AQ,Active,A R H,Unidirectional,SMC,1500,11.1,5,18.2,82.4,12.35,13.65,175
MCC (Micro Commercial Components),SMCJ1.5KE15AQ,Active,A R H,Unidirectional,SMC,1500,12.8,1,21.2,70.8,14.25,15.75,175
MCC (Micro Commercial Components),SMCJ1.5KE16AQ,Active,A R H,Unidirectional,SMC,1500,13.6,1,22.5,66.7,15.2,16.8,175
MCC (Micro Commercial Components),SMCJ1.5KE18AQ,Active,A R H,Unidirectional,SMC,1500,15.3,1,25.2,59.5,17.1,18.9,175
MCC (Micro Commercial Components),SMLJ22CAQ,Active,A R H,Bidirectional,SMC,3000,22,1,35.5,84.51,24.4,26.9,175
MCC (Micro Commercial Components),SMLJ24CAQ,Active,A R H,Bidirectional,SMC,3000,24,1,38.9,77.12,26.7,29.5,175
MCC (Micro Commercial Components),SMCJ1.5KE7.5AQ,Active,A R H,Unidirectional,SMC,1500,6.4,500,11.3,132.7,7.13,7.88,175
MCC (Micro Commercial Components),SMCJ1.5KE8.2AQ,Active,A R H,Unidirectional,SMC,1500,7,200,12.1,124.9,7.79,8.61,175
MCC (Micro Commercial Components),SMCJ1.5KE9.1AQ,Active,A R H,Unidirectional,SMC,1500,7.8,50,13.4,111.9,8.65,9.56,175
MCC (Micro Commercial Components),SMCJ1.5KE10AQ,Active,A R H,Unidirectional,SMC,1500,8.6,10,14.5,103.5,9.5,10.5,175
MCC (Micro Commercial Components),SMCJ1.5KE11AQ,Active,A R H,Unidirectional,SMC,1500,9.4,5,15.6,96.2,10.45,11.55,175
MCC (Micro Commercial Components),SMCJ1.5KE12AQ,Active,A R H,Unidirectional,SMC,1500,10.2,5,16.7,89.8,11.4,12.6,175
MCC (Micro Commercial Components),SMLJ16CAQ,Active,A R H,Bidirectional,SMC,3000,16,1,26,115.38,17.8,19.7,175
MCC (Micro Commercial Components),SMLJ17CAQ,Active,A R H,Bidirectional,SMC,3000,17,1,27.6,108.7,18.9,20.9,175
MCC (Micro Commercial Components),SMLJ18CAQ,Active,A R H,Bidirectional,SMC,3000,18,1,29.2,102.74,20,22.1,175
MCC (Micro Commercial Components),SMLJ19CAQ,Active,A R H,Bidirectional,SMC,3000,19,1,30.8,97.47,21.1,23.3,175
MCC (Micro Commercial Components),SMLJ20CAQ,Active,A R H,Bidirectional,SMC,3000,20,1,32.4,92.59,22.2,24.5,175
MCC (Micro Commercial Components),SMCJ1.5KE6.8AQ,Active,A R H,Unidirectional,SMC,1500,5.8,1000,10.5,142.9,6.46,7.14,175
MCC (Micro Commercial Components),SMLJ10CAQ,Active,A R H,Bidirectional,SMC,3000,10,5,17,176.47,11.1,12.3,175
MCC (Micro Commercial Components),SMLJ11CAQ,Active,A R H,Bidirectional,SMC,3000,11,5,18.2,164.84,12.2,13.5,175
MCC (Micro Commercial Components),SMLJ12CAQ,Active,A R H,Bidirectional,SMC,3000,12,2,19.9,150.75,13.3,14.7,175
MCC (Micro Commercial Components),SMLJ13CAQ,Active,A R H,Bidirectional,SMC,3000,13,2,21.5,139.53,14.4,15.9,175
MCC (Micro Commercial Components),SMLJ14CAQ,Active,A R H,Bidirectional,SMC,3000,14,1,23.2,129.31,15.6,17.2,175
MCC (Micro Commercial Components),SMLJ15CAQ,Active,A R H,Bidirectional,SMC,3000,15,1,24.4,122.95,16.7,18.5,175
MCC (Micro Commercial Components),SMLJ6.5CAQ,Active,A R H,Bidirectional,SMC,3000,6.5,500,11.2,267.86,7.22,7.98,175
MCC (Micro Commercial Components),SMLJ7.0CAQ,Active,A R H,Bidirectional,SMC,3000,7,200,12,250,7.78,8.6,175
MCC (Micro Commercial Components),SMLJ7.5CAQ,Active,A R H,Bidirectional,SMC,3000,7.5,100,12.9,232.56,8.33,9.21,175
MCC (Micro Commercial Components),SMLJ8.0CAQ,Active,A R H,Bidirectional,SMC,3000,8,50,13.6,220.59,8.89,9.83,175
MCC (Micro Commercial Components),SMLJ8.5CAQ,Active,A R H,Bidirectional,SMC,3000,8.5,25,14.4,208.33,9.44,10.4,175
MCC (Micro Commercial Components),SMLJ9.0CAQ,Active,A R H,Bidirectional,SMC,3000,9,10,15.4,194.81,10,11.1,175
MCC (Micro Commercial Components),SMLJ40AQ,Active,A R H,Unidirectional,SMC,3000,40,1,64.5,46.51,44.4,49.1,175
MCC (Micro Commercial Components),SMLJ43AQ,Active,A R H,Unidirectional,SMC,3000,43,1,69.4,43.23,47.8,52.8,175
MCC (Micro Commercial Components),SMLJ45AQ,Active,A R H,Unidirectional,SMC,3000,45,1,72.7,41.27,50,55.3,175
MCC (Micro Commercial Components),SMLJ48AQ,Active,A R H,Unidirectional,SMC,3000,48,1,77.4,38.76,53.3,58.9,175
MCC (Micro Commercial Components),SMLJ5.0CAQ,Active,A R H,Bidirectional,SMC,3000,5,1000,9.2,326.09,6.4,7.07,175
MCC (Micro Commercial Components),SMLJ6.0CAQ,Active,A R H,Bidirectional,SMC,3000,6,1000,10.3,291.26,6.67,7.37,175
MCC (Micro Commercial Components),SMLJ24AQ,Active,A R H,Unidirectional,SMC,3000,24,1,38.9,77.12,26.7,29.5,175
MCC (Micro Commercial Components),SMLJ26AQ,Active,A R H,Unidirectional,SMC,3000,26,1,42.1,71.26,28.9,31.9,175
MCC (Micro Commercial Components),SMLJ28AQ,Active,A R H,Unidirectional,SMC,3000,28,1,45.4,66.08,31.1,34.4,175
MCC (Micro Commercial Components),SMLJ30AQ,Active,A R H,Unidirectional,SMC,3000,30,1,48.4,61.98,33.3,36.8,175
MCC (Micro Commercial Components),SMLJ33AQ,Active,A R H,Unidirectional,SMC,3000,33,1,53.3,56.29,36.7,40.6,175
MCC (Micro Commercial Components),SMLJ36AQ,Active,A R H,Unidirectional,SMC,3000,36,1,58.1,51.64,40,44.2,175
MCC (Micro Commercial Components),SMF9.0AQ,Active,A R H,Unidirectional,SOD-123FL,200,9,5,15.4,12.99,10,11.1,175
MCC (Micro Commercial Components),SMF10AQ,Active,A R H,Unidirectional,SOD-123FL,200,10,2.5,17,11.76,11.1,12.3,175
MCC (Micro Commercial Components),SMF11AQ,Active,A R H,Unidirectional,SOD-123FL,200,11,2.5,18.2,10.99,12.2,13.5,175
MCC (Micro Commercial Components),SMF12AQ,Active,A R H,Unidirectional,SOD-123FL,200,12,2.5,19.9,10.05,13.3,14.7,175
MCC (Micro Commercial Components),SMF13AQ,Active,A R H,Unidirectional,SOD-123FL,200,13,1,21.5,9.3,14.4,15.9,175
MCC (Micro Commercial Components),SMF14AQ,Active,A R H,Unidirectional,SOD-123FL,200,14,1,23.2,8.62,15.6,17.2,175
MCC (Micro Commercial Components),SMF6.0AQ,Active,A R H,Unidirectional,SOD-123FL,200,6,400,10.3,19.42,6.67,7.37,175
MCC (Micro Commercial Components),SMF6.5AQ,Active,A R H,Unidirectional,SOD-123FL,200,6.5,250,11.2,17.86,7.22,7.98,175
MCC (Micro Commercial Components),SMF7.0AQ,Active,A R H,Unidirectional,SOD-123FL,200,7,100,12,16.67,7.78,8.6,175
MCC (Micro Commercial Components),SMF7.5AQ,Active,A R H,Unidirectional,SOD-123FL,200,7.5,50,12.9,15.5,8.33,9.21,175
MCC (Micro Commercial Components),SMF8.0AQ,Active,A R H,Unidirectional,SOD-123FL,200,8,25,13.6,14.71,8.89,9.83,175
MCC (Micro Commercial Components),SMF8.5AQ,Active,A R H,Unidirectional,SOD-123FL,200,8.5,10,14.4,13.89,9.44,10.4,175
MCC (Micro Commercial Components),SMF78AQ,Active,A R H,Unidirectional,SOD-123FL,200,78,1,126,1.59,86.7,95.8,175
MCC (Micro Commercial Components),SMF80AQ,Active,A R H,Unidirectional,SOD-123FL,200,80,1,129,1.55,88.8,97.6,175
MCC (Micro Commercial Components),SMF85AQ,Active,A R H,Unidirectional,SOD-123FL,200,85,1,137,1.46,94.4,104,175
MCC (Micro Commercial Components),SMF90AQ,Active,A R H,Unidirectional,SOD-123FL,200,90,1,146,1.37,100,111,175
MCC (Micro Commercial Components),SMF100AQ,Active,A R H,Unidirectional,SOD-123FL,200,100,1,162,1.23,111,123,175
MCC (Micro Commercial Components),SMF5.0AQ,Active,A R H,Unidirectional,SOD-123FL,200,5,400,9.2,21.74,6.4,7.07,175
MCC (Micro Commercial Components),SMF54AQ,Active,A R H,Unidirectional,SOD-123FL,200,54,1,87.1,2.3,60,66.3,175
MCC (Micro Commercial Components),SMF58AQ,Active,A R H,Unidirectional,SOD-123FL,200,58,1,93.6,2.14,64.4,71.2,175
MCC (Micro Commercial Components),SMF60AQ,Active,A R H,Unidirectional,SOD-123FL,200,60,1,96.8,2.07,66.7,73.7,175
MCC (Micro Commercial Components),SMF64AQ,Active,A R H,Unidirectional,SOD-123FL,200,64,1,103,1.94,71.1,78.6,175
MCC (Micro Commercial Components),SMF70AQ,Active,A R H,Unidirectional,SOD-123FL,200,70,1,113,1.77,77.8,86,175
MCC (Micro Commercial Components),SMF75AQ,Active,A R H,Unidirectional,SOD-123FL,200,75,1,121,1.65,83.3,92.1,175
MCC (Micro Commercial Components),SMF36AQ,Active,A R H,Unidirectional,SOD-123FL,200,36,1,58.1,3.44,40,44.2,175
MCC (Micro Commercial Components),SMF40AQ,Active,A R H,Unidirectional,SOD-123FL,200,40,1,64.5,3.1,44.4,49.1,175
MCC (Micro Commercial Components),SMF43AQ,Active,A R H,Unidirectional,SOD-123FL,200,43,1,69.4,2.88,47.8,52.8,175
MCC (Micro Commercial Components),SMF45AQ,Active,A R H,Unidirectional,SOD-123FL,200,45,1,72.7,2.75,50,55.3,175
MCC (Micro Commercial Components),SMF48AQ,Active,A R H,Unidirectional,SOD-123FL,200,48,1,77.4,2.58,53.3,58.9,175
MCC (Micro Commercial Components),SMF51AQ,Active,A R H,Unidirectional,SOD-123FL,200,51,1,82.4,2.43,56.7,62.7,175
MCC (Micro Commercial Components),SMF22AQ,Active,A R H,Unidirectional,SOD-123FL,200,22,1,35.5,5.63,24.4,26.9,175
MCC (Micro Commercial Components),SMF24AQ,Active,A R H,Unidirectional,SOD-123FL,200,24,1,38.9,5.14,26.7,29.5,175
MCC (Micro Commercial Components),SMF26AQ,Active,A R H,Unidirectional,SOD-123FL,200,26,1,42.1,4.75,28.9,31.9,175
MCC (Micro Commercial Components),SMF28AQ,Active,A R H,Unidirectional,SOD-123FL,200,28,1,45.4,4.41,31.1,34.4,175
MCC (Micro Commercial Components),SMF30AQ,Active,A R H,Unidirectional,SOD-123FL,200,30,1,48.4,4.13,33.3,36.8,175
MCC (Micro Commercial Components),SMF33AQ,Active,A R H,Unidirectional,SOD-123FL,200,33,1,53.3,3.75,36.7,40.6,175
MCC (Micro Commercial Components),SMF15AQ,Active,A R H,Unidirectional,SOD-123FL,200,15,1,24.4,8.2,16.7,18.5,175
MCC (Micro Commercial Components),SMF16AQ,Active,A R H,Unidirectional,SOD-123FL,200,16,1,26,7.69,17.8,19.7,175
MCC (Micro Commercial Components),SMF17AQ,Active,A R H,Unidirectional,SOD-123FL,200,17,1,27.6,7.25,18.9,20.9,175
MCC (Micro Commercial Components),SMF18AQ,Active,A R H,Unidirectional,SOD-123FL,200,18,1,29.2,6.85,20,22.1,175
MCC (Micro Commercial Components),SMF19AQ,Active,A R H,Unidirectional,SOD-123FL,200,19,1,30.6,6.54,21.1,23.3,175
MCC (Micro Commercial Components),SMF20AQ,Active,A R H,Unidirectional,SOD-123FL,200,20,1,32.4,6.17,22.2,24.5,175
MCC (Micro Commercial Components),SM4F6.0AHE3,Active,A R H,Unidirectional,SOD-123FL,400,6,800,10.3,38.8,6.67,7.37,150
MCC (Micro Commercial Components),SM4F6.5AHE3,Active,A R H,Unidirectional,SOD-123FL,400,6.5,500,11.2,35.7,7.22,7.98,150
MCC (Micro Commercial Components),SM4F7.0AHE3,Active,A R H,Unidirectional,SOD-123FL,400,7,200,12,33.3,7.78,8.6,150
MCC (Micro Commercial Components),SM4F7.5AHE3,Active,A R H,Unidirectional,SOD-123FL,400,7.5,100,12.9,31,8.33,9.21,150
MCC (Micro Commercial Components),SM4F8.0AHE3,Active,A R H,Unidirectional,SOD-123FL,400,8,50,13.6,29.4,8.89,9.83,150
MCC (Micro Commercial Components),SM4F8.5AHE3,Active,A R H,Unidirectional,SOD-123FL,400,8.5,10,14.4,27.8,9.44,10.4,150
MCC (Micro Commercial Components),SM4F40CAHE3,Active,A R H,Bidirectional,SOD-123FL,400,40,1,64.5,6.2,44.4,49.1,150
MCC (Micro Commercial Components),SM4F43CAHE3,Active,A R H,Bidirectional,SOD-123FL,400,43,1,69.4,5.8,47.8,52.8,150
MCC (Micro Commercial Components),SM4F45CAHE3,Active,A R H,Bidirectional,SOD-123FL,400,45,1,72.7,5.5,50,55.3,150
MCC (Micro Commercial Components),SM4F24CAHE3,Active,A R H,Bidirectional,SOD-123FL,400,24,1,38.9,10.3,26.7,29.5,150
MCC (Micro Commercial Components),SM4F26CAHE3,Active,A R H,Bidirectional,SOD-123FL,400,26,1,42.1,9.5,28.9,31.9,150
MCC (Micro Commercial Components),SM4F28CAHE3,Active,A R H,Bidirectional,SOD-123FL,400,28,1,45.4,8.8,31.1,34.4,150
MCC (Micro Commercial Components),SM4F30CAHE3,Active,A R H,Bidirectional,SOD-123FL,400,30,1,48.4,8.3,33.3,36.8,150
MCC (Micro Commercial Components),SM4F33CAHE3,Active,A R H,Bidirectional,SOD-123FL,400,33,1,53.3,7.5,36.7,40.6,150
MCC (Micro Commercial Components),SM4F36CAHE3,Active,A R H,Bidirectional,SOD-123FL,400,36,1,58.1,6.9,40,44.2,150
MCC (Micro Commercial Components),SM4F16CAHE3,Active,A R H,Bidirectional,SOD-123FL,400,16,1,26,15.4,17.8,19.7,150
MCC (Micro Commercial Components),SM4F17CAHE3,Active,A R H,Bidirectional,SOD-123FL,400,17,1,27.6,14.5,18.9,20.9,150
MCC (Micro Commercial Components),SM4F18CAHE3,Active,A R H,Bidirectional,SOD-123FL,400,18,1,29.2,13.7,20,22.1,150
MCC (Micro Commercial Components),SM4F19CAHE3,Active,A R H,Bidirectional,SOD-123FL,400,19,1,30.6,13.1,21.1,23.3,150
MCC (Micro Commercial Components),SM4F20CAHE3,Active,A R H,Bidirectional,SOD-123FL,400,20,1,32.4,12.3,22.2,24.5,150
MCC (Micro Commercial Components),SM4F22CAHE3,Active,A R H,Bidirectional,SOD-123FL,400,22,1,35.5,11.3,24.4,26.9,150
MCC (Micro Commercial Components),SM4F10CAHE3,Active,A R H,Bidirectional,SOD-123FL,400,10,2.5,17,23.5,11.1,12.3,150
MCC (Micro Commercial Components),SM4F11CAHE3,Active,A R H,Bidirectional,SOD-123FL,400,11,2.5,18.2,22,12.2,13.5,150
MCC (Micro Commercial Components),SM4F12CAHE3,Active,A R H,Bidirectional,SOD-123FL,400,12,2.5,19.9,20.1,13.3,14.7,150
MCC (Micro Commercial Components),SM4F13CAHE3,Active,A R H,Bidirectional,SOD-123FL,400,13,1,20,18.6,14.4,15.9,150
MCC (Micro Commercial Components),SM4F14CAHE3,Active,A R H,Bidirectional,SOD-123FL,400,14,1,23.2,17.2,15.6,17.2,150
MCC (Micro Commercial Components),SM4F15CAHE3,Active,A R H,Bidirectional,SOD-123FL,400,15,1,24.4,16.4,16.7,18.5,150
MCC (Micro Commercial Components),SM4F6.5CAHE3,Active,A R H,Bidirectional,SOD-123FL,400,6.5,500,11.2,35.7,7.22,7.98,150
MCC (Micro Commercial Components),SM4F7.0CAHE3,Active,A R H,Bidirectional,SOD-123FL,400,7,200,12,33.3,7.78,8.6,150
MCC (Micro Commercial Components),SM4F7.5CAHE3,Active,A R H,Bidirectional,SOD-123FL,400,7.5,100,12.9,31,8.33,9.21,150
MCC (Micro Commercial Components),SM4F8.0CAHE3,Active,A R H,Bidirectional,SOD-123FL,400,8,50,13.6,29.4,8.89,9.83,150
MCC (Micro Commercial Components),SM4F8.5CAHE3,Active,A R H,Bidirectional,SOD-123FL,400,8.5,10,14.4,27.8,9.44,10.4,150
MCC (Micro Commercial Components),SM4F9.0CAHE3,Active,A R H,Bidirectional,SOD-123FL,400,9,5,15.4,26,10,11.1,150
MCC (Micro Commercial Components),SM4F78AHE3,Active,A R H,Unidirectional,SOD-123FL,400,78,1,126,3.2,86.7,95.8,150
MCC (Micro Commercial Components),SM4F80AHE3,Active,A R H,Unidirectional,SOD-123FL,400,80,1,129,3.1,88.8,97.6,150
MCC (Micro Commercial Components),SM4F85AHE3,Active,A R H,Unidirectional,SOD-123FL,400,85,1,137,2.9,94.4,104,150
MCC (Micro Commercial Components),SM4F90AHE3,Active,A R H,Unidirectional,SOD-123FL,400,90,1,146,2.7,100,111,150
MCC (Micro Commercial Components),SM4F100AHE3,Active,A R H,Unidirectional,SOD-123FL,400,100,1,162,2.5,111,123,150
MCC (Micro Commercial Components),SM4F6.0CAHE3,Active,A R H,Bidirectional,SOD-123FL,400,6,800,10.3,38.8,6.67,7.37,150
MCC (Micro Commercial Components),SM4F54AHE3,Active,A R H,Unidirectional,SOD-123FL,400,54,1,87.1,4.6,60,66.3,150
MCC (Micro Commercial Components),SM4F58AHE3,Active,A R H,Unidirectional,SOD-123FL,400,58,1,93.6,4.3,64.4,71.2,150
MCC (Micro Commercial Components),SM4F60AHE3,Active,A R H,Unidirectional,SOD-123FL,400,60,1,96.8,4.1,66.7,73.7,150
MCC (Micro Commercial Components),SM4F64AHE3,Active,A R H,Unidirectional,SOD-123FL,400,64,1,103,3.9,71.1,78.6,150
MCC (Micro Commercial Components),SM4F70AHE3,Active,A R H,Unidirectional,SOD-123FL,400,70,1,113,3.5,77.8,86,150
MCC (Micro Commercial Components),SM4F75AHE3,Active,A R H,Unidirectional,SOD-123FL,400,75,1,121,3.3,83.3,92.1,150
MCC (Micro Commercial Components),SM4F36AHE3,Active,A R H,Unidirectional,SOD-123FL,400,36,1,58.1,6.9,40,44.2,150
MCC (Micro Commercial Components),SM4F40AHE3,Active,A R H,Unidirectional,SOD-123FL,400,40,1,64.5,6.2,44.4,49.1,150
MCC (Micro Commercial Components),SM4F43AHE3,Active,A R H,Unidirectional,SOD-123FL,400,43,1,69.4,5.8,47.8,52.8,150
MCC (Micro Commercial Components),SM4F45AHE3,Active,A R H,Unidirectional,SOD-123FL,400,45,1,72.7,5.5,50,55.3,150
MCC (Micro Commercial Components),SM4F48AHE3,Active,A R H,Unidirectional,SOD-123FL,400,48,1,77.4,5.2,53.3,58.9,150
MCC (Micro Commercial Components),SM4F51AHE3,Active,A R H,Unidirectional,SOD-123FL,400,51,1,82.4,4.9,56.7,62.7,150
MCC (Micro Commercial Components),SM4F22AHE3,Active,A R H,Unidirectional,SOD-123FL,400,22,1,35.5,11.3,24.4,26.9,150
MCC (Micro Commercial Components),SM4F24AHE3,Active,A R H,Unidirectional,SOD-123FL,400,24,1,38.9,10.3,26.7,29.5,150
MCC (Micro Commercial Components),SM4F26AHE3,Active,A R H,Unidirectional,SOD-123FL,400,26,1,42.1,9.5,28.9,31.9,150
MCC (Micro Commercial Components),SM4F28AHE3,Active,A R H,Unidirectional,SOD-123FL,400,28,1,45.4,8.8,31.1,34.4,150
MCC (Micro Commercial Components),SM4F30AHE3,Active,A R H,Unidirectional,SOD-123FL,400,30,1,48.4,8.3,33.3,36.8,150
MCC (Micro Commercial Components),SM4F33AHE3,Active,A R H,Unidirectional,SOD-123FL,400,33,1,53.3,7.5,36.7,40.6,150
MCC (Micro Commercial Components),SM4F15AHE3,Active,A R H,Unidirectional,SOD-123FL,400,15,1,24.4,16.4,16.7,18.5,150
MCC (Micro Commercial Components),SM4F16AHE3,Active,A R H,Unidirectional,SOD-123FL,400,16,1,26,15.4,17.8,19.7,150
MCC (Micro Commercial Components),SM4F17AHE3,Active,A R H,Unidirectional,SOD-123FL,400,17,1,27.6,14.5,18.9,20.9,150
MCC (Micro Commercial Components),SM4F18AHE3,Active,A R H,Unidirectional,SOD-123FL,400,18,1,29.2,13.7,20,22.1,150
MCC (Micro Commercial Components),SM4F19AHE3,Active,A R H,Unidirectional,SOD-123FL,400,19,1,30.6,13.1,21.1,23.3,150
MCC (Micro Commercial Components),SM4F20AHE3,Active,A R H,Unidirectional,SOD-123FL,400,20,1,32.4,12.3,22.2,24.5,150
MCC (Micro Commercial Components),SM4F9.0AHE3,Active,A R H,Unidirectional,SOD-123FL,400,9,5,15.4,26,10,11.1,150
MCC (Micro Commercial Components),SM4F10AHE3,Active,A R H,Unidirectional,SOD-123FL,400,10,2.5,17,23.5,11.1,12.3,150
MCC (Micro Commercial Components),SM4F11AHE3,Active,A R H,Unidirectional,SOD-123FL,400,11,2.5,18.2,22,12.2,13.5,150
MCC (Micro Commercial Components),SM4F12AHE3,Active,A R H,Unidirectional,SOD-123FL,400,12,2.5,19.9,20.1,13.3,14.7,150
MCC (Micro Commercial Components),SM4F13AHE3,Active,A R H,Unidirectional,SOD-123FL,400,13,1,20,18.6,14.4,15.9,150
MCC (Micro Commercial Components),SM4F14AHE3,Active,A R H,Unidirectional,SOD-123FL,400,14,1,23.2,17.2,15.6,17.2,150
MCC (Micro Commercial Components),SMAJ190CA,Active,R H,Bidirectional,SMA,400,190,1,307.8,1.3,211,232,175
MCC (Micro Commercial Components),SMAJ140CA,Active,R H,Bidirectional,SMA,400,140,1,226.8,1.8,155,171,175
MCC (Micro Commercial Components),SMAJ80CA,Active,R H,Bidirectional,SMA,400,80,1,129,3.1,88.8,97.6,175
MCC (Micro Commercial Components),SMAJ19CA,Active,R H,Bidirectional,SMA,400,19,1,30.8,13,21.1,23.3,175
MCC (Micro Commercial Components),SMAJ190A,Active,R H,Unidirectional,SMA,400,190,1,307.8,1.3,211,232,175
MCC (Micro Commercial Components),SMAJ140A,Active,R H,Unidirectional,SMA,400,140,1,226.8,1.8,155,171,175
MCC (Micro Commercial Components),SMAJ80A,Active,R H,Unidirectional,SMA,400,80,1,129,3.1,88.8,97.6,175
MCC (Micro Commercial Components),SMAJ19A,Active,R H,Unidirectional,SMA,400,19,1,30.8,13,21.1,23.3,175
MCC (Micro Commercial Components),5KP40CAL,Active,R,Bidirectional,R-6,5000,40,2,64.5,77.5,44.4,49.1,150
MCC (Micro Commercial Components),5KP43CAL,Active,R,Bidirectional,R-6,5000,43,2,69.4,72,47.8,52.8,150
MCC (Micro Commercial Components),5KP45CAL,Active,R,Bidirectional,R-6,5000,45,2,72.7,68.8,50,55.3,150
MCC (Micro Commercial Components),5KP48CAL,Active,R,Bidirectional,R-6,5000,48,2,77.4,64.6,53.3,58.9,150
MCC (Micro Commercial Components),5KP51CAL,Active,R,Bidirectional,R-6,5000,51,2,82.4,60.7,56.7,62.7,150
MCC (Micro Commercial Components),5KP54CAL,Active,R,Bidirectional,R-6,5000,54,2,87.1,57.4,60,66.3,150
MCC (Micro Commercial Components),5KP28CAL,Active,R,Bidirectional,R-6,5000,28,2,45.4,110,31.1,34.4,150
MCC (Micro Commercial Components),5KP30CAL,Active,R,Bidirectional,R-6,5000,30,2,48.4,103,33.3,36.8,150
MCC (Micro Commercial Components),5KP33CAL,Active,R,Bidirectional,R-6,5000,33,2,53.3,93.8,36.7,40.6,150
MCC (Micro Commercial Components),5KP36CAL,Active,R,Bidirectional,R-6,5000,36,2,58.1,86.1,40,44.2,150
MCC (Micro Commercial Components),5KP17CAL,Active,R,Bidirectional,R-6,5000,17,10.00,27.6,181,18.9,20.9,150
MCC (Micro Commercial Components),5KP18CAL,Active,R,Bidirectional,R-6,5000,18,10.00,29.2,172.00,20,22.1,150
MCC (Micro Commercial Components),5KP20CAL,Active,R,Bidirectional,R-6,5000,20,10.00,32.4,154,22.2,24.5,150
MCC (Micro Commercial Components),5KP22CAL,Active,R,Bidirectional,R-6,5000,22,2,35.5,141,24.4,26.9,150
MCC (Micro Commercial Components),5KP24CAL,Active,R,Bidirectional,R-6,5000,24,2,38.9,129,26.7,29.5,150
MCC (Micro Commercial Components),5KP26CAL,Active,R,Bidirectional,R-6,5000,26,2,42.1,119,28.9,31.9,150
MCC (Micro Commercial Components),5KP11CAL,Active,R,Bidirectional,R-6,5000,11,10,18.2,275,12.2,13.5,150
MCC (Micro Commercial Components),5KP12CAL,Active,R,Bidirectional,R-6,5000,12,10.00,19.9,251,13.3,14.7,150
MCC (Micro Commercial Components),5KP13CAL,Active,R,Bidirectional,R-6,5000,13,10.00,21.5,232.00,14.4,15.9,150
MCC (Micro Commercial Components),5KP14CAL,Active,R,Bidirectional,R-6,5000,14,10.00,23.2,215.00,15.6,17.2,150
MCC (Micro Commercial Components),5KP15CAL,Active,R,Bidirectional,R-6,5000,15,10.00,24.4,206.00,16.7,18.5,150
MCC (Micro Commercial Components),5KP16CAL,Active,R,Bidirectional,R-6,5000,16,10.00,26,192,17.8,19.7,150
MCC (Micro Commercial Components),5KP7.0CAL,Active,R,Bidirectional,R-6,5000,7,1000,12,417,7.78,8.6,150
MCC (Micro Commercial Components),5KP7.5CAL,Active,R,Bidirectional,R-6,5000,7.5,250,12.9,388,8.33,9.21,150
MCC (Micro Commercial Components),5KP8.0CAL,Active,R,Bidirectional,R-6,5000,8,150,13.6,367.00,8.89,9.83,150
MCC (Micro Commercial Components),5KP8.5CAL,Active,R,Bidirectional,R-6,5000,8.5,50,14.4,347,9.44,10.4,150
MCC (Micro Commercial Components),5KP9.0CAL,Active,R,Bidirectional,R-6,5000,9,20,15.4,325,10,11.1,150
MCC (Micro Commercial Components),5KP10CAL,Active,R,Bidirectional,R-6,5000,10,15,17,294,11.1,12.3,150
MCC (Micro Commercial Components),5KP160AL,Active,R,Unidirectional,R-6,5000,160,2,259,19.3,178,197,150
MCC (Micro Commercial Components),5KP170AL,Active,R,Unidirectional,R-6,5000,170,2,275,18.2,189,209,150
MCC (Micro Commercial Components),5KP188AL,Active,R,Unidirectional,R-6,5000,188,2,328,15.2,209,231,150
MCC (Micro Commercial Components),5KP5.0CAL,Active,R,Bidirectional,R-6,5000,5,5000.00,9.2,543,6.4,7,150
MCC (Micro Commercial Components),5KP6.0CAL,Active,R,Bidirectional,R-6,5000,6,5000,10.3,485,6.67,7.37,150
MCC (Micro Commercial Components),5KP6.5CAL,Active,R,Bidirectional,R-6,5000,6.5,2000,11.2,447.00,7.22,7.98,150
MCC (Micro Commercial Components),5KP90AL,Active,R,Unidirectional,R-6,5000,90,2,146,34.2,100,111,150
MCC (Micro Commercial Components),5KP100AL,Active,R,Unidirectional,R-6,5000,100,2,162,30.9,111,123,150
MCC (Micro Commercial Components),5KP110AL,Active,R,Unidirectional,R-6,5000,110,2,177,28.2,122,135,150
MCC (Micro Commercial Components),5KP120AL,Active,R,Unidirectional,R-6,5000,120,2,193,25.9,133,147,150
MCC (Micro Commercial Components),5KP130AL,Active,R,Unidirectional,R-6,5000,130,2,209,23.9,144,159,150
MCC (Micro Commercial Components),5KP150AL,Active,R,Unidirectional,R-6,5000,150,2,243,20.6,167,185,150
MCC (Micro Commercial Components),5KP60AL,Active,R,Unidirectional,R-6,5000,60,2,97,51.7,66.7,73.7,150
MCC (Micro Commercial Components),5KP64AL,Active,R,Unidirectional,R-6,5000,64,2,103,48.5,71.1,78.6,150
MCC (Micro Commercial Components),5KP70AL,Active,R,Unidirectional,R-6,5000,70,2,113,44.2,77.8,86,150
MCC (Micro Commercial Components),5KP75AL,Active,R,Unidirectional,R-6,5000,75,2,121,41.3,83.3,92.1,150
MCC (Micro Commercial Components),5KP78AL,Active,R,Unidirectional,R-6,5000,78,2,126,39.7,86.7,95.8,150
MCC (Micro Commercial Components),5KP85AL,Active,R,Unidirectional,R-6,5000,85,2,137,36.5,94.4,104,150
MCC (Micro Commercial Components),5KP43AL,Active,R,Unidirectional,R-6,5000,43,2,69.4,72,47.8,52.8,150
MCC (Micro Commercial Components),5KP45AL,Active,R,Unidirectional,R-6,5000,45,2,72.7,68.8,50,55.3,150
MCC (Micro Commercial Components),5KP48AL,Active,R,Unidirectional,R-6,5000,48,2,77.4,64.6,53.3,58.9,150
MCC (Micro Commercial Components),5KP51AL,Active,R,Unidirectional,R-6,5000,51,2,82.4,60.7,56.7,62.7,150
MCC (Micro Commercial Components),5KP54AL,Active,R,Unidirectional,R-6,5000,54,2,87.1,57.4,60,66.3,150
MCC (Micro Commercial Components),5KP58AL,Active,R,Unidirectional,R-6,5000,58,2,94,53.4,64.4,71.2,150
MCC (Micro Commercial Components),5KP26AL,Active,R,Unidirectional,R-6,5000,26,2,42.1,119,28.9,31.9,150
MCC (Micro Commercial Components),5KP28AL,Active,R,Unidirectional,R-6,5000,28,2,45.4,110,31.1,34.4,150
MCC (Micro Commercial Components),5KP30AL,Active,R,Unidirectional,R-6,5000,30,2,48.4,103,33.3,36.8,150
MCC (Micro Commercial Components),5KP33AL,Active,R,Unidirectional,R-6,5000,33,2,53.3,93.8,36.7,40.6,150
MCC (Micro Commercial Components),5KP36AL,Active,R,Unidirectional,R-6,5000,36,2,58.1,86.1,40,44.2,150
MCC (Micro Commercial Components),5KP40AL,Active,R,Unidirectional,R-6,5000,40,2,64.5,77.5,44.4,49.1,150
MCC (Micro Commercial Components),5KP16AL,Active,R,Unidirectional,R-6,5000,16,10.00,26,192,17.8,19.7,150
MCC (Micro Commercial Components),5KP17AL,Active,R,Unidirectional,R-6,5000,17,10.00,27.6,181,18.9,20.9,150
MCC (Micro Commercial Components),5KP18AL,Active,R,Unidirectional,R-6,5000,18,10.00,29.2,172.00,20,22.1,150
MCC (Micro Commercial Components),5KP20AL,Active,R,Unidirectional,R-6,5000,20,10.00,32.4,154,22.2,24.5,150
MCC (Micro Commercial Components),5KP22AL,Active,R,Unidirectional,R-6,5000,22,2,35.5,141,24.4,26.9,150
MCC (Micro Commercial Components),5KP24AL,Active,R,Unidirectional,R-6,5000,24,2,38.9,129,26.7,29.5,150
MCC (Micro Commercial Components),5KP10AL,Active,R,Unidirectional,R-6,5000,10,15,17,294,11.1,12.3,150
MCC (Micro Commercial Components),5KP11AL,Active,R,Unidirectional,R-6,5000,11,10,18.2,275,12.2,13.5,150
MCC (Micro Commercial Components),5KP12AL,Active,R,Unidirectional,R-6,5000,12,10.00,19.9,251,13.3,14.7,150
MCC (Micro Commercial Components),5KP13AL,Active,R,Unidirectional,R-6,5000,13,10.00,21.5,232.00,14.4,15.9,150
MCC (Micro Commercial Components),5KP14AL,Active,R,Unidirectional,R-6,5000,14,10.00,23.2,215.00,15.6,17.2,150
MCC (Micro Commercial Components),5KP15AL,Active,R,Unidirectional,R-6,5000,15,10.00,24.4,206.00,16.7,18.5,150
MCC (Micro Commercial Components),5KP6.5AL,Active,R,Unidirectional,R-6,5000,6.5,2000,11.2,447.00,7.22,7.98,150
MCC (Micro Commercial Components),5KP7.0AL,Active,R,Unidirectional,R-6,5000,7,1000,12,417,7.78,8.6,150
MCC (Micro Commercial Components),5KP7.5AL,Active,R,Unidirectional,R-6,5000,7.5,250,12.9,388,8.33,9.21,150
MCC (Micro Commercial Components),5KP8.0AL,Active,R,Unidirectional,R-6,5000,8,150,13.6,367.00,8.89,9.83,150
MCC (Micro Commercial Components),5KP8.5AL,Active,R,Unidirectional,R-6,5000,8.5,50,14.4,347,9.44,10.4,150
MCC (Micro Commercial Components),5KP9.0AL,Active,R,Unidirectional,R-6,5000,9,20,15.4,325,10,11.1,150
MCC (Micro Commercial Components),5KP150CAL,Active,R,Bidirectional,R-6,5000,150,2,243,20.6,167,185,150
MCC (Micro Commercial Components),5KP160CAL,Active,R,Bidirectional,R-6,5000,160,2,259,19.3,178,197,150
MCC (Micro Commercial Components),5KP170CAL,Active,R,Bidirectional,R-6,5000,170,2,275,18.2,189,209,150
MCC (Micro Commercial Components),5KP188CAL,Active,R,Bidirectional,R-6,5000,188,2,328,15.2,209,231,150
MCC (Micro Commercial Components),5KP5.0AL,Active,R,Unidirectional,R-6,5000,5,5000.00,9.2,543,6.4,7,150
MCC (Micro Commercial Components),5KP6.0AL,Active,R,Unidirectional,R-6,5000,6,5000,10.3,485,6.67,7.37,150
MCC (Micro Commercial Components),5KP85CAL,Active,R,Bidirectional,R-6,5000,85,2,137,36.5,94.4,104,150
MCC (Micro Commercial Components),5KP90CAL,Active,R,Bidirectional,R-6,5000,90,2,146,34.2,100,111,150
MCC (Micro Commercial Components),5KP100CAL,Active,R,Bidirectional,R-6,5000,100,2,162,30.9,111,123,150
MCC (Micro Commercial Components),5KP110CAL,Active,R,Bidirectional,R-6,5000,110,2,177,28.2,122,135,150
MCC (Micro Commercial Components),5KP120CAL,Active,R,Bidirectional,R-6,5000,120,2,193,25.9,133,147,150
MCC (Micro Commercial Components),5KP130CAL,Active,R,Bidirectional,R-6,5000,130,2,209,23.9,144,159,150
MCC (Micro Commercial Components),5KP58CAL,Active,R,Bidirectional,R-6,5000,58,2,94,53.4,64.4,71.2,150
MCC (Micro Commercial Components),5KP60CAL,Active,R,Bidirectional,R-6,5000,60,2,97,51.7,66.7,73.7,150
MCC (Micro Commercial Components),5KP64CAL,Active,R,Bidirectional,R-6,5000,64,2,103,48.5,71.1,78.6,150
MCC (Micro Commercial Components),5KP70CAL,Active,R,Bidirectional,R-6,5000,70,2,113,44.2,77.8,86,150
MCC (Micro Commercial Components),5KP75CAL,Active,R,Bidirectional,R-6,5000,75,2,121,41.3,83.3,92.1,150
MCC (Micro Commercial Components),5KP78CAL,Active,R,Bidirectional,R-6,5000,78,2,126,39.7,86.7,95.8,150
MCC (Micro Commercial Components),SMA6J100AHE3,Active,A R H,Unidirectional,SMA,600,100,1,162,3.7,111,123,150
MCC (Micro Commercial Components),SMA6J90AHE3,Active,A R H,Unidirectional,SMA,600,90,1,146,4.1,100,111,150
MCC (Micro Commercial Components),SMA6J85AHE3,Active,A R H,Unidirectional,SMA,600,85,1,137,4.4,94.4,104,150
MCC (Micro Commercial Components),SMA6J80AHE3,Active,A R H,Unidirectional,SMA,600,80,1,129.6,4.6,88.8,97.6,150
MCC (Micro Commercial Components),SMA6J78AHE3,Active,A R H,Unidirectional,SMA,600,78,1,126,4.8,86.7,95.8,150
MCC (Micro Commercial Components),SMA6J75AHE3,Active,A R H,Unidirectional,SMA,600,75,1,121,5,83.3,92.1,150
MCC (Micro Commercial Components),SMA6J48AHE3,Active,A R H,Unidirectional,SMA,600,48,1,77.4,7.8,53.3,58.9,150
MCC (Micro Commercial Components),SMA6J45AHE3,Active,A R H,Unidirectional,SMA,600,45,1,72.7,8.3,50,55.3,150
MCC (Micro Commercial Components),SMA6J43AHE3,Active,A R H,Unidirectional,SMA,600,43,1,69.4,8.7,47.8,52.8,150
MCC (Micro Commercial Components),SMA6J70AHE3,Active,A R H,Unidirectional,SMA,600,70,1,113,5.3,77.8,86,150
MCC (Micro Commercial Components),SMA6J64AHE3,Active,A R H,Unidirectional,SMA,600,64,1,103,5.8,71.1,78.6,150
MCC (Micro Commercial Components),SMA6J60AHE3,Active,A R H,Unidirectional,SMA,600,60,1,96.8,6.2,66.7,73.7,150
MCC (Micro Commercial Components),SMA6J58AHE3,Active,A R H,Unidirectional,SMA,600,58,1,93.6,6.4,64.4,71.2,150
MCC (Micro Commercial Components),SMA6J54AHE3,Active,A R H,Unidirectional,SMA,600,54,1,87.1,6.9,60,66.3,150
MCC (Micro Commercial Components),SMA6J51AHE3,Active,A R H,Unidirectional,SMA,600,51,1,82.4,7.3,56.7,62.7,150
MCC (Micro Commercial Components),SMF6.5AHE3,Active,A R H,Unidirectional,SOD-123FL,200,6.5,250,11.2,17.9,7.22,7.98,150
MCC (Micro Commercial Components),SMF6.0AHE3,Active,A R H,Unidirectional,SOD-123FL,200,6,400,10.3,19.4,6.67,7.37,150
MCC (Micro Commercial Components),SMF5.0AHE3,Active,A R H,Unidirectional,SOD-123FL,200,5,400,9.2,21.7,6.4,7.07,150
MCC (Micro Commercial Components),5.0SMLJ80CAHE3,Active,A R H,Bidirectional,SMC,5000,80,2,129.6,38.6,88.9,97.6,175
MCC (Micro Commercial Components),5.0SMLJ6.5AHE3,Active,A R H,Unidirectional,SMC,5000,6.5,800,11.2,446.5,7.22,7.98,175
MCC (Micro Commercial Components),5.0SMLJ7.0AHE3,Active,A R H,Unidirectional,SMC,5000,7,800,12,416.8,7.78,8.6,175
MCC (Micro Commercial Components),5.0SMLJ7.5AHE3,Active,A R H,Unidirectional,SMC,5000,7.5,800,12.9,387.7,8.33,9.21,175
MCC (Micro Commercial Components),5.0SMLJ8.0AHE3,Active,A R H,Unidirectional,SMC,5000,8,800,13.6,367.7,8.89,9.83,175
MCC (Micro Commercial Components),5.0SMLJ8.5AHE3,Active,A R H,Unidirectional,SMC,5000,8.5,800,14.4,347.3,9.44,10.4,175
MCC (Micro Commercial Components),5.0SMLJ7.5CAHE3,Active,A R H,Bidirectional,SMC,5000,7.5,800,12.9,387.7,8.33,9.21,175
MCC (Micro Commercial Components),5.0SMLJ8.0CAHE3,Active,A R H,Bidirectional,SMC,5000,8,800,13.6,367.7,8.89,9.83,175
MCC (Micro Commercial Components),5.0SMLJ9.0CAHE3,Active,A R H,Bidirectional,SMC,5000,9,800,15.4,324.8,10,11.1,175
MCC (Micro Commercial Components),5.0SMLJ8.5CAHE3,Active,A R H,Bidirectional,SMC,5000,8.5,800,14.4,347.3,9.44,10.4,175
MCC (Micro Commercial Components),5.0SMLJ5.0AHE3,Active,A R H,Unidirectional,SMC,5000,5,1000,9.2,543.6,6.4,7,175
MCC (Micro Commercial Components),5.0SMLJ6.0AHE3,Active,A R H,Unidirectional,SMC,5000,6,1000,10.3,485.5,6.67,7.37,175
MCC (Micro Commercial Components),5.0SMLJ9.0AHE3,Active,A R H,Unidirectional,SMC,5000,9,800,15.4,324.8,10,11.1,175
MCC (Micro Commercial Components),5.0SMLJ80AHE3,Active,A R H,Unidirectional,SMC,5000,80,2,129.6,38.6,88.9,97.6,175
MCC (Micro Commercial Components),5.0SMLJ5.0CAHE3,Active,A R H,Bidirectional,SMC,5000,5,1000,9.2,543.6,6.4,7,175
MCC (Micro Commercial Components),5.0SMLJ6.0CAHE3,Active,A R H,Bidirectional,SMC,5000,6,1000,10.3,485.5,6.67,7.37,175
MCC (Micro Commercial Components),5.0SMLJ6.5CAHE3,Active,A R H,Bidirectional,SMC,5000,6.5,800,11.2,446.5,7.22,7.98,175
MCC (Micro Commercial Components),5.0SMLJ7.0CAHE3,Active,A R H,Bidirectional,SMC,5000,7,800,12,416.8,7.78,8.6,175
MCC (Micro Commercial Components),SMAJS24CA,Active,R H,Bidirectional,SMA,400,24,1,38.9,10.3,26.7,29.5,150
MCC (Micro Commercial Components),SMH100A,Active,R H,Unidirectional,SOD-123HL,200,100,1,162,1.23,111,123,150
MCC (Micro Commercial Components),SMH90A,Active,R H,Unidirectional,SOD-123HL,200,90,1,146,1.37,100,111,150
MCC (Micro Commercial Components),SMH85A,Active,R H,Unidirectional,SOD-123HL,200,85,1,137,1.46,94.4,104,150
MCC (Micro Commercial Components),SMH80A,Active,R H,Unidirectional,SOD-123HL,200,80,1,129,1.55,88.8,97.6,150
MCC (Micro Commercial Components),SMH78A,Active,R H,Unidirectional,SOD-123HL,200,78,1,126,1.59,86.7,95.8,150
MCC (Micro Commercial Components),SMH75A,Active,R H,Unidirectional,SOD-123HL,200,75,1,121,1.65,83.3,92.1,150
MCC (Micro Commercial Components),SMH36A,Active,R H,Unidirectional,SOD-123HL,200,36,1,58.1,3.44,40,44.2,150
MCC (Micro Commercial Components),SMH33A,Active,R H,Unidirectional,SOD-123HL,200,33,1,53.3,3.75,36.7,40.6,150
MCC (Micro Commercial Components),SMH30A,Active,R H,Unidirectional,SOD-123HL,200,30,1,48.4,4.13,33.3,36.8,150
MCC (Micro Commercial Components),SMH28A,Active,R H,Unidirectional,SOD-123HL,200,28,1,45.4,4.41,31.1,34.4,150
MCC (Micro Commercial Components),SMH26A,Active,R H,Unidirectional,SOD-123HL,200,26,1,42.1,4.75,28.9,31.9,150
MCC (Micro Commercial Components),SMH24A,Active,R H,Unidirectional,SOD-123HL,200,24,1,38.9,5.14,26.7,29.5,150
MCC (Micro Commercial Components),SMH54A,Active,R H,Unidirectional,SOD-123HL,200,54,1,87.1,2.3,60,66.3,150
MCC (Micro Commercial Components),SMH51A,Active,R H,Unidirectional,SOD-123HL,200,51,1,82.4,2.43,56.7,62.7,150
MCC (Micro Commercial Components),SMH48A,Active,R H,Unidirectional,SOD-123HL,200,48,1,77.4,2.58,53.3,58.9,150
MCC (Micro Commercial Components),SMH45A,Active,R H,Unidirectional,SOD-123HL,200,45,1,72.7,2.75,50,55.3,150
MCC (Micro Commercial Components),SMH43A,Active,R H,Unidirectional,SOD-123HL,200,43,1,69.4,2.88,47.8,52.8,150
MCC (Micro Commercial Components),SMH40A,Active,R H,Unidirectional,SOD-123HL,200,40,1,64.5,3.1,44.4,49.1,150
MCC (Micro Commercial Components),SMH17A,Active,R H,Unidirectional,SOD-123HL,200,17,1,27.6,7.25,18.9,20.9,150
MCC (Micro Commercial Components),SMH16A,Active,R H,Unidirectional,SOD-123HL,200,16,1,26,7.69,17.8,19.7,150
MCC (Micro Commercial Components),SMH15A,Active,R H,Unidirectional,SOD-123HL,200,15,1,24.4,8.2,16.7,18.5,150
MCC (Micro Commercial Components),SMH14A,Active,R H,Unidirectional,SOD-123HL,200,14,1,23.2,8.62,15.6,17.2,150
MCC (Micro Commercial Components),SMH13A,Active,R H,Unidirectional,SOD-123HL,200,13,1,21.5,9.3,14.4,15.9,150
MCC (Micro Commercial Components),SMH12A,Active,R H,Unidirectional,SOD-123HL,200,12,2.5,19.9,10.05,13.3,14.7,150
MCC (Micro Commercial Components),SMH6.0A,Active,R H,Unidirectional,SOD-123HL,200,6,400,10.3,19.42,6.67,7.37,150
MCC (Micro Commercial Components),SMH5.0A,Active,R H,Unidirectional,SOD-123HL,200,5,400,9.2,21.74,6.4,7.07,150
MCC (Micro Commercial Components),SMH22A,Active,R H,Unidirectional,SOD-123HL,200,22,1,35.5,5.63,24.4,26.9,150
MCC (Micro Commercial Components),SMH20A,Active,R H,Unidirectional,SOD-123HL,200,20,1,32.4,6.17,22.2,24.5,150
MCC (Micro Commercial Components),SMH19A,Active,R H,Unidirectional,SOD-123HL,200,19,1,30.6,6.54,21.1,23.3,150
MCC (Micro Commercial Components),SMH18A,Active,R H,Unidirectional,SOD-123HL,200,18,1,29.2,6.85,20,22.1,150
MCC (Micro Commercial Components),SMH9.0A,Active,R H,Unidirectional,SOD-123HL,200,9,5,15.4,12.99,10,11.1,150
MCC (Micro Commercial Components),SMH8.5A,Active,R H,Unidirectional,SOD-123HL,200,8.5,10,14.4,13.89,9.44,10.4,150
MCC (Micro Commercial Components),SMH8.0A,Active,R H,Unidirectional,SOD-123HL,200,8,25,13.6,14.71,8.89,9.83,150
MCC (Micro Commercial Components),SMH7.5A,Active,R H,Unidirectional,SOD-123HL,200,7.5,50,12.9,15.5,8.33,9.21,150
MCC (Micro Commercial Components),SMH7.0A,Active,R H,Unidirectional,SOD-123HL,200,7,100,12,16.67,7.78,8.6,150
MCC (Micro Commercial Components),SMH6.5A,Active,R H,Unidirectional,SOD-123HL,200,6.5,250,11.2,17.86,7.22,7.98,150
MCC (Micro Commercial Components),SMH70A,Active,R H,Unidirectional,SOD-123HL,200,70,1,113,1.77,77.8,86,150
MCC (Micro Commercial Components),SMH64A,Active,R H,Unidirectional,SOD-123HL,200,64,1,103,1.94,71.1,78.6,150
MCC (Micro Commercial Components),SMH60A,Active,R H,Unidirectional,SOD-123HL,200,60,1,96.8,2.07,66.7,73.7,150
MCC (Micro Commercial Components),SMH58A,Active,R H,Unidirectional,SOD-123HL,200,58,1,93.6,2.14,64.4,71.2,150
MCC (Micro Commercial Components),SMH11A,Active,R H,Unidirectional,SOD-123HL,200,11,2.5,18.2,10.99,12.2,13.5,150
MCC (Micro Commercial Components),SMH10A,Active,R H,Unidirectional,SOD-123HL,200,10,2.5,17,11.76,11.1,12.3,150
MCC (Micro Commercial Components),SMF5.0CAQ,Active,A R H,Bidirectional,SOD-123FL,200,5,400,9.2,21.74,6.4,7.07,175
MCC (Micro Commercial Components),SMF6.0CAQ,Active,A R H,Bidirectional,SOD-123FL,200,6,400,10.3,19.42,6.67,7.37,175
MCC (Micro Commercial Components),SMF6.5CAQ,Active,A R H,Bidirectional,SOD-123FL,200,6.5,250,11.2,17.86,7.22,7.98,175
MCC (Micro Commercial Components),SMF7.0CAQ,Active,A R H,Bidirectional,SOD-123FL,200,7,100,12,16.67,7.78,8.6,175
MCC (Micro Commercial Components),SMF7.5CAQ,Active,A R H,Bidirectional,SOD-123FL,200,7.5,50,12.9,15.5,8.33,9.21,175
MCC (Micro Commercial Components),SMF8.0CAQ,Active,A R H,Bidirectional,SOD-123FL,200,8,25,13.6,14.71,8.89,9.83,175
MCC (Micro Commercial Components),SMF75CAQ,Active,A R H,Bidirectional,SOD-123FL,200,75,1,121,1.65,83.3,92.1,175
MCC (Micro Commercial Components),SMF78CAQ,Active,A R H,Bidirectional,SOD-123FL,200,78,1,126,1.59,86.7,95.8,175
MCC (Micro Commercial Components),SMF80CAQ,Active,A R H,Bidirectional,SOD-123FL,200,80,1,129,1.55,88.8,97.6,175
MCC (Micro Commercial Components),SMF85CAQ,Active,A R H,Bidirectional,SOD-123FL,200,85,1,137,1.46,94.4,104,175
MCC (Micro Commercial Components),SMF90CAQ,Active,A R H,Bidirectional,SOD-123FL,200,90,1,146,1.37,100,111,175
MCC (Micro Commercial Components),SMF100CAQ,Active,A R H,Bidirectional,SOD-123FL,200,100,1,162,1.23,111,123,175
MCC (Micro Commercial Components),SMF51CAQ,Active,A R H,Bidirectional,SOD-123FL,200,51,1,82.4,2.43,56.7,62.7,175
MCC (Micro Commercial Components),SMF54CAQ,Active,A R H,Bidirectional,SOD-123FL,200,54,1,87.1,2.3,60,66.3,175
MCC (Micro Commercial Components),SMF58CAQ,Active,A R H,Bidirectional,SOD-123FL,200,58,1,93.6,2.14,64.4,71.2,175
MCC (Micro Commercial Components),SMF60CAQ,Active,A R H,Bidirectional,SOD-123FL,200,60,1,96.8,2.07,66.7,73.7,175
MCC (Micro Commercial Components),SMF64CAQ,Active,A R H,Bidirectional,SOD-123FL,200,64,1,103,1.94,71.1,78.6,175
MCC (Micro Commercial Components),SMF70CAQ,Active,A R H,Bidirectional,SOD-123FL,200,70,1,113,1.77,77.8,86,175
MCC (Micro Commercial Components),SMF33CAQ,Active,A R H,Bidirectional,SOD-123FL,200,33,1,53.3,3.75,36.7,40.6,175
MCC (Micro Commercial Components),SMF36CAQ,Active,A R H,Bidirectional,SOD-123FL,200,36,1,58.1,3.44,40,44.2,175
MCC (Micro Commercial Components),SMF40CAQ,Active,A R H,Bidirectional,SOD-123FL,200,40,1,64.5,3.1,44.4,49.1,175
MCC (Micro Commercial Components),SMF43CAQ,Active,A R H,Bidirectional,SOD-123FL,200,43,1,69.4,2.88,47.8,52.8,175
MCC (Micro Commercial Components),SMF45CAQ,Active,A R H,Bidirectional,SOD-123FL,200,45,1,72.7,2.75,50,55.3,175
MCC (Micro Commercial Components),SMF48CAQ,Active,A R H,Bidirectional,SOD-123FL,200,48,1,77.4,2.58,53.3,58.9,175
MCC (Micro Commercial Components),SMF20CAQ,Active,A R H,Bidirectional,SOD-123FL,200,20,1,32.4,6.17,22.2,24.5,175
MCC (Micro Commercial Components),SMF22CAQ,Active,A R H,Bidirectional,SOD-123FL,200,22,1,35.5,5.63,24.4,26.9,175
MCC (Micro Commercial Components),SMF24CAQ,Active,A R H,Bidirectional,SOD-123FL,200,24,1,38.9,5.14,26.7,29.5,175
MCC (Micro Commercial Components),SMF26CAQ,Active,A R H,Bidirectional,SOD-123FL,200,26,1,42.1,4.75,28.9,31.9,175
MCC (Micro Commercial Components),SMF28CAQ,Active,A R H,Bidirectional,SOD-123FL,200,28,1,45.4,4.41,31.1,34.4,175
MCC (Micro Commercial Components),SMF30CAQ,Active,A R H,Bidirectional,SOD-123FL,200,30,1,48.4,4.13,33.3,36.8,175
MCC (Micro Commercial Components),SMF14CAQ,Active,A R H,Bidirectional,SOD-123FL,200,14,1,23.2,8.62,15.6,17.2,175
MCC (Micro Commercial Components),SMF15CAQ,Active,A R H,Bidirectional,SOD-123FL,200,15,1,24.4,8.2,16.7,18.5,175
MCC (Micro Commercial Components),SMF16CAQ,Active,A R H,Bidirectional,SOD-123FL,200,16,1,26,7.69,17.8,19.7,175
MCC (Micro Commercial Components),SMF17CAQ,Active,A R H,Bidirectional,SOD-123FL,200,17,1,27.6,7.25,18.9,20.9,175
MCC (Micro Commercial Components),SMF18CAQ,Active,A R H,Bidirectional,SOD-123FL,200,18,1,29.2,6.85,20,22.1,175
MCC (Micro Commercial Components),SMF19CAQ,Active,A R H,Bidirectional,SOD-123FL,200,19,1,30.6,6.54,21.1,23.3,175
MCC (Micro Commercial Components),SMF8.5CAQ,Active,A R H,Bidirectional,SOD-123FL,200,8.5,10,14.4,13.89,9.44,10.4,175
MCC (Micro Commercial Components),SMF9.0CAQ,Active,A R H,Bidirectional,SOD-123FL,200,9,5,15.4,12.99,10,11.1,175
MCC (Micro Commercial Components),SMF10CAQ,Active,A R H,Bidirectional,SOD-123FL,200,10,2.5,17,11.76,11.1,12.3,175
MCC (Micro Commercial Components),SMF11CAQ,Active,A R H,Bidirectional,SOD-123FL,200,11,2.5,18.2,10.99,12.2,13.5,175
MCC (Micro Commercial Components),SMF12CAQ,Active,A R H,Bidirectional,SOD-123FL,200,12,2.5,19.9,10.05,13.3,14.7,175
MCC (Micro Commercial Components),SMF13CAQ,Active,A R H,Bidirectional,SOD-123FL,200,13,1,21.5,9.3,14.4,15.9,175
MCC (Micro Commercial Components),SM4H51A,Active,R H,Unidirectional,SOD-123HL,400,51,1,82.4,4.86,56.7,62.7,150
MCC (Micro Commercial Components),SM4H54A,Active,R H,Unidirectional,SOD-123HL,400,54,1,87.1,4.6,60,66.3,150
MCC (Micro Commercial Components),SM4H58A,Active,R H,Unidirectional,SOD-123HL,400,58,1,93.6,4.28,64.4,71.2,150
MCC (Micro Commercial Components),SM4H60A,Active,R H,Unidirectional,SOD-123HL,400,60,1,96.8,4.14,66.7,73.7,150
MCC (Micro Commercial Components),SM4H64A,Active,R H,Unidirectional,SOD-123HL,400,64,1,103,3.88,71.1,78.6,150
MCC (Micro Commercial Components),SM4H70A,Active,R H,Unidirectional,SOD-123HL,400,70,1,113,3.54,77.8,86,150
MCC (Micro Commercial Components),SM4H8.5A,Active,R H,Unidirectional,SOD-123HL,400,8.5,10,14.4,27.78,9.44,10.4,150
MCC (Micro Commercial Components),SM4H9.0A,Active,R H,Unidirectional,SOD-123HL,400,9,5,15.4,25.97,10,11.1,150
MCC (Micro Commercial Components),SM4H10A,Active,R H,Unidirectional,SOD-123HL,400,10,2.5,17,23.52,11.1,12.3,150
MCC (Micro Commercial Components),SM4H11A,Active,R H,Unidirectional,SOD-123HL,400,11,2.5,18.2,21.98,12.2,13.5,150
MCC (Micro Commercial Components),SM4H90A,Active,R H,Unidirectional,SOD-123HL,400,90,1,146,2.74,100,111,150
MCC (Micro Commercial Components),SM4H100A,Active,R H,Unidirectional,SOD-123HL,400,100,1,162,2.46,111,123,150
MCC (Micro Commercial Components),SM4H5.0A,Active,R H,Unidirectional,SOD-123HL,400,5,800,9.2,43.38,6.4,7.07,150
MCC (Micro Commercial Components),SM4H6.0A,Active,R H,Unidirectional,SOD-123HL,400,6,800,10.3,38.83,6.67,7.37,150
MCC (Micro Commercial Components),SM4H6.5A,Active,R H,Unidirectional,SOD-123HL,400,6.5,500,11.2,35.71,7.22,7.98,150
MCC (Micro Commercial Components),SM4H7.0A,Active,R H,Unidirectional,SOD-123HL,400,7,200,12,33.33,7.78,8.6,150
MCC (Micro Commercial Components),SM4H7.5A,Active,R H,Unidirectional,SOD-123HL,400,7.5,100,12.9,31.01,8.33,9.21,150
MCC (Micro Commercial Components),SM4H8.0A,Active,R H,Unidirectional,SOD-123HL,400,8,50,13.6,29.41,8.89,9.83,150
MCC (Micro Commercial Components),SM4H33A,Active,R H,Unidirectional,SOD-123HL,400,33,1,53.3,7.5,36.7,40.6,150
MCC (Micro Commercial Components),SM4H36A,Active,R H,Unidirectional,SOD-123HL,400,36,1,58.1,6.88,40,44.2,150
MCC (Micro Commercial Components),SM4H40A,Active,R H,Unidirectional,SOD-123HL,400,40,1,64.5,6.2,44.4,49.1,150
MCC (Micro Commercial Components),SM4H43A,Active,R H,Unidirectional,SOD-123HL,400,43,1,69.4,5.76,47.8,52.8,150
MCC (Micro Commercial Components),SM4H45A,Active,R H,Unidirectional,SOD-123HL,400,45,1,72.7,5.5,50,55.3,150
MCC (Micro Commercial Components),SM4H48A,Active,R H,Unidirectional,SOD-123HL,400,48,1,77.4,5.16,53.3,58.9,150
MCC (Micro Commercial Components),SM4H20A,Active,R H,Unidirectional,SOD-123HL,400,20,1,32.4,12.34,22.2,24.5,150
MCC (Micro Commercial Components),SM4H22A,Active,R H,Unidirectional,SOD-123HL,400,22,1,35.5,11.26,24.4,26.9,150
MCC (Micro Commercial Components),SM4H24A,Active,R H,Unidirectional,SOD-123HL,400,24,1,38.9,10.28,26.7,29.5,150
MCC (Micro Commercial Components),SM4H26A,Active,R H,Unidirectional,SOD-123HL,400,26,1,42.1,9.5,28.9,31.9,150
MCC (Micro Commercial Components),SM4H28A,Active,R H,Unidirectional,SOD-123HL,400,28,1,45.4,8.82,31.1,34.4,150
MCC (Micro Commercial Components),SM4H30A,Active,R H,Unidirectional,SOD-123HL,400,30,1,48.4,8.26,33.3,36.8,150
MCC (Micro Commercial Components),SM4H14A,Active,R H,Unidirectional,SOD-123HL,400,14,1,23.2,17.24,15.6,17.2,150
MCC (Micro Commercial Components),SM4H15A,Active,R H,Unidirectional,SOD-123HL,400,15,1,24.4,16.4,16.7,18.5,150
MCC (Micro Commercial Components),SM4H16A,Active,R H,Unidirectional,SOD-123HL,400,16,1,26,15.38,17.8,19.7,150
MCC (Micro Commercial Components),SM4H17A,Active,R H,Unidirectional,SOD-123HL,400,17,1,27.6,14.5,18.9,20.9,150
MCC (Micro Commercial Components),SM4H18A,Active,R H,Unidirectional,SOD-123HL,400,18,1,29.2,13.7,20,22.1,150
MCC (Micro Commercial Components),SM4H19A,Active,R H,Unidirectional,SOD-123HL,400,19,1,30.6,13.08,21.1,23.3,150
MCC (Micro Commercial Components),SM4H75A,Active,R H,Unidirectional,SOD-123HL,400,75,1,121,3.3,83.3,92.1,150
MCC (Micro Commercial Components),SM4H78A,Active,R H,Unidirectional,SOD-123HL,400,78,1,126,3.18,86.7,95.8,150
MCC (Micro Commercial Components),SM4H80A,Active,R H,Unidirectional,SOD-123HL,400,80,1,129,3.1,88.8,97.6,150
MCC (Micro Commercial Components),SM4H85A,Active,R H,Unidirectional,SOD-123HL,400,85,1,137,2.92,94.4,104,150
MCC (Micro Commercial Components),SM4H12A,Active,R H,Unidirectional,SOD-123HL,400,12,2.5,19.9,20.1,13.3,14.7,150
MCC (Micro Commercial Components),SM4H13A,Active,R H,Unidirectional,SOD-123HL,400,13,1,20,18.6,14.4,15.9,150
MCC (Micro Commercial Components),5.0SMLJ180CA,Active,R H,Bidirectional,SMC,5000,180,5,292,17.1,200,220,175
MCC (Micro Commercial Components),5.0SMLJ200CA,Active,R H,Bidirectional,SMC,5000,200,5,324,15.4,224,247,175
MCC (Micro Commercial Components),5.0SMLJ250CA,Active,R H,Bidirectional,SMC,5000,250,5,405,12.3,279,309,175
MCC (Micro Commercial Components),5.0SMLJ300CA,Active,R H,Bidirectional,SMC,5000,300,5,486,10.3,335,371,175
MCC (Micro Commercial Components),5.0SMLJ350CA,Active,R H,Bidirectional,SMC,5000,350,5,567,8.8,391,432,175
MCC (Micro Commercial Components),5.0SMLJ400CA,Active,R H,Bidirectional,SMC,5000,400,5,648,7.7,447,494,175
MCC (Micro Commercial Components),5.0SMLJ190CA,Active,R H,Bidirectional,SMC,5000,190,5,308,16.2,211,258,175
MCC (Micro Commercial Components),5.0SMLJ220CA,Active,R H,Bidirectional,SMC,5000,220,5,356,14,246,272,175
MCC (Micro Commercial Components),SM4F5.0CA,Active,R H,Bidirectional,SOD-123FL,400,5,400,9.2,43.5,6.4,7,150
MCC (Micro Commercial Components),SM4F6.0CA,Active,R H,Bidirectional,SOD-123FL,400,6,400,10.3,38.8,6.67,7.37,150
MCC (Micro Commercial Components),SM4F6.5CA,Active,R H,Bidirectional,SOD-123FL,400,6.5,400,11.2,35.7,7.22,7.98,150
MCC (Micro Commercial Components),SM4F7.0CA,Active,R H,Bidirectional,SOD-123FL,400,7,200,12,33.3,7.78,8.6,150
MCC (Micro Commercial Components),SM4F7.5CA,Active,R H,Bidirectional,SOD-123FL,400,7.5,100,12.9,31,8.33,9.21,150
MCC (Micro Commercial Components),SM4F8.0CA,Active,R H,Bidirectional,SOD-123FL,400,8,50,13.6,29.4,8.89,9.83,150
MCC (Micro Commercial Components),SM4F8.5CA,Active,R H,Bidirectional,SOD-123FL,400,8.5,20,14.4,27.7,9.44,10.4,150
MCC (Micro Commercial Components),SM4F9.0CA,Active,R H,Bidirectional,SOD-123FL,400,9,10,15.4,26,10,11.1,150
MCC (Micro Commercial Components),SM4F10CA,Active,R H,Bidirectional,SOD-123FL,400,10,5,17,23.5,11.1,12.3,150
MCC (Micro Commercial Components),15KP130AL,Active,R,Unidirectional,R-6,15000,130,10,209,72,144,159,175
MCC (Micro Commercial Components),15KP150AL,Active,R,Unidirectional,R-6,15000,150,10,243,62,167,183.5,175
MCC (Micro Commercial Components),15KP160AL,Active,R,Unidirectional,R-6,15000,160,10,259,58,178,195.7,175
MCC (Micro Commercial Components),15KP170AL,Active,R,Unidirectional,R-6,15000,170,10,275,55,189,207.9,175
MCC (Micro Commercial Components),15KP180AL,Active,R,Unidirectional,R-6,15000,180,10,291,52,200,220.1,175
MCC (Micro Commercial Components),15KP200AL,Active,R,Unidirectional,R-6,15000,200,10,322,47,222,244.6,175
MCC (Micro Commercial Components),15KP51AL,Active,R,Unidirectional,R-6,15000,51,10,82.8,181,56.7,62.4,175
MCC (Micro Commercial Components),15KP54AL,Active,R,Unidirectional,R-6,15000,54,10,87.5,171,60,66,175
MCC (Micro Commercial Components),15KP33AL,Active,R,Unidirectional,R-6,15000,33,10,54.8,274,36.7,40.4,175
MCC (Micro Commercial Components),15KP36AL,Active,R,Unidirectional,R-6,15000,36,10,59.7,251,40,44,175
MCC (Micro Commercial Components),15KP40AL,Active,R,Unidirectional,R-6,15000,40,10,65.8,228,44.4,48.9,175
MCC (Micro Commercial Components),15KP43AL,Active,R,Unidirectional,R-6,15000,43,10,69.7,215,47.8,52.6,175
MCC (Micro Commercial Components),15KP45AL,Active,R,Unidirectional,R-6,15000,45,10,73,205,50,55,175
MCC (Micro Commercial Components),15KP48AL,Active,R,Unidirectional,R-6,15000,48,10,77.7,193,53.3,58.7,175
MCC (Micro Commercial Components),15KP64AL,Active,R,Unidirectional,R-6,15000,64,10,104,144,71.1,78.3,175
MCC (Micro Commercial Components),15KP70AL,Active,R,Unidirectional,R-6,15000,70,10,114,132,77.8,85.6,175
MCC (Micro Commercial Components),15KP75AL,Active,R,Unidirectional,R-6,15000,75,10,122,123,83.3,91.7,175
MCC (Micro Commercial Components),15KP78AL,Active,R,Unidirectional,R-6,15000,78,10,126,119,86.7,95.4,175
MCC (Micro Commercial Components),15KP85AL,Active,R,Unidirectional,R-6,15000,85,10,137,109,94.4,104,175
MCC (Micro Commercial Components),15KP90AL,Active,R,Unidirectional,R-6,15000,90,10,146,103,100,110.1,175
MCC (Micro Commercial Components),15KP24AL,Active,R,Unidirectional,R-6,15000,24,150,40.5,369,26.7,29.35,175
MCC (Micro Commercial Components),15KP26AL,Active,R,Unidirectional,R-6,15000,26,50,44,347,28.9,31.8,175
MCC (Micro Commercial Components),15KP28AL,Active,R,Unidirectional,R-6,15000,28,25,47.5,316,31.1,34.24,175
MCC (Micro Commercial Components),15KP30AL,Active,R,Unidirectional,R-6,15000,30,15,50.7,296,33.3,36.69,175
MCC (Micro Commercial Components),15KP58AL,Active,R,Unidirectional,R-6,15000,58,10,94,160,64.4,70.9,175
MCC (Micro Commercial Components),15KP60AL,Active,R,Unidirectional,R-6,15000,60,10,97.3,154,66.7,73.4,175
MCC (Micro Commercial Components),15KP110AL,Active,R,Unidirectional,R-6,15000,110,10,178,84,122,134.5,175
MCC (Micro Commercial Components),15KP120AL,Active,R,Unidirectional,R-6,15000,120,10,193,78,133,146.8,175
MCC (Micro Commercial Components),15KP17AL,Active,R,Unidirectional,R-6,15000,17,5000,29.3,512,18.9,20.79,175
MCC (Micro Commercial Components),15KP18AL,Active,R,Unidirectional,R-6,15000,18,5000,30.9,485,20,22.01,175
MCC (Micro Commercial Components),15KP20AL,Active,R,Unidirectional,R-6,15000,20,1500,34.3,437,22.2,24.46,175
MCC (Micro Commercial Components),15KP22AL,Active,R,Unidirectional,R-6,15000,22,500,37.1,404,24.4,26.91,175
MCC (Micro Commercial Components),15KP200CAL,Active,R,Bidirectional,R-6,15000,200,10,322,47,222,244.6,175
MCC (Micro Commercial Components),15KP220CAL,Active,R,Bidirectional,R-6,15000,220,10,356,42,245,269.1,175
MCC (Micro Commercial Components),15KP240CAL,Active,R,Bidirectional,R-6,15000,240,10,388,39,267,293.5,175
MCC (Micro Commercial Components),15KP260CAL,Active,R,Bidirectional,R-6,15000,260,10,419,36,289,318,175
MCC (Micro Commercial Components),15KP280CAL,Active,R,Bidirectional,R-6,15000,280,10,452,33,311,342.4,175
MCC (Micro Commercial Components),15KP100AL,Active,R,Unidirectional,R-6,15000,100,10,162,93,111,122.3,175
MCC (Micro Commercial Components),15KP64CAL,Active,R,Bidirectional,R-6,15000,64,10,104,144,71.1,78.3,175
MCC (Micro Commercial Components),15KP130CAL,Active,R,Bidirectional,R-6,15000,130,10,209,72,144,159,175
MCC (Micro Commercial Components),15KP150CAL,Active,R,Bidirectional,R-6,15000,150,10,243,62,167,183.5,175
MCC (Micro Commercial Components),15KP160CAL,Active,R,Bidirectional,R-6,15000,160,10,259,58,178,195.7,175
MCC (Micro Commercial Components),15KP170CAL,Active,R,Bidirectional,R-6,15000,170,10,275,55,189,207.9,175
MCC (Micro Commercial Components),15KP180CAL,Active,R,Bidirectional,R-6,15000,180,10,291,52,200,220.1,175
MCC (Micro Commercial Components),15KP45CAL,Active,R,Bidirectional,R-6,15000,45,10,73,205,50,55,175
MCC (Micro Commercial Components),15KP48CAL,Active,R,Bidirectional,R-6,15000,48,10,77.7,193,53.3,58.7,175
MCC (Micro Commercial Components),15KP51CAL,Active,R,Bidirectional,R-6,15000,51,10,82.8,181,56.7,62.4,175
MCC (Micro Commercial Components),15KP54CAL,Active,R,Bidirectional,R-6,15000,54,10,87.5,171,60,66,175
MCC (Micro Commercial Components),15KP58CAL,Active,R,Bidirectional,R-6,15000,58,10,94,160,64.4,70.9,175
MCC (Micro Commercial Components),15KP60CAL,Active,R,Bidirectional,R-6,15000,60,10,97.3,154,66.7,73.4,175
MCC (Micro Commercial Components),15KP85CAL,Active,R,Bidirectional,R-6,15000,85,10,137,109,94.4,104,175
MCC (Micro Commercial Components),15KP90CAL,Active,R,Bidirectional,R-6,15000,90,10,146,103,100,110.1,175
MCC (Micro Commercial Components),15KP100CAL,Active,R,Bidirectional,R-6,15000,100,10,162,93,111,122.3,175
MCC (Micro Commercial Components),15KP110CAL,Active,R,Bidirectional,R-6,15000,110,10,178,84,122,134.5,175
MCC (Micro Commercial Components),15KP120CAL,Active,R,Bidirectional,R-6,15000,120,10,193,78,133,146.8,175
MCC (Micro Commercial Components),15KP43CAL,Active,R,Bidirectional,R-6,15000,43,10,69.7,215,47.8,52.6,175
MCC (Micro Commercial Components),15KP33CAL,Active,R,Bidirectional,R-6,15000,33,10,54.8,274,36.7,40.4,175
MCC (Micro Commercial Components),15KP36CAL,Active,R,Bidirectional,R-6,15000,36,10,59.7,251,40,44,175
MCC (Micro Commercial Components),15KP40CAL,Active,R,Bidirectional,R-6,15000,40,10,65.8,228,44.4,48.9,175
MCC (Micro Commercial Components),15KP70CAL,Active,R,Bidirectional,R-6,15000,70,10,114,132,77.8,85.6,175
MCC (Micro Commercial Components),15KP75CAL,Active,R,Bidirectional,R-6,15000,75,10,122,123,83.3,91.7,175
MCC (Micro Commercial Components),15KP78CAL,Active,R,Bidirectional,R-6,15000,78,10,126,119,86.7,95.4,175
MCC (Micro Commercial Components),15KP20CAL,Active,R,Bidirectional,R-6,15000,20,1500,34.3,437,22.2,24.46,175
MCC (Micro Commercial Components),15KP22CAL,Active,R,Bidirectional,R-6,15000,22,500,37.1,404,24.4,26.91,175
MCC (Micro Commercial Components),15KP24CAL,Active,R,Bidirectional,R-6,15000,24,150,40.5,369,26.7,29.35,175
MCC (Micro Commercial Components),15KP26CAL,Active,R,Bidirectional,R-6,15000,26,50,44,347,28.9,31.8,175
MCC (Micro Commercial Components),15KP28CAL,Active,R,Bidirectional,R-6,15000,28,25,47.5,316,31.1,34.24,175
MCC (Micro Commercial Components),15KP30CAL,Active,R,Bidirectional,R-6,15000,30,15,50.7,296,33.3,36.69,175
MCC (Micro Commercial Components),15KP220AL,Active,R,Unidirectional,R-6,15000,220,10,356,42,245,269.1,175
MCC (Micro Commercial Components),15KP240AL,Active,R,Unidirectional,R-6,15000,240,10,388,39,267,293.5,175
MCC (Micro Commercial Components),15KP260AL,Active,R,Unidirectional,R-6,15000,260,10,419,36,289,318,175
MCC (Micro Commercial Components),15KP280AL,Active,R,Unidirectional,R-6,15000,280,10,452,33,311,342.4,175
MCC (Micro Commercial Components),15KP17CAL,Active,R,Bidirectional,R-6,15000,17,5000,29.3,512,18.9,20.79,175
MCC (Micro Commercial Components),15KP18CAL,Active,R,Bidirectional,R-6,15000,18,5000,30.9,485,20,22.01,175
MCC (Micro Commercial Components),SMA6J100AFLQ,Active,A R H,Unidirectional,DO-221AC,600,100,1,162,3.7,111,123,175
MCC (Micro Commercial Components),SMA6J11CAFLQ,Active,A R H,Bidirectional,DO-221AC,600,11,5,18.2,32.97,12.2,13.5,175
MCC (Micro Commercial Components),SMA6J12CAFLQ,Active,A R H,Bidirectional,DO-221AC,600,12,5,19.9,30.15,13.3,14.7,175
MCC (Micro Commercial Components),SMA6J13CAFLQ,Active,A R H,Bidirectional,DO-221AC,600,13,1,21.5,27.91,14.4,15.9,175
MCC (Micro Commercial Components),SMA6J14CAFLQ,Active,A R H,Bidirectional,DO-221AC,600,14,1,23.2,25.86,15.6,17.2,175
MCC (Micro Commercial Components),SMA6J15CAFLQ,Active,A R H,Bidirectional,DO-221AC,600,15,1,24.4,24.59,16.7,18.5,175
MCC (Micro Commercial Components),SMA6J51AFLQ,Active,A R H,Unidirectional,DO-221AC,600,51,1,82.4,7.28,56.7,62.7,175
MCC (Micro Commercial Components),SMA6J33AFLQ,Active,A R H,Unidirectional,DO-221AC,600,33,1,53.3,11.26,36.7,40.6,175
MCC (Micro Commercial Components),SMA6J36AFLQ,Active,A R H,Unidirectional,DO-221AC,600,36,1,58.1,10.33,40,44.2,175
MCC (Micro Commercial Components),SMA6J40AFLQ,Active,A R H,Unidirectional,DO-221AC,600,40,1,64.5,9.3,44.4,49.1,175
MCC (Micro Commercial Components),SMA6J43AFLQ,Active,A R H,Unidirectional,DO-221AC,600,43,1,69.4,8.65,47.8,52.8,175
MCC (Micro Commercial Components),SMA6J45AFLQ,Active,A R H,Unidirectional,DO-221AC,600,45,1,72.7,8.25,50,55.3,175
MCC (Micro Commercial Components),SMA6J48AFLQ,Active,A R H,Unidirectional,DO-221AC,600,48,1,77.4,7.75,53.3,58.9,175
MCC (Micro Commercial Components),SMA6J80CAFLQ,Active,A R H,Bidirectional,DO-221AC,600,80,1,129.6,4.63,88.8,97.6,175
MCC (Micro Commercial Components),SMA6J85CAFLQ,Active,A R H,Bidirectional,DO-221AC,600,85,1,137,4.38,94.4,104,175
MCC (Micro Commercial Components),SMA6J11AFLQ,Active,A R H,Unidirectional,DO-221AC,600,11,5,18.2,32.97,12.2,13.5,175
MCC (Micro Commercial Components),SMA6J26AFLQ,Active,A R H,Unidirectional,DO-221AC,600,26,1,42.1,14.25,28.9,31.9,175
MCC (Micro Commercial Components),SMA6J28AFLQ,Active,A R H,Unidirectional,DO-221AC,600,28,1,45.4,13.22,31.1,34.4,175
MCC (Micro Commercial Components),SMA6J30AFLQ,Active,A R H,Unidirectional,DO-221AC,600,30,1,48.4,12.4,33.3,36.8,175
MCC (Micro Commercial Components),SMA6J58CAFLQ,Active,A R H,Bidirectional,DO-221AC,600,58,1,93.6,6.41,64.4,71.2,175
MCC (Micro Commercial Components),SMA6J60CAFLQ,Active,A R H,Bidirectional,DO-221AC,600,60,1,96.8,6.2,66.7,73.7,175
MCC (Micro Commercial Components),SMA6J64CAFLQ,Active,A R H,Bidirectional,DO-221AC,600,64,1,103,5.83,71.1,78.6,175
MCC (Micro Commercial Components),SMA6J70CAFLQ,Active,A R H,Bidirectional,DO-221AC,600,70,1,113,5.31,77.8,86,175
MCC (Micro Commercial Components),SMA6J75CAFLQ,Active,A R H,Bidirectional,DO-221AC,600,75,1,121,4.96,83.3,92.1,175
MCC (Micro Commercial Components),SMA6J78CAFLQ,Active,A R H,Bidirectional,DO-221AC,600,78,1,126,4.76,86.7,95.8,175
MCC (Micro Commercial Components),SMA6J22AFLQ,Active,A R H,Unidirectional,DO-221AC,600,22,1,35.5,16.9,24.4,26.9,175
MCC (Micro Commercial Components),SMA6J24AFLQ,Active,A R H,Unidirectional,DO-221AC,600,24,1,38.9,15.42,26.7,29.5,175
MCC (Micro Commercial Components),SMA6J45CAFLQ,Active,A R H,Bidirectional,DO-221AC,600,45,1,72.7,8.25,50,55.3,175
MCC (Micro Commercial Components),SMA6J48CAFLQ,Active,A R H,Bidirectional,DO-221AC,600,48,1,77.4,7.75,53.3,58.9,175
MCC (Micro Commercial Components),SMA6J51CAFLQ,Active,A R H,Bidirectional,DO-221AC,600,51,1,82.4,7.28,56.7,62.7,175
MCC (Micro Commercial Components),SMA6J54CAFLQ,Active,A R H,Bidirectional,DO-221AC,600,54,1,87.1,6.89,60,66.3,175
MCC (Micro Commercial Components),SMA6J15AFLQ,Active,A R H,Unidirectional,DO-221AC,600,15,1,24.4,24.59,16.7,18.5,175
MCC (Micro Commercial Components),SMA6J16AFLQ,Active,A R H,Unidirectional,DO-221AC,600,16,1,26,23.08,17.8,19.7,175
MCC (Micro Commercial Components),SMA6J17AFLQ,Active,A R H,Unidirectional,DO-221AC,600,17,1,27.6,21.74,18.9,20.9,175
MCC (Micro Commercial Components),SMA6J18AFLQ,Active,A R H,Unidirectional,DO-221AC,600,18,1,29.2,20.55,20,22.1,175
MCC (Micro Commercial Components),SMA6J19AFLQ,Active,A R H,Unidirectional,DO-221AC,600,19,1,30.8,19.49,21.1,23.3,175
MCC (Micro Commercial Components),SMA6J20AFLQ,Active,A R H,Unidirectional,DO-221AC,600,20,1,32.4,18.52,22.2,24.5,175
MCC (Micro Commercial Components),SMA6J8.5AFLQ,Active,A R H,Unidirectional,DO-221AC,600,8.5,10,14.4,41.67,9.44,10.4,175
MCC (Micro Commercial Components),SMA6J9.0AFLQ,Active,A R H,Unidirectional,DO-221AC,600,9,5,15.4,38.96,10,11.1,175
MCC (Micro Commercial Components),SMA6J10AFLQ,Active,A R H,Unidirectional,DO-221AC,600,10,5,17,35.29,11.1,12.3,175
MCC (Micro Commercial Components),SMA6J12AFLQ,Active,A R H,Unidirectional,DO-221AC,600,12,5,19.9,30.15,13.3,14.7,175
MCC (Micro Commercial Components),SMA6J13AFLQ,Active,A R H,Unidirectional,DO-221AC,600,13,1,21.5,27.91,14.4,15.9,175
MCC (Micro Commercial Components),SMA6J14AFLQ,Active,A R H,Unidirectional,DO-221AC,600,14,1,23.2,25.86,15.6,17.2,175
MCC (Micro Commercial Components),SMA6J5.0AFLQ,Active,A R H,Unidirectional,DO-221AC,600,5,800,9.2,65.22,6.4,7.07,175
MCC (Micro Commercial Components),SMA6J6.0AFLQ,Active,A R H,Unidirectional,DO-221AC,600,6,800,10.3,58.25,6.67,7.37,175
MCC (Micro Commercial Components),SMA6J6.5AFLQ,Active,A R H,Unidirectional,DO-221AC,600,6.5,500,11.2,53.57,7.22,7.98,175
MCC (Micro Commercial Components),SMA6J7.0AFLQ,Active,A R H,Unidirectional,DO-221AC,600,7,200,12,50,7.78,8.6,175
MCC (Micro Commercial Components),SMA6J7.5AFLQ,Active,A R H,Unidirectional,DO-221AC,600,7.5,100,12.9,46.51,8.33,9.21,175
MCC (Micro Commercial Components),SMA6J8.0AFLQ,Active,A R H,Unidirectional,DO-221AC,600,8,50,13.6,44.12,8.89,9.83,175
MCC (Micro Commercial Components),SMA6J70AFLQ,Active,A R H,Unidirectional,DO-221AC,600,70,1,113,5.31,77.8,86,175
MCC (Micro Commercial Components),SMA6J75AFLQ,Active,A R H,Unidirectional,DO-221AC,600,75,1,121,4.96,83.3,92.1,175
MCC (Micro Commercial Components),SMA6J78AFLQ,Active,A R H,Unidirectional,DO-221AC,600,78,1,126,4.76,86.7,95.8,175
MCC (Micro Commercial Components),SMA6J80AFLQ,Active,A R H,Unidirectional,DO-221AC,600,80,1,129.6,4.63,88.8,97.6,175
MCC (Micro Commercial Components),SMA6J85AFLQ,Active,A R H,Unidirectional,DO-221AC,600,85,1,137,4.38,94.4,104,175
MCC (Micro Commercial Components),SMA6J90AFLQ,Active,A R H,Unidirectional,DO-221AC,600,90,1,146,4.11,100,111,175
MCC (Micro Commercial Components),SMA6J40CAFLQ,Active,A R H,Bidirectional,DO-221AC,600,40,1,64.5,9.3,44.4,49.1,175
MCC (Micro Commercial Components),SMA6J43CAFLQ,Active,A R H,Bidirectional,DO-221AC,600,43,1,69.4,8.65,47.8,52.8,175
MCC (Micro Commercial Components),SMA6J54AFLQ,Active,A R H,Unidirectional,DO-221AC,600,54,1,87.1,6.89,60,66.3,175
MCC (Micro Commercial Components),SMA6J58AFLQ,Active,A R H,Unidirectional,DO-221AC,600,58,1,93.6,6.41,64.4,71.2,175
MCC (Micro Commercial Components),SMA6J60AFLQ,Active,A R H,Unidirectional,DO-221AC,600,60,1,96.8,6.2,66.7,73.7,175
MCC (Micro Commercial Components),SMA6J64AFLQ,Active,A R H,Unidirectional,DO-221AC,600,64,1,103,5.83,71.1,78.6,175
MCC (Micro Commercial Components),SMA6J24CAFLQ,Active,A R H,Bidirectional,DO-221AC,600,24,1,38.9,15.42,26.7,29.5,175
MCC (Micro Commercial Components),SMA6J26CAFLQ,Active,A R H,Bidirectional,DO-221AC,600,26,1,42.1,14.25,28.9,31.9,175
MCC (Micro Commercial Components),SMA6J28CAFLQ,Active,A R H,Bidirectional,DO-221AC,600,28,1,45.4,13.22,31.1,34.4,175
MCC (Micro Commercial Components),SMA6J30CAFLQ,Active,A R H,Bidirectional,DO-221AC,600,30,1,48.4,12.4,33.3,36.8,175
MCC (Micro Commercial Components),SMA6J33CAFLQ,Active,A R H,Bidirectional,DO-221AC,600,33,1,53.3,11.26,36.7,40.6,175
MCC (Micro Commercial Components),SMA6J36CAFLQ,Active,A R H,Bidirectional,DO-221AC,600,36,1,58.1,10.33,40,44.2,175
MCC (Micro Commercial Components),SMA6J16CAFLQ,Active,A R H,Bidirectional,DO-221AC,600,16,1,26,23.08,17.8,19.7,175
MCC (Micro Commercial Components),SMA6J17CAFLQ,Active,A R H,Bidirectional,DO-221AC,600,17,1,27.6,21.74,18.9,20.9,175
MCC (Micro Commercial Components),SMA6J18CAFLQ,Active,A R H,Bidirectional,DO-221AC,600,18,1,29.2,20.55,20,22.1,175
MCC (Micro Commercial Components),SMA6J19CAFLQ,Active,A R H,Bidirectional,DO-221AC,600,19,1,30.8,19.49,21.1,23.3,175
MCC (Micro Commercial Components),SMA6J20CAFLQ,Active,A R H,Bidirectional,DO-221AC,600,20,1,32.4,18.52,22.2,24.5,175
MCC (Micro Commercial Components),SMA6J22CAFLQ,Active,A R H,Bidirectional,DO-221AC,600,22,1,35.5,16.9,24.4,26.9,175
MCC (Micro Commercial Components),SM5S24CAHE3,Active,A R,Bidirectional,DO-218AB,3600,24,10,38.9,93,26.7,29.5,175
MCC (Micro Commercial Components),SM5S26CAHE3,Active,A R,Bidirectional,DO-218AB,3600,26,10,42.1,86,28.9,31.9,175
MCC (Micro Commercial Components),SM5S28CAHE3,Active,A R,Bidirectional,DO-218AB,3600,28,10,45.4,79,31.1,34.4,175
MCC (Micro Commercial Components),SM5S30CAHE3,Active,A R,Bidirectional,DO-218AB,3600,30,10,48.4,74,33.3,36.8,175
MCC (Micro Commercial Components),SM5S33CAHE3,Active,A R,Bidirectional,DO-218AB,3600,33,10,53.3,68,36.7,40.6,175
MCC (Micro Commercial Components),SM5S36CAHE3,Active,A R,Bidirectional,DO-218AB,3600,36,10,58.1,62,40,44.2,175
MCC (Micro Commercial Components),SM5S43AHE3,Active,A R,Unidirectional,DO-218AB,3600,43,10,69.4,52,47.8,52.8,175
MCC (Micro Commercial Components),SM5S10CAHE3,Active,A R,Bidirectional,DO-218AB,3600,10,15,17,212,11.1,12.3,175
MCC (Micro Commercial Components),SM5S26AHE3,Active,A R,Unidirectional,DO-218AB,3600,26,10,42.1,86,28.9,31.9,175
MCC (Micro Commercial Components),SM5S28AHE3,Active,A R,Unidirectional,DO-218AB,3600,28,10,45.4,79,31.1,34.4,175
MCC (Micro Commercial Components),SM5S30AHE3,Active,A R,Unidirectional,DO-218AB,3600,30,10,48.4,74,33.3,36.8,175
MCC (Micro Commercial Components),SM5S33AHE3,Active,A R,Unidirectional,DO-218AB,3600,33,10,53.3,68,36.7,40.6,175
MCC (Micro Commercial Components),SM5S36AHE3,Active,A R,Unidirectional,DO-218AB,3600,36,10,58.1,62,40,44.2,175
MCC (Micro Commercial Components),SM5S40AHE3,Active,A R,Unidirectional,DO-218AB,3600,40,10,64.5,56,44.4,49.1,175
MCC (Micro Commercial Components),SM5S16AHE3,Active,A R,Unidirectional,DO-218AB,3600,16,10,26,138,17.8,19.7,175
MCC (Micro Commercial Components),SM5S17AHE3,Active,A R,Unidirectional,DO-218AB,3600,17,10,27.6,130,18.9,20.9,175
MCC (Micro Commercial Components),SM5S18AHE3,Active,A R,Unidirectional,DO-218AB,3600,18,10,29.2,123,20,22.1,175
MCC (Micro Commercial Components),SM5S20AHE3,Active,A R,Unidirectional,DO-218AB,3600,20,10,32.4,111,22.2,24.5,175
MCC (Micro Commercial Components),SM5S22AHE3,Active,A R,Unidirectional,DO-218AB,3600,22,10,35.5,101,24.4,26.9,175
MCC (Micro Commercial Components),SM5S24AHE3,Active,A R,Unidirectional,DO-218AB,3600,24,10,38.9,93,26.7,29.5,175
MCC (Micro Commercial Components),SM5S10AHE3,Active,A R,Unidirectional,DO-218AB,3600,10,15,17,212,11.1,12.3,175
MCC (Micro Commercial Components),SM5S11AHE3,Active,A R,Unidirectional,DO-218AB,3600,11,10,18.2,198,12.2,13.5,175
MCC (Micro Commercial Components),SM5S12AHE3,Active,A R,Unidirectional,DO-218AB,3600,12,10,19.9,181,13.3,14.7,175
MCC (Micro Commercial Components),SM5S13AHE3,Active,A R,Unidirectional,DO-218AB,3600,13,10,21.5,167,14.4,15.9,175
MCC (Micro Commercial Components),SM5S14AHE3,Active,A R,Unidirectional,DO-218AB,3600,14,10,23.2,155,15.6,17.2,175
MCC (Micro Commercial Components),SM5S15AHE3,Active,A R,Unidirectional,DO-218AB,3600,15,10,24.4,148,16.7,18.5,175
MCC (Micro Commercial Components),SM5S15CAHE3,Active,A R,Bidirectional,DO-218AB,3600,15,10,24.4,148,16.7,18.5,175
MCC (Micro Commercial Components),SM5S16CAHE3,Active,A R,Bidirectional,DO-218AB,3600,16,10,26,138,17.8,19.7,175
MCC (Micro Commercial Components),SM5S17CAHE3,Active,A R,Bidirectional,DO-218AB,3600,17,10,27.6,130,18.9,20.9,175
MCC (Micro Commercial Components),SM5S18CAHE3,Active,A R,Bidirectional,DO-218AB,3600,18,10,29.2,123,20,22.1,175
MCC (Micro Commercial Components),SM5S20CAHE3,Active,A R,Bidirectional,DO-218AB,3600,20,10,32.4,111,22.2,24.5,175
MCC (Micro Commercial Components),SM5S22CAHE3,Active,A R,Bidirectional,DO-218AB,3600,22,10,35.5,101,24.4,26.9,175
MCC (Micro Commercial Components),SM5S40CAHE3,Active,A R,Bidirectional,DO-218AB,3600,40,10,64.5,56,44.4,49.1,175
MCC (Micro Commercial Components),SM5S43CAHE3,Active,A R,Bidirectional,DO-218AB,3600,43,10,69.4,52,47.8,52.8,175
MCC (Micro Commercial Components),SM5S11CAHE3,Active,A R,Bidirectional,DO-218AB,3600,11,10,18.2,198,12.2,13.5,175
MCC (Micro Commercial Components),SM5S12CAHE3,Active,A R,Bidirectional,DO-218AB,3600,12,10,19.9,181,13.3,14.7,175
MCC (Micro Commercial Components),SM5S13CAHE3,Active,A R,Bidirectional,DO-218AB,3600,13,10,21.5,167,14.4,15.9,175
MCC (Micro Commercial Components),SM5S14CAHE3,Active,A R,Bidirectional,DO-218AB,3600,14,10,23.2,155,15.6,17.2,175
MCC (Micro Commercial Components),SMHE5.0A,Active,R H,Unidirectional,SOD-323HE-B,150,5,400,9.2,16.3,6.4,7.07,150
MCC (Micro Commercial Components),SMHE6.0A,Active,R H,Unidirectional,SOD-323HE-B,150,6,400,10.3,14.6,6.67,7.37,150
MCC (Micro Commercial Components),SMHE6.5A,Active,R H,Unidirectional,SOD-323HE-B,150,6.5,250,11.2,13.4,7.22,7.98,150
MCC (Micro Commercial Components),SMHE7.0A,Active,R H,Unidirectional,SOD-323HE-B,150,7,100,12,12.5,7.78,8.6,150
MCC (Micro Commercial Components),SMHE7.5A,Active,R H,Unidirectional,SOD-323HE-B,150,7.5,50,12.9,11.6,8.33,9.21,150
MCC (Micro Commercial Components),SMHE8.0A,Active,R H,Unidirectional,SOD-323HE-B,150,8,25,13.6,11,8.89,9.83,150
MCC (Micro Commercial Components),SMHE75A,Active,R H,Unidirectional,SOD-323HE-B,150,75,1,121,1.2,83.3,92.1,150
MCC (Micro Commercial Components),SMHE78A,Active,R H,Unidirectional,SOD-323HE-B,150,78,1,126,1.2,86.7,95.8,150
MCC (Micro Commercial Components),SMHE80A,Active,R H,Unidirectional,SOD-323HE-B,150,80,1,129,1.2,88.8,97.6,150
MCC (Micro Commercial Components),SMHE85A,Active,R H,Unidirectional,SOD-323HE-B,150,85,1,137,1.1,94.4,104,150
MCC (Micro Commercial Components),SMHE90A,Active,R H,Unidirectional,SOD-323HE-B,150,90,1,146,1,100,111,150
MCC (Micro Commercial Components),SMHE51A,Active,R H,Unidirectional,SOD-323HE-B,150,51,1,82.4,1.8,56.7,62.7,150
MCC (Micro Commercial Components),SMHE54A,Active,R H,Unidirectional,SOD-323HE-B,150,54,1,87.1,1.7,60,66.3,150
MCC (Micro Commercial Components),SMHE58A,Active,R H,Unidirectional,SOD-323HE-B,150,58,1,93.6,1.6,64.4,71.2,150
MCC (Micro Commercial Components),SMHE60A,Active,R H,Unidirectional,SOD-323HE-B,150,60,1,96.8,1.5,66.7,73.7,150
MCC (Micro Commercial Components),SMHE64A,Active,R H,Unidirectional,SOD-323HE-B,150,64,1,103,1.5,71.1,78.6,150
MCC (Micro Commercial Components),SMHE70A,Active,R H,Unidirectional,SOD-323HE-B,150,70,1,113,1.3,77.8,86,150
MCC (Micro Commercial Components),SMHE33A,Active,R H,Unidirectional,SOD-323HE-B,150,33,1,53.3,2.8,36.7,40.6,150
MCC (Micro Commercial Components),SMHE36A,Active,R H,Unidirectional,SOD-323HE-B,150,36,1,58.1,2.6,40,44.2,150
MCC (Micro Commercial Components),SMHE40A,Active,R H,Unidirectional,SOD-323HE-B,150,40,1,64.5,2.3,44.4,49.1,150
MCC (Micro Commercial Components),SMHE43A,Active,R H,Unidirectional,SOD-323HE-B,150,43,1,69.4,2.2,47.8,52.8,150
MCC (Micro Commercial Components),SMHE45A,Active,R H,Unidirectional,SOD-323HE-B,150,45,1,72.7,2.1,50,55.3,150
MCC (Micro Commercial Components),SMHE48A,Active,R H,Unidirectional,SOD-323HE-B,150,48,1,77.4,1.9,53.3,58.9,150
MCC (Micro Commercial Components),SMHE20A,Active,R H,Unidirectional,SOD-323HE-B,150,20,1,32.4,4.6,22.2,24.5,150
MCC (Micro Commercial Components),SMHE22A,Active,R H,Unidirectional,SOD-323HE-B,150,22,1,35.5,4.2,24.4,26.9,150
MCC (Micro Commercial Components),SMHE24A,Active,R H,Unidirectional,SOD-323HE-B,150,24,1,38.9,3.9,26.7,29.5,150
MCC (Micro Commercial Components),SMHE26A,Active,R H,Unidirectional,SOD-323HE-B,150,26,1,42.1,3.6,28.9,31.9,150
MCC (Micro Commercial Components),SMHE28A,Active,R H,Unidirectional,SOD-323HE-B,150,28,1,45.4,3.3,31.1,34.4,150
MCC (Micro Commercial Components),SMHE30A,Active,R H,Unidirectional,SOD-323HE-B,150,30,1,48.4,3.1,33.3,36.8,150
MCC (Micro Commercial Components),SMHE14A,Active,R H,Unidirectional,SOD-323HE-B,150,14,1,23.2,6.5,15.6,17.2,150
MCC (Micro Commercial Components),SMHE15A,Active,R H,Unidirectional,SOD-323HE-B,150,15,1,24.4,6.2,16.7,18.5,150
MCC (Micro Commercial Components),SMHE16A,Active,R H,Unidirectional,SOD-323HE-B,150,16,1,26,5.8,17.8,19.7,150
MCC (Micro Commercial Components),SMHE17A,Active,R H,Unidirectional,SOD-323HE-B,150,17,1,27.6,5.4,18.9,20.9,150
MCC (Micro Commercial Components),SMHE18A,Active,R H,Unidirectional,SOD-323HE-B,150,18,1,29.2,5.1,20,22.1,150
MCC (Micro Commercial Components),SMHE19A,Active,R H,Unidirectional,SOD-323HE-B,150,19,1,30.6,4.6,21.1,23.3,150
MCC (Micro Commercial Components),SMHE8.5A,Active,R H,Unidirectional,SOD-323HE-B,150,8.5,10,14.4,10.4,9.44,10.4,150
MCC (Micro Commercial Components),SMHE9.0A,Active,R H,Unidirectional,SOD-323HE-B,150,9,5,15.4,9.7,10,11.1,150
MCC (Micro Commercial Components),SMHE10A,Active,R H,Unidirectional,SOD-323HE-B,150,10,2.5,17,8.8,11.1,12.3,150
MCC (Micro Commercial Components),SMHE11A,Active,R H,Unidirectional,SOD-323HE-B,150,11,2.5,18.2,8.2,12.2,13.5,150
MCC (Micro Commercial Components),SMHE12A,Active,R H,Unidirectional,SOD-323HE-B,150,12,2.5,19.9,7.5,13.3,14.7,150
MCC (Micro Commercial Components),SMHE13A,Active,R H,Unidirectional,SOD-323HE-B,150,13,1,21.5,7,14.4,15.9,150
MCC (Micro Commercial Components),SM6S10AHE3,Active,A R,Unidirectional,DO-218AB,4600,10,15,17,271,11.1,12.3,175
MCC (Micro Commercial Components),SM6S11AHE3,Active,A R,Unidirectional,DO-218AB,4600,11,10,18.2,253,12.2,13.5,175
MCC (Micro Commercial Components),SM6S12AHE3,Active,A R,Unidirectional,DO-218AB,4600,12,10,19.9,231,13.3,14.7,175
MCC (Micro Commercial Components),SM6S13AHE3,Active,A R,Unidirectional,DO-218AB,4600,13,10,21.5,214,14.4,15.9,175
MCC (Micro Commercial Components),SM6S14AHE3,Active,A R,Unidirectional,DO-218AB,4600,14,10,23.2,198,15.6,17.2,175
MCC (Micro Commercial Components),SM6S15AHE3,Active,A R,Unidirectional,DO-218AB,4600,15,10,24.4,189,16.7,18.5,175
MCC (Micro Commercial Components),SM6S40CAHE3,Active,A R,Bidirectional,DO-218AB,4600,40,10,64.5,71,44.4,49.1,175
MCC (Micro Commercial Components),SM6S43CAHE3,Active,A R,Bidirectional,DO-218AB,4600,43,10,69.4,66,47.8,52.8,175
MCC (Micro Commercial Components),SM6S24CAHE3,Active,A R,Bidirectional,DO-218AB,4600,24,10,38.9,118,26.7,29.5,175
MCC (Micro Commercial Components),SM6S26CAHE3,Active,A R,Bidirectional,DO-218AB,4600,26,10,42.1,109,28.9,31.9,175
MCC (Micro Commercial Components),SM6S28CAHE3,Active,A R,Bidirectional,DO-218AB,4600,28,10,45.4,101,31.1,34.4,175
MCC (Micro Commercial Components),SM6S30CAHE3,Active,A R,Bidirectional,DO-218AB,4600,30,10,48.4,95,33.3,36.8,175
MCC (Micro Commercial Components),SM6S33CAHE3,Active,A R,Bidirectional,DO-218AB,4600,33,10,53.3,86,36.7,40.6,175
MCC (Micro Commercial Components),SM6S36CAHE3,Active,A R,Bidirectional,DO-218AB,4600,36,10,58.1,79,40,44.2,175
MCC (Micro Commercial Components),SM6S15CAHE3,Active,A R,Bidirectional,DO-218AB,4600,15,10,24.4,189,16.7,18.5,175
MCC (Micro Commercial Components),SM6S16CAHE3,Active,A R,Bidirectional,DO-218AB,4600,16,10,26,177,17.8,19.7,175
MCC (Micro Commercial Components),SM6S17CAHE3,Active,A R,Bidirectional,DO-218AB,4600,17,10,27.6,167,18.9,20.9,175
MCC (Micro Commercial Components),SM6S18CAHE3,Active,A R,Bidirectional,DO-218AB,4600,18,10,29.2,158,20,22.1,175
MCC (Micro Commercial Components),SM6S20CAHE3,Active,A R,Bidirectional,DO-218AB,4600,20,10,32.4,142,22.2,24.5,175
MCC (Micro Commercial Components),SM6S22CAHE3,Active,A R,Bidirectional,DO-218AB,4600,22,10,35.5,130,24.4,26.9,175
MCC (Micro Commercial Components),SM6S43AHE3,Active,A R,Unidirectional,DO-218AB,4600,43,10,69.4,66,47.8,52.8,175
MCC (Micro Commercial Components),SM6S10CAHE3,Active,A R,Bidirectional,DO-218AB,4600,10,15,17,271,11.1,12.3,175
MCC (Micro Commercial Components),SM6S11CAHE3,Active,A R,Bidirectional,DO-218AB,4600,11,10,18.2,253,12.2,13.5,175
MCC (Micro Commercial Components),SM6S12CAHE3,Active,A R,Bidirectional,DO-218AB,4600,12,10,19.9,231,13.3,14.7,175
MCC (Micro Commercial Components),SM6S13CAHE3,Active,A R,Bidirectional,DO-218AB,4600,13,10,21.5,214,14.4,15.9,175
MCC (Micro Commercial Components),SM6S14CAHE3,Active,A R,Bidirectional,DO-218AB,4600,14,10,23.2,198,15.6,17.2,175
MCC (Micro Commercial Components),SM6S26AHE3,Active,A R,Unidirectional,DO-218AB,4600,26,10,42.1,109,28.9,31.9,175
MCC (Micro Commercial Components),SM6S28AHE3,Active,A R,Unidirectional,DO-218AB,4600,28,10,45.4,101,31.1,34.4,175
MCC (Micro Commercial Components),SM6S30AHE3,Active,A R,Unidirectional,DO-218AB,4600,30,10,48.4,95,33.3,36.8,175
MCC (Micro Commercial Components),SM6S33AHE3,Active,A R,Unidirectional,DO-218AB,4600,33,10,53.3,86,36.7,40.6,175
MCC (Micro Commercial Components),SM6S36AHE3,Active,A R,Unidirectional,DO-218AB,4600,36,10,58.1,79,40,44.2,175
MCC (Micro Commercial Components),SM6S40AHE3,Active,A R,Unidirectional,DO-218AB,4600,40,10,64.5,71,44.4,49.1,175
MCC (Micro Commercial Components),SM6S16AHE3,Active,A R,Unidirectional,DO-218AB,4600,16,10,26,177,17.8,19.7,175
MCC (Micro Commercial Components),SM6S17AHE3,Active,A R,Unidirectional,DO-218AB,4600,17,10,27.6,167,18.9,20.9,175
MCC (Micro Commercial Components),SM6S18AHE3,Active,A R,Unidirectional,DO-218AB,4600,18,10,29.2,158,20,22.1,175
MCC (Micro Commercial Components),SM6S20AHE3,Active,A R,Unidirectional,DO-218AB,4600,20,10,32.4,142,22.2,24.5,175
MCC (Micro Commercial Components),SM6S22AHE3,Active,A R,Unidirectional,DO-218AB,4600,22,10,35.5,130,24.4,26.9,175
MCC (Micro Commercial Components),SM6S24AHE3,Active,A R,Unidirectional,DO-218AB,4600,24,10,38.9,118,26.7,29.5,175
MCC (Micro Commercial Components),SMB20JS58CA,Active,R H,Bidirectional,SMB,2000,58,5,93.6,21.37,64.4,71.2,150
MCC (Micro Commercial Components),SMF180A,Active,R H,Unidirectional,SOD-123FL,200,180,1,292,0.6,200,220,175
MCC (Micro Commercial Components),SMF190A,Active,R H,Unidirectional,SOD-123FL,200,190,1,308,0.6,211,232,175
MCC (Micro Commercial Components),SMF200A,Active,R H,Unidirectional,SOD-123FL,200,200,1,324,0.6,224,247,175
MCC (Micro Commercial Components),SMF180CA,Active,R H,Bidirectional,SOD-123FL,200,180,1,292,0.6,200,220,175
MCC (Micro Commercial Components),SMF190CA,Active,R H,Bidirectional,SOD-123FL,200,190,1,308,0.6,211,232,175
MCC (Micro Commercial Components),SMF200CA,Active,R H,Bidirectional,SOD-123FL,200,200,1,324,0.6,224,247,175
MCC (Micro Commercial Components),5.0SMLJ33CAL,Active,R,Bidirectional,SMC,5000,33,2,53.3,93.9,36.7,40.6,175
MCC (Micro Commercial Components),5.0SMLJ36CAL,Active,R,Bidirectional,SMC,5000,36,2,58.1,86.1,40,44.2,175
MCC (Micro Commercial Components),5.0SMLJ40CAL,Active,R,Bidirectional,SMC,5000,40,2,64.5,77.6,44.4,49.1,175
MCC (Micro Commercial Components),5.0SMLJ43CAL,Active,R,Bidirectional,SMC,5000,43,2,69.4,72.1,47.8,52.8,175
MCC (Micro Commercial Components),5.0SMLJ45CAL,Active,R,Bidirectional,SMC,5000,45,2,72.7,68.8,50,55.3,175
MCC (Micro Commercial Components),5.0SMLJ48CAL,Active,R,Bidirectional,SMC,5000,48,2,77.4,64.7,53.3,58.9,175
MCC (Micro Commercial Components),5.0SMLJ14CAL,Active,R,Bidirectional,SMC,5000,14,2,23.2,216,15.6,17.2,175
MCC (Micro Commercial Components),5.0SMLJ15CAL,Active,R,Bidirectional,SMC,5000,15,2,24.4,205,16.7,18.5,175
MCC (Micro Commercial Components),5.0SMLJ11CAL,Active,R,Bidirectional,SMC,5000,11,2,18.2,275,12.2,13.5,175
MCC (Micro Commercial Components),5.0SMLJ12CAL,Active,R,Bidirectional,SMC,5000,12,2,19.9,252,13.3,14.7,175
MCC (Micro Commercial Components),5.0SMLJ13CAL,Active,R,Bidirectional,SMC,5000,13,2,21.5,233,14.4,15.9,175
MCC (Micro Commercial Components),5.0SMLJ24CAL,Active,R,Bidirectional,SMC,5000,24,2,38.9,129,26.7,29.5,175
MCC (Micro Commercial Components),5.0SMLJ26CAL,Active,R,Bidirectional,SMC,5000,26,2,42.1,119,28.9,31.9,175
MCC (Micro Commercial Components),5.0SMLJ28CAL,Active,R,Bidirectional,SMC,5000,28,2,45.4,110,31.1,34.4,175
MCC (Micro Commercial Components),5.0SMLJ30CAL,Active,R,Bidirectional,SMC,5000,30,2,48.4,103,33.3,36.8,175
MCC (Micro Commercial Components),5.0SMLJ16CAL,Active,R,Bidirectional,SMC,5000,16,2,26,193,17.8,19.7,175
MCC (Micro Commercial Components),5.0SMLJ17CAL,Active,R,Bidirectional,SMC,5000,17,2,27.6,181,18.9,20.9,175
MCC (Micro Commercial Components),5.0SMLJ18CAL,Active,R,Bidirectional,SMC,5000,18,2,29.2,172,20,22.1,175
MCC (Micro Commercial Components),5.0SMLJ19CAL,Active,R,Bidirectional,SMC,5000,19,2,30.8,162.4,21.1,23.3,175
MCC (Micro Commercial Components),5.0SMLJ20CAL,Active,R,Bidirectional,SMC,5000,20,2,32.4,155,22.2,24.5,175
MCC (Micro Commercial Components),5.0SMLJ22CAL,Active,R,Bidirectional,SMC,5000,22,2,35.5,141,24.4,26.9,175
MCC (Micro Commercial Components),5.0SMLJ80AL,Active,R,Unidirectional,SMC,5000,80,2,129.6,38.6,88.9,97.6,175
MCC (Micro Commercial Components),5.0SMLJ85AL,Active,R,Unidirectional,SMC,5000,85,2,137,36.5,94.4,104,175
MCC (Micro Commercial Components),5.0SMLJ58AL,Active,R,Unidirectional,SMC,5000,58,2,93.6,53.5,64.4,71.2,175
MCC (Micro Commercial Components),5.0SMLJ60AL,Active,R,Unidirectional,SMC,5000,60,2,96.8,51.7,66.7,73.7,175
MCC (Micro Commercial Components),5.0SMLJ64AL,Active,R,Unidirectional,SMC,5000,64,2,103,48.5,71.1,78.6,175
MCC (Micro Commercial Components),5.0SMLJ70AL,Active,R,Unidirectional,SMC,5000,70,2,113,44.2,77.8,86,175
MCC (Micro Commercial Components),5.0SMLJ75AL,Active,R,Unidirectional,SMC,5000,75,2,121,41.3,83.3,92.1,175
MCC (Micro Commercial Components),5.0SMLJ78AL,Active,R,Unidirectional,SMC,5000,78,2,126,39.7,86.7,95.8,175
MCC (Micro Commercial Components),5.0SMLJ40AL,Active,R,Unidirectional,SMC,5000,40,2,64.5,77.6,44.4,49.1,175
MCC (Micro Commercial Components),5.0SMLJ43AL,Active,R,Unidirectional,SMC,5000,43,2,69.4,72.1,47.8,52.8,175
MCC (Micro Commercial Components),5.0SMLJ45AL,Active,R,Unidirectional,SMC,5000,45,2,72.7,68.8,50,55.3,175
MCC (Micro Commercial Components),5.0SMLJ48AL,Active,R,Unidirectional,SMC,5000,48,2,77.4,64.7,53.3,58.9,175
MCC (Micro Commercial Components),5.0SMLJ51AL,Active,R,Unidirectional,SMC,5000,51,2,82.4,60.7,56.7,62.7,175
MCC (Micro Commercial Components),5.0SMLJ54AL,Active,R,Unidirectional,SMC,5000,54,2,87.1,57.5,60,66.3,175
MCC (Micro Commercial Components),5.0SMLJ24AL,Active,R,Unidirectional,SMC,5000,24,2,38.9,129,26.7,29.5,175
MCC (Micro Commercial Components),5.0SMLJ26AL,Active,R,Unidirectional,SMC,5000,26,2,42.1,119,28.9,31.9,175
MCC (Micro Commercial Components),5.0SMLJ28AL,Active,R,Unidirectional,SMC,5000,28,2,45.4,110,31.1,34.4,175
MCC (Micro Commercial Components),5.0SMLJ30AL,Active,R,Unidirectional,SMC,5000,30,2,48.4,103,33.3,36.8,175
MCC (Micro Commercial Components),5.0SMLJ33AL,Active,R,Unidirectional,SMC,5000,33,2,53.3,93.9,36.7,40.6,175
MCC (Micro Commercial Components),5.0SMLJ36AL,Active,R,Unidirectional,SMC,5000,36,2,58.1,86.1,40,44.2,175
MCC (Micro Commercial Components),5.0SMLJ16AL,Active,R,Unidirectional,SMC,5000,16,2,26,193,17.8,19.7,175
MCC (Micro Commercial Components),5.0SMLJ17AL,Active,R,Unidirectional,SMC,5000,17,2,27.6,181,18.9,20.9,175
MCC (Micro Commercial Components),5.0SMLJ18AL,Active,R,Unidirectional,SMC,5000,18,2,29.2,172,20,22.1,175
MCC (Micro Commercial Components),5.0SMLJ19AL,Active,R,Unidirectional,SMC,5000,19,2,30.8,162.4,21.1,23.3,175
MCC (Micro Commercial Components),5.0SMLJ20AL,Active,R,Unidirectional,SMC,5000,20,2,32.4,155,22.2,24.5,175
MCC (Micro Commercial Components),5.0SMLJ22AL,Active,R,Unidirectional,SMC,5000,22,2,35.5,141,24.4,26.9,175
MCC (Micro Commercial Components),5.0SMLJ11AL,Active,R,Unidirectional,SMC,5000,11,2,18.2,275,12.2,13.5,175
MCC (Micro Commercial Components),5.0SMLJ12AL,Active,R,Unidirectional,SMC,5000,12,2,19.9,252,13.3,14.7,175
MCC (Micro Commercial Components),5.0SMLJ13AL,Active,R,Unidirectional,SMC,5000,13,2,21.5,233,14.4,15.9,175
MCC (Micro Commercial Components),5.0SMLJ14AL,Active,R,Unidirectional,SMC,5000,14,2,23.2,216,15.6,17.2,175
MCC (Micro Commercial Components),5.0SMLJ15AL,Active,R,Unidirectional,SMC,5000,15,2,24.4,205,16.7,18.5,175
MCC (Micro Commercial Components),5.0SMLJ75CAL,Active,R,Bidirectional,SMC,5000,75,2,121,41.3,83.3,92.1,175
MCC (Micro Commercial Components),5.0SMLJ78CAL,Active,R,Bidirectional,SMC,5000,78,2,126,39.7,86.7,95.8,175
MCC (Micro Commercial Components),5.0SMLJ80CAL,Active,R,Bidirectional,SMC,5000,80,2,129.6,38.6,88.9,97.6,175
MCC (Micro Commercial Components),5.0SMLJ85CAL,Active,R,Bidirectional,SMC,5000,85,2,137,36.5,94.4,104,175
MCC (Micro Commercial Components),5.0SMLJ51CAL,Active,R,Bidirectional,SMC,5000,51,2,82.4,60.7,56.7,62.7,175
MCC (Micro Commercial Components),5.0SMLJ54CAL,Active,R,Bidirectional,SMC,5000,54,2,87.1,57.5,60,66.3,175
MCC (Micro Commercial Components),5.0SMLJ58CAL,Active,R,Bidirectional,SMC,5000,58,2,93.6,53.5,64.4,71.2,175
MCC (Micro Commercial Components),5.0SMLJ60CAL,Active,R,Bidirectional,SMC,5000,60,2,96.8,51.7,66.7,73.7,175
MCC (Micro Commercial Components),5.0SMLJ64CAL,Active,R,Bidirectional,SMC,5000,64,2,103,48.5,71.1,78.6,175
MCC (Micro Commercial Components),5.0SMLJ70CAL,Active,R,Bidirectional,SMC,5000,70,2,113,44.2,77.8,86,175
MCC (Micro Commercial Components),SMLJ60AQ,Active,A R H,Unidirectional,SMC,3000,60,1,96.8,31,66.7,73.7,175
MCC (Micro Commercial Components),SMLJ64AQ,Active,A R H,Unidirectional,SMC,3000,64,1,103,29.13,71.1,78.6,175
MCC (Micro Commercial Components),SMLJ70AQ,Active,A R H,Unidirectional,SMC,3000,70,1,113,26.55,77.8,86,175
MCC (Micro Commercial Components),SMLJ75AQ,Active,A R H,Unidirectional,SMC,3000,75,1,121,24.8,83.3,92.1,175
MCC (Micro Commercial Components),SMLJ78AQ,Active,A R H,Unidirectional,SMC,3000,78,1,126,23.81,86.7,95.8,175
MCC (Micro Commercial Components),SMLJ80AQ,Active,A R H,Unidirectional,SMC,3000,80,1,129.6,23.15,88.8,97.6,175
MCC (Micro Commercial Components),SMLJ54AQ,Active,A R H,Unidirectional,SMC,3000,54,1,87.1,34.4,60,66.3,175
MCC (Micro Commercial Components),SMLJ58AQ,Active,A R H,Unidirectional,SMC,3000,58,1,93.6,32,64.4,71.2,175
MCC (Micro Commercial Components),SMLJ70CAQ,Active,A R H,Bidirectional,SMC,3000,70,1,113,26.55,77.8,86,175
MCC (Micro Commercial Components),SMLJ75CAQ,Active,A R H,Bidirectional,SMC,3000,75,1,121,24.8,83.3,92.1,175
MCC (Micro Commercial Components),SMLJ78CAQ,Active,A R H,Bidirectional,SMC,3000,78,1,126,23.81,86.7,95.8,175
MCC (Micro Commercial Components),SMLJ80CAQ,Active,A R H,Bidirectional,SMC,3000,80,1,129.6,23.15,88.8,97.6,175
MCC (Micro Commercial Components),SMLJ85CAQ,Active,A R H,Bidirectional,SMC,3000,85,1,137,21.9,94.4,104,175
MCC (Micro Commercial Components),SMLJ51AQ,Active,A R H,Unidirectional,SMC,3000,51,1,82.4,36.4,56.7,62.7,175
MCC (Micro Commercial Components),SMLJ85AQ,Active,A R H,Unidirectional,SMC,3000,85,1,137,21.9,94.4,104,175
MCC (Micro Commercial Components),SMLJ51CAQ,Active,A R H,Bidirectional,SMC,3000,51,1,82.4,36.4,56.7,62.7,175
MCC (Micro Commercial Components),SMLJ54CAQ,Active,A R H,Bidirectional,SMC,3000,54,1,87.1,34.4,60,66.3,175
MCC (Micro Commercial Components),SMLJ58CAQ,Active,A R H,Bidirectional,SMC,3000,58,1,93.6,32,64.4,71.2,175
MCC (Micro Commercial Components),SMLJ60CAQ,Active,A R H,Bidirectional,SMC,3000,60,1,96.8,31,66.7,73.7,175
MCC (Micro Commercial Components),SMLJ64CAQ,Active,A R H,Bidirectional,SMC,3000,64,1,103,29.13,71.1,78.6,175
MCC (Micro Commercial Components),3.0SMBJS58CA,Active,R H,Bidirectional,SMB,3000,58,5,93.6,32.1,64.4,71.2,150
MCC (Micro Commercial Components),SMB10J7.5CAHE3,Active,A R H,Bidirectional,SMB,1000,7.5,100,12.9,77.52,8.33,9.21,175
MCC (Micro Commercial Components),SMB10J8.5CAHE3,Active,A R H,Bidirectional,SMB,1000,8.5,20,14.4,69.44,9.44,10.4,175
MCC (Micro Commercial Components),SMB10J10CAHE3,Active,A R H,Bidirectional,SMB,1000,10,5,17,58.82,11.1,12.3,175
MCC (Micro Commercial Components),SMB10J12CAHE3,Active,A R H,Bidirectional,SMB,1000,12,5,19.9,50.25,13.3,14.7,175
MCC (Micro Commercial Components),SMB10J14CAHE3,Active,A R H,Bidirectional,SMB,1000,14,1,23.2,43.1,15.6,17.2,175
MCC (Micro Commercial Components),SMB10J16CAHE3,Active,A R H,Bidirectional,SMB,1000,16,1,26,38.46,17.8,19.7,175
MCC (Micro Commercial Components),SMB10J6.0CAHE3,Active,A R H,Bidirectional,SMB,1000,6,1000,10.3,97.09,6.67,7.37,175
MCC (Micro Commercial Components),SMB10J48AHE3,Active,A R H,Bidirectional,SMB,1000,48,1,77.4,12.92,53.3,58.9,175
MCC (Micro Commercial Components),SMB10J15CAHE3,Active,A R H,Bidirectional,SMB,1000,15,1,24.4,40.98,16.7,18.5,175
MCC (Micro Commercial Components),SMB10J70AHE3,Active,A R H,Bidirectional,SMB,1000,70,1,113,8.85,77.8,86,175
MCC (Micro Commercial Components),SMB10J58CAHE3,Active,A R H,Bidirectional,SMB,1000,58,1,93.6,10.68,64.4,71.2,175
MCC (Micro Commercial Components),SMB10J78AHE3,Active,A R H,Bidirectional,SMB,1000,78,1,126,7.94,86.7,95.8,175
MCC (Micro Commercial Components),SMB10J85AHE3,Active,A R H,Bidirectional,SMB,1000,85,1,137,7.3,94.4,104,175
MCC (Micro Commercial Components),SMB10J17CAHE3,Active,A R H,Bidirectional,SMB,1000,17,1,27.6,36.23,18.9,20.9,175
MCC (Micro Commercial Components),SMB10J51CAHE3,Active,A R H,Bidirectional,SMB,1000,51,1,82.4,12.14,56.7,62.7,175
MCC (Micro Commercial Components),SMB10J9.0CAHE3,Active,A R H,Bidirectional,SMB,1000,9,10,15.4,64.94,10,11.1,175
MCC (Micro Commercial Components),SMB10J11CAHE3,Active,A R H,Bidirectional,SMB,1000,11,5,18.2,54.95,12.2,13.5,175
MCC (Micro Commercial Components),SMB10J13CAHE3,Active,A R H,Bidirectional,SMB,1000,13,1,21.5,46.51,14.4,15.9,175
MCC (Micro Commercial Components),SMB10J54AHE3,Active,A R H,Bidirectional,SMB,1000,54,1,87.1,11.48,60,66.3,175
MCC (Micro Commercial Components),SMB10J60AHE3,Active,A R H,Bidirectional,SMB,1000,60,1,96.8,10.33,66.7,73.7,175
MCC (Micro Commercial Components),SMB10J28CAHE3,Active,A R H,Bidirectional,SMB,1000,28,1,45.4,22.03,31.1,34.4,175
MCC (Micro Commercial Components),SMB10J33CAHE3,Active,A R H,Bidirectional,SMB,1000,33,1,53.3,18.76,36.7,40.6,175
MCC (Micro Commercial Components),SMB10J40CAHE3,Active,A R H,Bidirectional,SMB,1000,40,1,64.5,15.5,44.4,49.1,175
MCC (Micro Commercial Components),SMB10J45CAHE3,Active,A R H,Bidirectional,SMB,1000,45,1,72.7,13.76,50,55.3,175
MCC (Micro Commercial Components),SMB10J7.0CAHE3,Active,A R H,Bidirectional,SMB,1000,7,200,12,83.33,7.78,8.6,175
MCC (Micro Commercial Components),SMB10J8.0CAHE3,Active,A R H,Bidirectional,SMB,1000,8,50,13.6,73.53,8.89,9.83,175
MCC (Micro Commercial Components),SMB10J64CAHE3,Active,A R H,Bidirectional,SMB,1000,64,1,103,9.71,71.1,78.6,175
MCC (Micro Commercial Components),SMB10J75CAHE3,Active,A R H,Bidirectional,SMB,1000,75,1,121,8.26,83.3,92.1,175
MCC (Micro Commercial Components),SMB10J80CAHE3,Active,A R H,Bidirectional,SMB,1000,80,1,130,7.72,88.8,97.6,175
MCC (Micro Commercial Components),SMB10J19CAHE3,Active,A R H,Bidirectional,SMB,1000,19,1,30.8,32.47,21.1,23.3,175
MCC (Micro Commercial Components),SMB10J20CAHE3,Active,A R H,Bidirectional,SMB,1000,20,1,32.4,30.86,22.2,24.5,175
MCC (Micro Commercial Components),SMB10J24CAHE3,Active,A R H,Bidirectional,SMB,1000,24,1,38.9,25.71,26.7,29.5,175
MCC (Micro Commercial Components),SMB10J28AHE3,Active,A R H,Bidirectional,SMB,1000,28,1,45.4,22.03,31.1,34.4,175
MCC (Micro Commercial Components),SMB10J30AHE3,Active,A R H,Bidirectional,SMB,1000,30,1,48.4,20.66,33.3,36.8,175
MCC (Micro Commercial Components),SMB10J33AHE3,Active,A R H,Bidirectional,SMB,1000,33,1,53.3,18.76,36.7,40.6,175
MCC (Micro Commercial Components),SMB10J36AHE3,Active,A R H,Bidirectional,SMB,1000,36,1,58.1,17.21,40,44.2,175
MCC (Micro Commercial Components),SMB10J40AHE3,Active,A R H,Bidirectional,SMB,1000,40,1,64.5,15.5,44.4,49.1,175
MCC (Micro Commercial Components),SMB10J43AHE3,Active,A R H,Bidirectional,SMB,1000,43,1,69.4,14.41,47.8,52.8,175
MCC (Micro Commercial Components),SMB10J18AHE3,Active,A R H,Bidirectional,SMB,1000,18,1,29.2,34.25,20,22.1,175
MCC (Micro Commercial Components),SMB10J19AHE3,Active,A R H,Bidirectional,SMB,1000,19,1,30.8,32.47,21.1,23.3,175
MCC (Micro Commercial Components),SMB10J20AHE3,Active,A R H,Bidirectional,SMB,1000,20,1,32.4,30.86,22.2,24.5,175
MCC (Micro Commercial Components),SMB10J22AHE3,Active,A R H,Bidirectional,SMB,1000,22,1,35.5,28.17,24.4,26.9,175
MCC (Micro Commercial Components),SMB10J24AHE3,Active,A R H,Bidirectional,SMB,1000,24,1,38.9,25.71,26.7,29.5,175
MCC (Micro Commercial Components),SMB10J26AHE3,Active,A R H,Bidirectional,SMB,1000,26,1,42.1,23.75,28.9,31.9,175
MCC (Micro Commercial Components),SMB10J12AHE3,Active,A R H,Bidirectional,SMB,1000,12,5,19.9,50.25,13.3,14.7,175
MCC (Micro Commercial Components),SMB10J13AHE3,Active,A R H,Bidirectional,SMB,1000,13,1,21.5,46.51,14.4,15.9,175
MCC (Micro Commercial Components),SMB10J14AHE3,Active,A R H,Bidirectional,SMB,1000,14,1,23.2,43.1,15.6,17.2,175
MCC (Micro Commercial Components),SMB10J15AHE3,Active,A R H,Bidirectional,SMB,1000,15,1,24.4,40.98,16.7,18.5,175
MCC (Micro Commercial Components),SMB10J16AHE3,Active,A R H,Bidirectional,SMB,1000,16,1,26,38.46,17.8,19.7,175
MCC (Micro Commercial Components),SMB10J17AHE3,Active,A R H,Bidirectional,SMB,1000,17,1,27.6,36.23,18.9,20.9,175
MCC (Micro Commercial Components),SMB10J80AHE3,Active,A R H,Bidirectional,SMB,1000,80,1,130,7.72,88.8,97.6,175
MCC (Micro Commercial Components),SMB10J5.0CAHE3,Active,A R H,Bidirectional,SMB,1000,5,1000,9.2,108.7,6.4,7.07,175
MCC (Micro Commercial Components),SMB10J6.5CAHE3,Active,A R H,Bidirectional,SMB,1000,6.5,500,11.2,89.29,7.22,7.98,175
MCC (Micro Commercial Components),SMB10J9.0AHE3,Active,A R H,Bidirectional,SMB,1000,9,10,15.4,64.94,10,11.1,175
MCC (Micro Commercial Components),SMB10J10AHE3,Active,A R H,Bidirectional,SMB,1000,10,5,17,58.82,11.1,12.3,175
MCC (Micro Commercial Components),SMB10J11AHE3,Active,A R H,Bidirectional,SMB,1000,11,5,18.2,54.95,12.2,13.5,175
MCC (Micro Commercial Components),SMB10J5.0AHE3,Active,A R H,Bidirectional,SMB,1000,5,1000,9.2,108.7,6.4,7.07,175
MCC (Micro Commercial Components),SMB10J45AHE3,Active,A R H,Bidirectional,SMB,1000,45,1,72.7,13.76,50,55.3,175
MCC (Micro Commercial Components),SMB10J51AHE3,Active,A R H,Bidirectional,SMB,1000,51,1,82.4,12.14,56.7,62.7,175
MCC (Micro Commercial Components),SMB10J58AHE3,Active,A R H,Bidirectional,SMB,1000,58,1,93.6,10.68,64.4,71.2,175
MCC (Micro Commercial Components),SMB10J64AHE3,Active,A R H,Bidirectional,SMB,1000,64,1,103,9.71,71.1,78.6,175
MCC (Micro Commercial Components),SMB10J75AHE3,Active,A R H,Bidirectional,SMB,1000,75,1,121,8.26,83.3,92.1,175
MCC (Micro Commercial Components),SMB10J6.0AHE3,Active,A R H,Bidirectional,SMB,1000,6,1000,10.3,97.09,6.67,7.37,175
MCC (Micro Commercial Components),SMB10J6.5AHE3,Active,A R H,Bidirectional,SMB,1000,6.5,500,11.2,89.29,7.22,7.98,175
MCC (Micro Commercial Components),SMB10J7.0AHE3,Active,A R H,Bidirectional,SMB,1000,7,200,12,83.33,7.78,8.6,175
MCC (Micro Commercial Components),SMB10J7.5AHE3,Active,A R H,Bidirectional,SMB,1000,7.5,100,12.9,77.52,8.33,9.21,175
MCC (Micro Commercial Components),SMB10J8.0AHE3,Active,A R H,Bidirectional,SMB,1000,8,50,13.6,73.53,8.89,9.83,175
MCC (Micro Commercial Components),SMB10J8.5AHE3,Active,A R H,Bidirectional,SMB,1000,8.5,20,14.4,69.44,9.44,10.4,175
MCC (Micro Commercial Components),SMB10J48CAHE3,Active,A R H,Bidirectional,SMB,1000,48,1,77.4,12.92,53.3,58.9,175
MCC (Micro Commercial Components),SMB10J54CAHE3,Active,A R H,Bidirectional,SMB,1000,54,1,87.1,11.48,60,66.3,175
MCC (Micro Commercial Components),SMB10J60CAHE3,Active,A R H,Bidirectional,SMB,1000,60,1,96.8,10.33,66.7,73.7,175
MCC (Micro Commercial Components),SMB10J70CAHE3,Active,A R H,Bidirectional,SMB,1000,70,1,113,8.85,77.8,86,175
MCC (Micro Commercial Components),SMB10J78CAHE3,Active,A R H,Bidirectional,SMB,1000,78,1,126,7.94,86.7,95.8,175
MCC (Micro Commercial Components),SMB10J85CAHE3,Active,A R H,Bidirectional,SMB,1000,85,1,137,7.3,94.4,104,175
MCC (Micro Commercial Components),SMB10J18CAHE3,Active,A R H,Bidirectional,SMB,1000,18,1,29.2,34.25,20,22.1,175
MCC (Micro Commercial Components),SMB10J22CAHE3,Active,A R H,Bidirectional,SMB,1000,22,1,35.5,28.17,24.4,26.9,175
MCC (Micro Commercial Components),SMB10J26CAHE3,Active,A R H,Bidirectional,SMB,1000,26,1,42.1,23.75,28.9,31.9,175
MCC (Micro Commercial Components),SMB10J30CAHE3,Active,A R H,Bidirectional,SMB,1000,30,1,48.4,20.66,33.3,36.8,175
MCC (Micro Commercial Components),SMB10J36CAHE3,Active,A R H,Bidirectional,SMB,1000,36,1,58.1,17.21,40,44.2,175
MCC (Micro Commercial Components),SMB10J43CAHE3,Active,A R H,Bidirectional,SMB,1000,43,1,69.4,14.41,47.8,52.8,175
MCC (Micro Commercial Components),SM8S45AHE3,Active,A R,Unidirectional,DO-218AB,6600,45,10,72.7,91,50,55.3,175
MCC (Micro Commercial Components),SM8S48AHE3,Active,A R,Unidirectional,DO-218AB,6600,48,10,77.4,85,53.3,58.9,175
MCC (Micro Commercial Components),SM8S51AHE3,Active,A R,Unidirectional,DO-218AB,6600,51,10,82.4,80,56.7,62.7,175
MCC (Micro Commercial Components),SM8S54AHE3,Active,A R,Unidirectional,DO-218AB,6600,54,10,87.1,76,60,66.3,175
MCC (Micro Commercial Components),SM8S60AHE3,Active,A R,Unidirectional,DO-218AB,6600,60,10,96.8,68,66.7,73.7,175
MCC (Micro Commercial Components),SM8S64AHE3,Active,A R,Unidirectional,DO-218AB,6600,64,10,103,64,71.1,78.6,175
MCC (Micro Commercial Components),SM8S85CAHE3,Active,A R,Bidirectional,DO-218AB,6600,85,10,137,48,94.4,104,175
MCC (Micro Commercial Components),SM8S58AHE3,Active,A R,Unidirectional,DO-218AB,6600,58,10,93.6,70,64.4,71.2,175
MCC (Micro Commercial Components),SM8S58CAHE3,Active,A R,Bidirectional,DO-218AB,6600,58,10,93.6,70,64.4,71.2,175
MCC (Micro Commercial Components),SM8S60CAHE3,Active,A R,Bidirectional,DO-218AB,6600,60,10,96.8,68,66.7,73.7,175
MCC (Micro Commercial Components),SM8S64CAHE3,Active,A R,Bidirectional,DO-218AB,6600,64,10,103,64,71.1,78.6,175
MCC (Micro Commercial Components),SM8S70CAHE3,Active,A R,Bidirectional,DO-218AB,6600,70,10,113,58,77.8,86,175
MCC (Micro Commercial Components),SM8S75CAHE3,Active,A R,Bidirectional,DO-218AB,6600,75,10,121,55,83.3,92.1,175
MCC (Micro Commercial Components),SM8S78CAHE3,Active,A R,Bidirectional,DO-218AB,6600,78,10,126,52,86.7,95.8,175
MCC (Micro Commercial Components),SM8S12CAHE3,Active,A R,Bidirectional,DO-218AB,6600,12,10,19.9,332,13.3,14.7,175
MCC (Micro Commercial Components),SM8S13CAHE3,Active,A R,Bidirectional,DO-218AB,6600,13,10,21.5,307,14.4,15.9,175
MCC (Micro Commercial Components),SM8S45CAHE3,Active,A R,Bidirectional,DO-218AB,6600,45,10,72.7,91,50,55.3,175
MCC (Micro Commercial Components),SM8S48CAHE3,Active,A R,Bidirectional,DO-218AB,6600,48,10,77.4,85,53.3,58.9,175
MCC (Micro Commercial Components),SM8S51CAHE3,Active,A R,Bidirectional,DO-218AB,6600,51,10,82.4,80,56.7,62.7,175
MCC (Micro Commercial Components),SM8S54CAHE3,Active,A R,Bidirectional,DO-218AB,6600,54,10,87.1,76,60,66.3,175
MCC (Micro Commercial Components),SM8S70AHE3,Active,A R,Unidirectional,DO-218AB,6600,70,10,113,58,77.8,86,175
MCC (Micro Commercial Components),SM8S75AHE3,Active,A R,Unidirectional,DO-218AB,6600,75,10,121,55,83.3,92.1,175
MCC (Micro Commercial Components),SM8S78AHE3,Active,A R,Unidirectional,DO-218AB,6600,78,10,126,52,86.7,95.8,175
MCC (Micro Commercial Components),SM8S85AHE3,Active,A R,Unidirectional,DO-218AB,6600,85,10,137,48,94.4,104,175
MCC (Micro Commercial Components),SM8S10CAHE3,Active,A R,Bidirectional,DO-218AB,6600,10,15,17,388,11.1,12.3,175
MCC (Micro Commercial Components),SM8S11CAHE3,Active,A R,Bidirectional,DO-218AB,6600,11,10,18.2,363,12.2,13.5,175
MCC (Micro Commercial Components),SMB15J18CAHE3,Active,A R H,Bidirectional,SMB,1500,18,5,29.2,51.37,20,22.1,175
MCC (Micro Commercial Components),SMB15J19CAHE3,Active,A R H,Bidirectional,SMB,1500,19,5,30.8,48.73,21.1,23.3,175
MCC (Micro Commercial Components),SMB15J20CAHE3,Active,A R H,Bidirectional,SMB,1500,20,5,32.4,46.3,22.2,24.5,175
MCC (Micro Commercial Components),SMB15J22CAHE3,Active,A R H,Bidirectional,SMB,1500,22,5,35.5,42.25,24.4,26.9,175
MCC (Micro Commercial Components),SMB15J24CAHE3,Active,A R H,Bidirectional,SMB,1500,24,5,38.9,38.56,26.7,29.5,175
MCC (Micro Commercial Components),SMB15J26CAHE3,Active,A R H,Bidirectional,SMB,1500,26,5,42.1,35.63,28.9,31.9,175
MCC (Micro Commercial Components),SMB15J14CAHE3,Active,A R H,Bidirectional,SMB,1500,14,5,23.2,64.66,15.6,17.2,175
MCC (Micro Commercial Components),SMB15J15CAHE3,Active,A R H,Bidirectional,SMB,1500,15,5,24.4,61.48,16.7,18.5,175
MCC (Micro Commercial Components),SMB15J16CAHE3,Active,A R H,Bidirectional,SMB,1500,16,5,26,57.69,17.8,19.7,175
MCC (Micro Commercial Components),SMB15J17CAHE3,Active,A R H,Bidirectional,SMB,1500,17,5,27.6,54.35,18.9,20.9,175
MCC (Micro Commercial Components),SMB15J8.5CAHE3,Active,A R H,Bidirectional,SMB,1500,8.5,20,14.4,104.17,9.44,10.4,175
MCC (Micro Commercial Components),SMB15J9.0CAHE3,Active,A R H,Bidirectional,SMB,1500,9,10,15.4,97.4,10,11.1,175
MCC (Micro Commercial Components),SMB15J10CAHE3,Active,A R H,Bidirectional,SMB,1500,10,5,17,88.24,11.1,12.3,175
MCC (Micro Commercial Components),SMB15J11CAHE3,Active,A R H,Bidirectional,SMB,1500,11,5,18.2,82.42,12.2,13.5,175
MCC (Micro Commercial Components),SMB15J12CAHE3,Active,A R H,Bidirectional,SMB,1500,12,5,19.9,75.38,13.3,14.7,175
MCC (Micro Commercial Components),SMB15J13CAHE3,Active,A R H,Bidirectional,SMB,1500,13,5,21.5,69.77,14.4,15.9,175
MCC (Micro Commercial Components),SMB15J5.0CAHE3,Active,A R H,Bidirectional,SMB,1500,5,1000,9.2,163,6.4,7.07,175
MCC (Micro Commercial Components),SMB15J6.0CAHE3,Active,A R H,Bidirectional,SMB,1500,6,1000,10.3,145.6,6.67,7.37,175
MCC (Micro Commercial Components),SMB15J6.5CAHE3,Active,A R H,Bidirectional,SMB,1500,6.5,500,11.2,133.9,7.22,7.98,175
MCC (Micro Commercial Components),SMB15J7.0CAHE3,Active,A R H,Bidirectional,SMB,1500,7,200,12,125,7.78,8.6,175
MCC (Micro Commercial Components),SMB15J7.5CAHE3,Active,A R H,Bidirectional,SMB,1500,7.5,100,12.9,116.3,8.33,9.21,175
MCC (Micro Commercial Components),SMB15J8.0CAHE3,Active,A R H,Bidirectional,SMB,1500,8,50,13.6,110.29,8.89,9.83,175
MCC (Micro Commercial Components),SMB15J64AHE3,Active,A R H,Unidirectional,SMB,1500,64,5,103,14.56,71.1,78.6,175
MCC (Micro Commercial Components),SMB15J70AHE3,Active,A R H,Unidirectional,SMB,1500,70,5,113,13.27,77.8,86,175
MCC (Micro Commercial Components),SMB15J75AHE3,Active,A R H,Unidirectional,SMB,1500,75,5,121,12.4,83.3,92.1,175
MCC (Micro Commercial Components),SMB15J78AHE3,Active,A R H,Unidirectional,SMB,1500,78,5,126,11.9,86.7,95.8,175
MCC (Micro Commercial Components),SMB15J80AHE3,Active,A R H,Unidirectional,SMB,1500,80,5,129.6,11.57,88.8,97.6,175
MCC (Micro Commercial Components),SMB15J85AHE3,Active,A R H,Unidirectional,SMB,1500,85,5,137,10.95,94.4,104,175
MCC (Micro Commercial Components),SMB15J45AHE3,Active,A R H,Unidirectional,SMB,1500,45,5,72.7,20.63,50,55.3,175
MCC (Micro Commercial Components),SMB15J48AHE3,Active,A R H,Unidirectional,SMB,1500,48,5,77.4,19.38,53.3,58.9,175
MCC (Micro Commercial Components),SMB15J51AHE3,Active,A R H,Unidirectional,SMB,1500,51,5,82.4,18.2,56.7,62.7,175
MCC (Micro Commercial Components),SMB15J54AHE3,Active,A R H,Unidirectional,SMB,1500,54,5,87.1,17.22,60,66.3,175
MCC (Micro Commercial Components),SMB15J58AHE3,Active,A R H,Unidirectional,SMB,1500,58,5,93.6,16.03,64.4,71.2,175
MCC (Micro Commercial Components),SMB15J60AHE3,Active,A R H,Unidirectional,SMB,1500,60,5,96.8,15.5,66.7,73.7,175
MCC (Micro Commercial Components),SMB15J28AHE3,Active,A R H,Unidirectional,SMB,1500,28,5,45.4,33.04,31.1,34.4,175
MCC (Micro Commercial Components),SMB15J30AHE3,Active,A R H,Unidirectional,SMB,1500,30,5,48.4,30.99,33.3,36.8,175
MCC (Micro Commercial Components),SMB15J33AHE3,Active,A R H,Unidirectional,SMB,1500,33,5,53.3,28.14,36.7,40.6,175
MCC (Micro Commercial Components),SMB15J36AHE3,Active,A R H,Unidirectional,SMB,1500,36,5,58.1,25.82,40,44.2,175
MCC (Micro Commercial Components),SMB15J40AHE3,Active,A R H,Unidirectional,SMB,1500,40,5,64.5,23.26,44.4,49.1,175
MCC (Micro Commercial Components),SMB15J43AHE3,Active,A R H,Unidirectional,SMB,1500,43,5,69.4,21.61,47.8,52.8,175
MCC (Micro Commercial Components),SMB15J17AHE3,Active,A R H,Unidirectional,SMB,1500,17,5,27.6,54.35,18.9,20.9,175
MCC (Micro Commercial Components),SMB15J18AHE3,Active,A R H,Unidirectional,SMB,1500,18,5,29.2,51.37,20,22.1,175
MCC (Micro Commercial Components),SMB15J20AHE3,Active,A R H,Unidirectional,SMB,1500,20,5,32.4,46.3,22.2,24.5,175
MCC (Micro Commercial Components),SMB15J22AHE3,Active,A R H,Unidirectional,SMB,1500,22,5,35.5,42.25,24.4,26.9,175
MCC (Micro Commercial Components),SMB15J24AHE3,Active,A R H,Unidirectional,SMB,1500,24,5,38.9,38.56,26.7,29.5,175
MCC (Micro Commercial Components),SMB15J26AHE3,Active,A R H,Unidirectional,SMB,1500,26,5,42.1,35.63,28.9,31.9,175
MCC (Micro Commercial Components),SMB15J11AHE3,Active,A R H,Unidirectional,SMB,1500,11,5,18.2,82.42,12.2,13.5,175
MCC (Micro Commercial Components),SMB15J12AHE3,Active,A R H,Unidirectional,SMB,1500,12,5,19.9,75.38,13.3,14.7,175
MCC (Micro Commercial Components),SMB15J13AHE3,Active,A R H,Unidirectional,SMB,1500,13,5,21.5,69.77,14.4,15.9,175
MCC (Micro Commercial Components),SMB15J14AHE3,Active,A R H,Unidirectional,SMB,1500,14,5,23.2,64.66,15.6,17.2,175
MCC (Micro Commercial Components),SMB15J15AHE3,Active,A R H,Unidirectional,SMB,1500,15,5,24.4,61.48,16.7,18.5,175
MCC (Micro Commercial Components),SMB15J16AHE3,Active,A R H,Unidirectional,SMB,1500,16,5,26,57.69,17.8,19.7,175
MCC (Micro Commercial Components),SMB15J7.0AHE3,Active,A R H,Unidirectional,SMB,1500,7,200,12,125,7.78,8.6,175
MCC (Micro Commercial Components),SMB15J7.5AHE3,Active,A R H,Unidirectional,SMB,1500,7.5,100,12.9,116.3,8.33,9.21,175
MCC (Micro Commercial Components),SMB15J8.0AHE3,Active,A R H,Unidirectional,SMB,1500,8,50,13.6,110.29,8.89,9.83,175
MCC (Micro Commercial Components),SMB15J8.5AHE3,Active,A R H,Unidirectional,SMB,1500,8.5,20,14.4,104.17,9.44,10.4,175
MCC (Micro Commercial Components),SMB15J9.0AHE3,Active,A R H,Unidirectional,SMB,1500,9,10,15.4,97.4,10,11.1,175
MCC (Micro Commercial Components),SMB15J10AHE3,Active,A R H,Unidirectional,SMB,1500,10,5,17,88.24,11.1,12.3,175
MCC (Micro Commercial Components),SMBJ1.0KE12CAHE3,Active,A R H,Bidirectional,SMB,1000,10.2,5,16.7,59.9,11.4,12.6,175
MCC (Micro Commercial Components),SMBJ1.0KE13CAHE3,Active,A R H,Bidirectional,SMB,1000,11.1,5,18.2,54.9,12.35,13.65,175
MCC (Micro Commercial Components),SMBJ1.0KE15CAHE3,Active,A R H,Bidirectional,SMB,1000,12.8,5,21.2,47.2,14.25,15.75,175
MCC (Micro Commercial Components),SMB15J5.0AHE3,Active,A R H,Unidirectional,SMB,1500,5,1000,9.2,163,6.4,7.07,175
MCC (Micro Commercial Components),SMB15J6.0AHE3,Active,A R H,Unidirectional,SMB,1500,6,1000,10.3,145.6,6.67,7.37,175
MCC (Micro Commercial Components),SMB15J6.5AHE3,Active,A R H,Unidirectional,SMB,1500,6.5,500,11.2,133.9,7.22,7.98,175
MCC (Micro Commercial Components),SMBJ1.0KE24CAHE3,Active,A R H,Bidirectional,SMB,1000,20.5,5,33.2,30.1,22.8,25.2,175
MCC (Micro Commercial Components),SMBJ1.0KE56CAHE3,Active,A R H,Bidirectional,SMB,1000,47.8,5,77,13,53.2,58.8,175
MCC (Micro Commercial Components),SMBJ1.0KE62CAHE3,Active,A R H,Bidirectional,SMB,1000,53,5,85,11.8,58.9,65.1,175
MCC (Micro Commercial Components),SMBJ1.0KE68CAHE3,Active,A R H,Bidirectional,SMB,1000,58.1,5,92,10.9,64.6,71.4,175
MCC (Micro Commercial Components),SMBJ1.0KE10CAHE3,Active,A R H,Bidirectional,SMB,1000,8.6,10,14.5,69,9.5,10.5,175
MCC (Micro Commercial Components),SMBJ1.0KE11CAHE3,Active,A R H,Bidirectional,SMB,1000,9.4,5,15.6,64.1,10.45,11.55,175
MCC (Micro Commercial Components),SMBJ1.0KE8.2CAHE3,Active,A R H,Bidirectional,SMB,1000,7,200,12.1,82.6,7.79,8.61,175
MCC (Micro Commercial Components),SMBJ1.0KE9.1CAHE3,Active,A R H,Bidirectional,SMB,1000,7.8,50,13.4,74.6,8.65,9.56,175
MCC (Micro Commercial Components),SMBJ1.0KE16CAHE3,Active,A R H,Bidirectional,SMB,1000,13.6,5,22.5,44.4,15.2,16.8,175
MCC (Micro Commercial Components),SMBJ1.0KE18CAHE3,Active,A R H,Bidirectional,SMB,1000,15.3,5,25.2,39.7,17.1,18.9,175
MCC (Micro Commercial Components),SMBJ1.0KE20CAHE3,Active,A R H,Bidirectional,SMB,1000,17.1,5,27.7,36.1,19,21,175
MCC (Micro Commercial Components),SMBJ1.0KE22CAHE3,Active,A R H,Bidirectional,SMB,1000,18.8,5,30.6,32.7,20.9,23.1,175
MCC (Micro Commercial Components),SMBJ1.0KE36CAHE3,Active,A R H,Bidirectional,SMB,1000,30.8,5,49.9,20,34.2,37.8,175
MCC (Micro Commercial Components),SMBJ1.0KE39CAHE3,Active,A R H,Bidirectional,SMB,1000,33.3,5,53.9,18.6,37.05,40.95,175
MCC (Micro Commercial Components),SMBJ1.0KE43CAHE3,Active,A R H,Bidirectional,SMB,1000,36.8,5,59.3,16.9,40.85,45.15,175
MCC (Micro Commercial Components),SMBJ1.0KE47CAHE3,Active,A R H,Bidirectional,SMB,1000,40.2,5,64.8,15.4,44.65,49.35,175
MCC (Micro Commercial Components),SMBJ1.0KE51CAHE3,Active,A R H,Bidirectional,SMB,1000,43.6,5,70.1,14.3,48.45,53.55,175
MCC (Micro Commercial Components),SMBJ1.0KE7.5CAHE3,Active,A R H,Bidirectional,SMB,1000,6.4,500,11.3,88.5,7.13,7.88,175
MCC (Micro Commercial Components),SMBJ1.0KE62AHE3,Active,A R H,Unidirectional,SMB,1000,53,5,85,11.8,58.9,65.1,175
MCC (Micro Commercial Components),SMBJ1.0KE68AHE3,Active,A R H,Unidirectional,SMB,1000,58.1,5,92,10.9,64.6,71.4,175
MCC (Micro Commercial Components),SMBJ1.0KE6.8CAHE3,Active,A R H,Bidirectional,SMB,1000,5.8,1000,10.5,95.2,6.46,7.14,175
MCC (Micro Commercial Components),SMBJ1.0KE27CAHE3,Active,A R H,Bidirectional,SMB,1000,23.1,5,37.5,26.7,25.65,28.35,175
MCC (Micro Commercial Components),SMBJ1.0KE30CAHE3,Active,A R H,Bidirectional,SMB,1000,25.6,5,41.4,24.2,28.5,31.5,175
MCC (Micro Commercial Components),SMBJ1.0KE33CAHE3,Active,A R H,Bidirectional,SMB,1000,28.2,5,45.7,21.9,31.35,34.65,175
MCC (Micro Commercial Components),SMBJ1.0KE36AHE3,Active,A R H,Unidirectional,SMB,1000,30.8,5,49.9,20,34.2,37.8,175
MCC (Micro Commercial Components),SMBJ1.0KE39AHE3,Active,A R H,Unidirectional,SMB,1000,33.3,5,53.9,18.6,37.05,40.95,175
MCC (Micro Commercial Components),SMBJ1.0KE43AHE3,Active,A R H,Unidirectional,SMB,1000,36.8,5,59.3,16.9,40.85,45.15,175
MCC (Micro Commercial Components),SMBJ1.0KE47AHE3,Active,A R H,Unidirectional,SMB,1000,40.2,5,64.8,15.4,44.65,49.35,175
MCC (Micro Commercial Components),SMBJ1.0KE51AHE3,Active,A R H,Unidirectional,SMB,1000,43.6,5,70.1,14.3,48.45,53.55,175
MCC (Micro Commercial Components),SMBJ1.0KE56AHE3,Active,A R H,Unidirectional,SMB,1000,47.8,5,77,13,53.2,58.8,175
MCC (Micro Commercial Components),SMBJ1.0KE20AHE3,Active,A R H,Unidirectional,SMB,1000,17.1,5,27.7,36.1,19,21,175
MCC (Micro Commercial Components),SMBJ1.0KE22AHE3,Active,A R H,Unidirectional,SMB,1000,18.8,5,30.6,32.7,20.9,23.1,175
MCC (Micro Commercial Components),SMBJ1.0KE24AHE3,Active,A R H,Unidirectional,SMB,1000,20.5,5,33.2,30.1,22.8,25.2,175
MCC (Micro Commercial Components),SMBJ1.0KE27AHE3,Active,A R H,Unidirectional,SMB,1000,23.1,5,37.5,26.7,25.65,28.35,175
MCC (Micro Commercial Components),SMBJ1.0KE30AHE3,Active,A R H,Unidirectional,SMB,1000,25.6,5,41.4,24.2,28.5,31.5,175
MCC (Micro Commercial Components),SMBJ1.0KE33AHE3,Active,A R H,Unidirectional,SMB,1000,28.2,5,45.7,21.9,31.35,34.65,175
MCC (Micro Commercial Components),SMBJ1.0KE11AHE3,Active,A R H,Unidirectional,SMB,1000,9.4,5,15.6,64.1,10.45,11.55,175
MCC (Micro Commercial Components),SMBJ1.0KE12AHE3,Active,A R H,Unidirectional,SMB,1000,10.2,5,16.7,59.9,11.4,12.6,175
MCC (Micro Commercial Components),SMBJ1.0KE13AHE3,Active,A R H,Unidirectional,SMB,1000,11.1,5,18.2,54.9,12.35,13.65,175
MCC (Micro Commercial Components),SMBJ1.0KE15AHE3,Active,A R H,Unidirectional,SMB,1000,12.8,5,21.2,47.2,14.25,15.75,175
MCC (Micro Commercial Components),SMBJ1.0KE16AHE3,Active,A R H,Unidirectional,SMB,1000,13.6,5,22.5,44.4,15.2,16.8,175
MCC (Micro Commercial Components),SMBJ1.0KE18AHE3,Active,A R H,Unidirectional,SMB,1000,15.3,5,25.2,39.7,17.1,18.9,175
MCC (Micro Commercial Components),SMB15J85CAHE3,Active,A R H,Bidirectional,SMB,1500,85,5,137,10.95,94.4,104,175
MCC (Micro Commercial Components),SMBJ1.0KE6.8AHE3,Active,A R H,Unidirectional,SMB,1000,5.8,1000,10.5,95.2,6.46,7.14,175
MCC (Micro Commercial Components),SMBJ1.0KE9.1AHE3,Active,A R H,Unidirectional,SMB,1000,7.8,50,13.4,74.6,8.65,9.56,175
MCC (Micro Commercial Components),SMBJ1.0KE10AHE3,Active,A R H,Unidirectional,SMB,1000,8.6,10,14.5,69,9.5,10.5,175
MCC (Micro Commercial Components),SMBJ1.0KE7.5AHE3,Active,A R H,Unidirectional,SMB,1000,6.4,500,11.3,88.5,7.13,7.88,175
MCC (Micro Commercial Components),SMBJ1.0KE8.2AHE3,Active,A R H,Unidirectional,SMB,1000,7,200,12.1,82.6,7.79,8.61,175
MCC (Micro Commercial Components),SMB15J60CAHE3,Active,A R H,Bidirectional,SMB,1500,60,5,96.8,15.5,66.7,73.7,175
MCC (Micro Commercial Components),SMB15J64CAHE3,Active,A R H,Bidirectional,SMB,1500,64,5,103,14.56,71.1,78.6,175
MCC (Micro Commercial Components),SMB15J70CAHE3,Active,A R H,Bidirectional,SMB,1500,70,5,113,13.27,77.8,86,175
MCC (Micro Commercial Components),SMB15J75CAHE3,Active,A R H,Bidirectional,SMB,1500,75,5,121,12.4,83.3,92.1,175
MCC (Micro Commercial Components),SMB15J78CAHE3,Active,A R H,Bidirectional,SMB,1500,78,5,126,11.9,86.7,95.8,175
MCC (Micro Commercial Components),SMB15J80CAHE3,Active,A R H,Bidirectional,SMB,1500,80,5,129.6,11.57,88.8,97.6,175
MCC (Micro Commercial Components),SMB15J19AHE3,Active,A R H,Unidirectional,SMB,1500,19,5,30.8,48.73,21.1,23.3,175
MCC (Micro Commercial Components),SMB15J45CAHE3,Active,A R H,Bidirectional,SMB,1500,45,5,72.7,20.63,50,55.3,175
MCC (Micro Commercial Components),SMB15J48CAHE3,Active,A R H,Bidirectional,SMB,1500,48,5,77.4,19.38,53.3,58.9,175
MCC (Micro Commercial Components),SMB15J51CAHE3,Active,A R H,Bidirectional,SMB,1500,51,5,82.4,18.2,56.7,62.7,175
MCC (Micro Commercial Components),SMB15J54CAHE3,Active,A R H,Bidirectional,SMB,1500,54,5,87.1,17.22,60,66.3,175
MCC (Micro Commercial Components),SMB15J58CAHE3,Active,A R H,Bidirectional,SMB,1500,58,5,93.6,16.03,64.4,71.2,175
MCC (Micro Commercial Components),SMB15J28CAHE3,Active,A R H,Bidirectional,SMB,1500,28,5,45.4,33.04,31.1,34.4,175
MCC (Micro Commercial Components),SMB15J30CAHE3,Active,A R H,Bidirectional,SMB,1500,30,5,48.4,30.99,33.3,36.8,175
MCC (Micro Commercial Components),SMB15J33CAHE3,Active,A R H,Bidirectional,SMB,1500,33,5,53.3,28.14,36.7,40.6,175
MCC (Micro Commercial Components),SMB15J36CAHE3,Active,A R H,Bidirectional,SMB,1500,36,5,58.1,25.82,40,44.2,175
MCC (Micro Commercial Components),SMB15J40CAHE3,Active,A R H,Bidirectional,SMB,1500,40,5,64.5,23.26,44.4,49.1,175
MCC (Micro Commercial Components),SMB15J43CAHE3,Active,A R H,Bidirectional,SMB,1500,43,5,69.4,21.61,47.8,52.8,175
