,,Zener Diodes,,,,,,,,,,,,,
Manufacture,Product,Status,Compliance,Number of Functions,Configuration,Package Type,PD(W),VZ[Nom](V),IZT(mA),"IR (mA) [max]
@VR",VR(V),"ZZT(Ω)
@IZT","ZZK(Ω)
@IZT",IZK(mA),"Tj [max]
(°C)"
,,,,,,,,,,,,,,,
MCC (Micro Commercial Components),3SMAJ5929BQ,Preferred,A R H,Single,,SMA,3,15,25,0.001,11.4,9,600,0.25,150
MCC (Micro Commercial Components),3SMAJ5933BQ,Preferred,A R H,Single,,SMA,3,22,17,0.001,16.7,17.5,650,0.25,150
MCC (Micro Commercial Components),3SMAJ5935BQ,Preferred,A R H,Single,,SMA,3,27,13.9,0.001,20.6,23,700,0.25,150
MCC (Micro Commercial Components),3SMAJ5936BQ,Active,A R H,Single,,SMA,3,30,12.5,0.001,22.8,28,750,0.25,150
MCC (Micro Commercial Components),3SMAJ5937BQ,Active,A R H,Single,,SMA,3,33,11.4,0.001,25.1,33,800,0.25,150
MCC (Micro Commercial Components),3SMAJ5934BQ,Active,A R H,Single,,SMA,3,24,15.6,0.001,18.2,19,700,0.25,150
MCC (Micro Commercial Components),3SMAJ5930BQ,Active,A R H,Single,,SMA,3,16,23.4,0.001,12.2,10,600,0.25,150
MCC (Micro Commercial Components),3SMAJ5931BQ,Active,A R H,Single,,SMA,3,18,20.8,0.001,13.7,12,650,0.25,150
MCC (Micro Commercial Components),3SMAJ5954BQ,Active,A R H,Single,,SMA,3,160,2.3,0.001,121.6,700,6500,0.25,150
MCC (Micro Commercial Components),3SMAJ5955BQ,Active,A R H,Single,,SMA,3,180,2.1,0.001,136.8,900,7000,0.25,150
MCC (Micro Commercial Components),3SMAJ5956BQ,Active,A R H,Single,,SMA,3,200,1.9,0.001,152,1200,8000,0.25,150
MCC (Micro Commercial Components),3SMAJ5922BQ,Active,A R H,Single,,SMA,3,7.5,50,0.005,6,3,400,0.5,150
MCC (Micro Commercial Components),3SMAJ5923BQ,Active,A R H,Single,,SMA,3,8.2,45.7,0.005,6.5,3.5,400,0.5,150
MCC (Micro Commercial Components),3SMAJ5925BQ,Active,A R H,Single,,SMA,3,10,37.5,0.005,8,4.5,500,0.25,150
MCC (Micro Commercial Components),3SMAJ5926BQ,Active,A R H,Single,,SMA,3,11,34.1,0.001,8.4,5.5,550,0.25,150
MCC (Micro Commercial Components),3SMAJ5927BQ,Active,A R H,Single,,SMA,3,12,31.2,0.001,9.1,6.5,550,0.25,150
MCC (Micro Commercial Components),3SMAJ5928BQ,Active,A R H,Single,,SMA,3,13,28.8,0.001,9.9,7,550,0.25,150
MCC (Micro Commercial Components),3SMAJ5950BQ,Active,A R H,Single,,SMA,3,110,3.4,0.001,83.6,300,4000,0.25,150
MCC (Micro Commercial Components),3SMAJ5951BQ,Active,A R H,Single,,SMA,3,120,3.1,0.001,91.2,380,4500,0.25,150
MCC (Micro Commercial Components),3SMAJ5952BQ,Active,A R H,Single,,SMA,3,130,2.9,0.001,98.8,450,5000,0.25,150
MCC (Micro Commercial Components),3SMAJ5953BQ,Active,A R H,Single,,SMA,3,150,2.5,0.001,114,600,6000,0.25,150
MCC (Micro Commercial Components),3SMAJ5921BQ,Active,A R H,Single,,SMA,3,6.8,55.1,0.005,5.2,2.5,200,1,150
MCC (Micro Commercial Components),3SMAJ5924BQ,Active,A R H,Single,,SMA,3,9.1,41.2,0.005,7,4,500,0.5,150
MCC (Micro Commercial Components),3SMAJ5944BQ,Active,A R H,Single,,SMA,3,62,6,0.001,47.1,100,1500,0.25,150
MCC (Micro Commercial Components),3SMAJ5945BQ,Active,A R H,Single,,SMA,3,68,5.5,0.001,51.7,120,1700,0.25,150
MCC (Micro Commercial Components),3SMAJ5946BQ,Active,A R H,Single,,SMA,3,75,5,0.001,56,140,2000,0.25,150
MCC (Micro Commercial Components),3SMAJ5947BQ,Active,A R H,Single,,SMA,3,82,4.6,0.001,62.2,160,2500,0.25,150
MCC (Micro Commercial Components),3SMAJ5948BQ,Active,A R H,Single,,SMA,3,91,4.1,0.001,69.2,200,3000,0.25,150
MCC (Micro Commercial Components),3SMAJ5949BQ,Active,A R H,Single,,SMA,3,100,3.7,0.001,76,250,3100,0.25,150
MCC (Micro Commercial Components),3SMAJ5938BQ,Active,A R H,Single,,SMA,3,36,10.4,0.001,27.4,38,850,0.25,150
MCC (Micro Commercial Components),3SMAJ5939BQ,Active,A R H,Single,,SMA,3,39,9.6,0.001,29.7,45,900,0.25,150
MCC (Micro Commercial Components),3SMAJ5940BQ,Active,A R H,Single,,SMA,3,43,8.7,0.001,32.7,53,950,0.25,150
MCC (Micro Commercial Components),3SMAJ5941BQ,Active,A R H,Single,,SMA,3,47,8,0.001,35.8,67,1000,0.25,150
MCC (Micro Commercial Components),3SMAJ5942BQ,Active,A R H,Single,,SMA,3,51,7.3,0.001,38.8,70,1100,0.25,150
MCC (Micro Commercial Components),3SMAJ5943BQ,Active,A R H,Single,,SMA,3,56,6.7,0.001,42.6,86,1300,0.25,150
MCC (Micro Commercial Components),AZ23B2V4,Active,R H,Dual,,SOT-23,0.3,2.4,5,0.045,1,100,600,1,150
MCC (Micro Commercial Components),AZ23B2V7,Active,R H,Dual,,SOT-23,0.3,2.7,5,0.02,1,100,600,1,150
MCC (Micro Commercial Components),AZ23B3V0,Active,R H,Dual,,SOT-23,0.3,3,5,0.009,1,100,600,1,150
MCC (Micro Commercial Components),AZ23B3V3,Active,R H,Dual,,SOT-23,0.3,3.3,5,0.0045,1,95,600,1,150
MCC (Micro Commercial Components),AZ23B3V6,Active,R H,Dual,,SOT-23,0.3,3.6,5,0.015,1,95,600,1,150
MCC (Micro Commercial Components),AZ23B3V9,Active,R H,Dual,,SOT-23,0.3,3.9,5,0.01,1,95,600,1,150
MCC (Micro Commercial Components),AZ23B43,Active,R H,Dual,,SOT-23,0.3,43,2,0.0001,32,100,375,1,150
MCC (Micro Commercial Components),AZ23B47,Active,R H,Dual,,SOT-23,0.3,47,2,0.0001,35,110,375,1,150
MCC (Micro Commercial Components),AZ23B24,Active,R H,Dual,,SOT-23,0.3,24,5,0.0001,18,70,250,1,150
MCC (Micro Commercial Components),AZ23B27,Active,R H,Dual,,SOT-23,0.3,27,2,0.0001,20,80,300,1,150
MCC (Micro Commercial Components),AZ23B30,Active,R H,Dual,,SOT-23,0.3,30,2,0.0001,22.5,80,300,1,150
MCC (Micro Commercial Components),AZ23B33,Active,R H,Dual,,SOT-23,0.3,33,2,0.0001,25,80,325,1,150
MCC (Micro Commercial Components),AZ23B36,Active,R H,Dual,,SOT-23,0.3,36,2,0.0001,27,90,350,1,150
MCC (Micro Commercial Components),AZ23B39,Active,R H,Dual,,SOT-23,0.3,39,2,0.0001,29,90,350,1,150
MCC (Micro Commercial Components),AZ23B13,Active,R H,Dual,,SOT-23,0.3,13,5,0.0001,10,25,170,1,150
MCC (Micro Commercial Components),AZ23B15,Active,R H,Dual,,SOT-23,0.3,15,5,0.0001,11,30,200,1,150
MCC (Micro Commercial Components),AZ23B16,Active,R H,Dual,,SOT-23,0.3,16,5,0.0001,12,40,200,1,150
MCC (Micro Commercial Components),AZ23B18,Active,R H,Dual,,SOT-23,0.3,18,5,0.0001,14,50,225,1,150
MCC (Micro Commercial Components),AZ23B20,Active,R H,Dual,,SOT-23,0.3,20,5,0.0001,15,55,225,1,150
MCC (Micro Commercial Components),AZ23B22,Active,R H,Dual,,SOT-23,0.3,22,5,0.0001,17,55,250,1,150
MCC (Micro Commercial Components),AZ23B7V5,Active,R H,Dual,,SOT-23,0.3,7.5,5,0.0001,5,7,80,1,150
MCC (Micro Commercial Components),AZ23B8V2,Active,R H,Dual,,SOT-23,0.3,8.2,5,0.0001,6,7,80,1,150
MCC (Micro Commercial Components),AZ23B9V1,Active,R H,Dual,,SOT-23,0.3,9.1,5,0.0001,7,10,100,1,150
MCC (Micro Commercial Components),AZ23B10,Active,R H,Dual,,SOT-23,0.3,10,5,0.0001,7.5,15,150,1,150
MCC (Micro Commercial Components),AZ23B11,Active,R H,Dual,,SOT-23,0.3,11,5,0.0001,8.5,20,150,1,150
MCC (Micro Commercial Components),AZ23B12,Active,R H,Dual,,SOT-23,0.3,12,5,0.0001,9,20,150,1,150
MCC (Micro Commercial Components),AZ23B4V3,Active,R H,Dual,,SOT-23,0.3,4.3,5,0.005,1,95,600,1,150
MCC (Micro Commercial Components),AZ23B4V7,Active,R H,Dual,,SOT-23,0.3,4.7,5,0.005,2,78,500,1,150
MCC (Micro Commercial Components),AZ23B5V1,Active,R H,Dual,,SOT-23,0.3,5.1,5,0.0001,0.8,60,480,1,150
MCC (Micro Commercial Components),AZ23B5V6,Active,R H,Dual,,SOT-23,0.3,5.6,5,0.0001,1,40,400,1,150
MCC (Micro Commercial Components),AZ23B6V2,Active,R H,Dual,,SOT-23,0.3,6.2,5,0.0001,2,10,150,1,150
MCC (Micro Commercial Components),AZ23B6V8,Active,R H,Dual,,SOT-23,0.3,6.8,5,0.0001,3,8,80,1,150
MCC (Micro Commercial Components),BZT52A24,Active,R H,Single,,SOD-123,0.5,24,5,0.045,16.8,65,235,1,150
MCC (Micro Commercial Components),BZT52B15L3PHE3,Active,A R H,Single,,DFN1006-2L,0.15,15,5,0.0001,10.5,30,200,1,150
MCC (Micro Commercial Components),BZT52B16L3PHE3,Active,A R H,Single,,DFN1006-2L,0.15,16,5,0.0001,11.2,40,200,1,150
MCC (Micro Commercial Components),BZT52B18L3PHE3,Active,A R H,Single,,DFN1006-2L,0.15,18,5,0.0001,12.6,45,225,1,150
MCC (Micro Commercial Components),BZT52B20L3PHE3,Active,A R H,Single,,DFN1006-2L,0.15,20,5,0.0001,14,55,225,1,150
MCC (Micro Commercial Components),BZT52B22L3PHE3,Active,A R H,Single,,DFN1006-2L,0.15,22,5,0.0001,15.4,55,250,1,150
MCC (Micro Commercial Components),BZT52B24L3PHE3,Active,A R H,Single,,DFN1006-2L,0.15,24,5,0.0001,16.8,70,250,1,150
MCC (Micro Commercial Components),BZT52B36L3PHE3,Active,A R H,Single,,DFN1006-2L,0.15,36,2,0.0001,25.2,90,350,0.5,150
MCC (Micro Commercial Components),BZT52B39L3PHE3,Active,A R H,Single,,DFN1006-2L,0.15,39,2,0.0001,27.3,130,350,0.5,150
MCC (Micro Commercial Components),BZT52B13L3PHE3,Active,A R H,Single,,DFN1006-2L,0.15,13,5,0.0001,8,30,170,1,150
MCC (Micro Commercial Components),BZT52B7V5L3PHE3,Active,A R H,Single,,DFN1006-2L,0.15,7.5,5,0.001,5,15,80,1,150
MCC (Micro Commercial Components),BZT52B8V2L3PHE3,Active,A R H,Single,,DFN1006-2L,0.15,8.2,5,0.0007,5,15,80,1,150
MCC (Micro Commercial Components),BZT52B9V1L3PHE3,Active,A R H,Single,,DFN1006-2L,0.15,9.1,5,0.0005,6,15,100,1,150
MCC (Micro Commercial Components),BZT52B30L3PHE3,Active,A R H,Single,,DFN1006-2L,0.15,30,2,0.0001,21,80,300,0.5,150
MCC (Micro Commercial Components),BZT52B33L3PHE3,Active,A R H,Single,,DFN1006-2L,0.15,33,2,0.0001,23.1,80,325,0.5,150
MCC (Micro Commercial Components),BZT52B5V6L3PHE3,Active,A R H,Single,,DFN1006-2L,0.15,5.6,5,0.001,2,40,400,1,150
MCC (Micro Commercial Components),BZT52B6V2L3PHE3,Active,A R H,Single,,DFN1006-2L,0.15,6.2,5,0.003,4,10,150,1,150
MCC (Micro Commercial Components),BZT52B6V8L3PHE3,Active,A R H,Single,,DFN1006-2L,0.15,6.8,5,0.002,4,15,80,1,150
MCC (Micro Commercial Components),BZT52B10L3PHE3,Active,A R H,Single,,DFN1006-2L,0.15,10,5,0.0002,7,20,150,1,150
MCC (Micro Commercial Components),BZT52B11L3PHE3,Active,A R H,Single,,DFN1006-2L,0.15,11,5,0.0001,8,20,150,1,150
MCC (Micro Commercial Components),BZT52B12L3PHE3,Active,A R H,Single,,DFN1006-2L,0.15,12,5,0.0001,8,25,150,1,150
MCC (Micro Commercial Components),BZT52B27L3PHE3,Active,A R H,Single,,DFN1006-2L,0.15,27,2,0.0001,18.9,80,300,0.5,150
MCC (Micro Commercial Components),BZT52B3V6L3PHE3,Active,A R H,Single,,DFN1006-2L,0.15,3.6,5,0.005,1,90,600,1,150
MCC (Micro Commercial Components),BZT52B3V9L3PHE3,Active,A R H,Single,,DFN1006-2L,0.15,3.9,5,0.003,1,90,600,1,150
MCC (Micro Commercial Components),BZT52B4V3L3PHE3,Active,A R H,Single,,DFN1006-2L,0.15,4.3,5,0.003,1,90,600,1,150
MCC (Micro Commercial Components),BZT52B4V7L3PHE3,Active,A R H,Single,,DFN1006-2L,0.15,4.7,5,0.003,2,80,500,1,150
MCC (Micro Commercial Components),BZT52B5V1L3PHE3,Active,A R H,Single,,DFN1006-2L,0.15,5.1,5,0.002,2,60,480,1,150
MCC (Micro Commercial Components),BZT52C2V0T,Active,R H,Single,,SOD-523,0.2,2.0,5.0,0.09,1.0,100,600,1.0,150
MCC (Micro Commercial Components),BZX84C2V0T,Active,R H,Single,,SOT-523,0.15,2,5,0.09,1,100,600,1,150
MCC (Micro Commercial Components),BZX84C2V4T,Active,R H,Single,,SOT-523,0.15,2.4,5,0.05,1,100,600,1,150
MCC (Micro Commercial Components),BZX84C2V7T,Active,R H,Single,,SOT-523,0.15,2.7,5,0.02,1,100,600,1,150
MCC (Micro Commercial Components),BZX84C3V0T,Active,R H,Single,,SOT-523,0.15,3,5,0.02,1,95,600,1,150
MCC (Micro Commercial Components),BZX84C3V3T,Active,R H,Single,,SOT-523,0.15,3.3,5,0.005,1,95,600,1,150
MCC (Micro Commercial Components),BZX84C3V6T,Active,R H,Single,,SOT-523,0.15,3.6,5,0.005,1,90,600,1,150
MCC (Micro Commercial Components),BZX84C39T,Active,R H,Single,,SOT-523,0.15,39,2,0.0001,27.3,130,350,0.5,150
MCC (Micro Commercial Components),BZX84C43T,Active,R H,Single,,SOT-523,0.15,43,5,0.0001,32,100,700,1,150
MCC (Micro Commercial Components),BZX84C47T,Active,R H,Single,,SOT-523,0.15,47,5,0.0001,35,100,750,1,150
MCC (Micro Commercial Components),BZX84C22T,Active,R H,Single,,SOT-523,0.15,22,5,0.0001,15.4,55,225,1,150
MCC (Micro Commercial Components),BZX84C24T,Active,R H,Single,,SOT-523,0.15,24,5,0.0001,16.8,70,250,1,150
MCC (Micro Commercial Components),BZX84C27T,Active,R H,Single,,SOT-523,0.15,27,2,0.0001,18.9,80,250,0.5,150
MCC (Micro Commercial Components),BZX84C30T,Active,R H,Single,,SOT-523,0.15,30,2,0.0001,21,80,300,0.5,150
MCC (Micro Commercial Components),BZX84C33T,Active,R H,Single,,SOT-523,0.15,33,2,0.0001,23.1,80,300,0.5,150
MCC (Micro Commercial Components),BZX84C36T,Active,R H,Single,,SOT-523,0.15,36,2,0.0001,25.2,90,325,0.5,150
MCC (Micro Commercial Components),BZX84C12T,Active,R H,Single,,SOT-523,0.15,12,5,0.0001,8,25,150,1,150
MCC (Micro Commercial Components),BZX84C13T,Active,R H,Single,,SOT-523,0.15,13,5,0.0001,8,30,150,1,150
MCC (Micro Commercial Components),BZX84C15T,Active,R H,Single,,SOT-523,0.15,15,5,0.0001,10.5,30,170,1,150
MCC (Micro Commercial Components),BZX84C16T,Active,R H,Single,,SOT-523,0.15,16,5,0.0001,11.2,40,200,1,150
MCC (Micro Commercial Components),BZX84C18T,Active,R H,Single,,SOT-523,0.15,18,5,0.0001,12.6,45,200,1,150
MCC (Micro Commercial Components),BZX84C20T,Active,R H,Single,,SOT-523,0.15,20,5,0.0001,14,55,225,1,150
MCC (Micro Commercial Components),BZX84C6V8T,Active,R H,Single,,SOT-523,0.15,6.8,5,0.002,4,15,150,1,150
MCC (Micro Commercial Components),BZX84C7V5T,Active,R H,Single,,SOT-523,0.15,7.5,5,0.001,5,15,80,1,150
MCC (Micro Commercial Components),BZX84C8V2T,Active,R H,Single,,SOT-523,0.15,8.2,5,0.0007,5,15,80,1,150
MCC (Micro Commercial Components),BZX84C9V1T,Active,R H,Single,,SOT-523,0.15,9.1,5,0.0005,6,15,80,1,150
MCC (Micro Commercial Components),BZX84C10T,Active,R H,Single,,SOT-523,0.15,10,5,0.0002,7,20,100,1,150
MCC (Micro Commercial Components),BZX84C11T,Active,R H,Single,,SOT-523,0.15,11,5,0.0001,8,20,150,1,150
MCC (Micro Commercial Components),BZX84C3V9T,Active,R H,Single,,SOT-523,0.15,3.9,5,0.003,1,90,600,1,150
MCC (Micro Commercial Components),BZX84C4V3T,Active,R H,Single,,SOT-523,0.15,4.3,5,0.003,1,90,600,1,150
MCC (Micro Commercial Components),BZX84C4V7T,Active,R H,Single,,SOT-523,0.15,4.7,5,0.003,2,80,600,1,150
MCC (Micro Commercial Components),BZX84C5V1T,Active,R H,Single,,SOT-523,0.15,5.1,5,0.002,2,80,500,1,150
MCC (Micro Commercial Components),BZX84C5V6T,Active,R H,Single,,SOT-523,0.15,5.6,5,0.001,2,40,480,1,150
MCC (Micro Commercial Components),BZX84C6V2T,Active,R H,Single,,SOT-523,0.15,6.2,5,0.003,4,10,400,1,150
MCC (Micro Commercial Components),MMBZ5221B,Active,R H,Single,,SOT-23,0.35,2.4,20,0.1,1,30,1200,0.25,150
MCC (Micro Commercial Components),MMBZ5222B,Active,R H,Single,,SOT-23,0.35,2.5,20,0.1,1,30,1250,0.25,150
MCC (Micro Commercial Components),MMBZ5223B,Active,R H,Single,,SOT-23,0.35,2.7,20,0.075,1,30,1300,0.25,150
MCC (Micro Commercial Components),MMBZ5225B,Active,R H,Single,,SOT-23,0.35,3,20,0.05,1,29,1600,0.25,150
MCC (Micro Commercial Components),MMBZ5226B,Active,R H,Single,,SOT-23,0.35,3.3,20,0.025,1,28,1600,0.25,150
MCC (Micro Commercial Components),MMBZ5227B,Active,R H,Single,,SOT-23,0.35,3.6,20,0.015,1,24,1700,0.25,150
MCC (Micro Commercial Components),MMBZ5228B,Active,R H,Single,,SOT-23,0.35,3.9,20,0.01,1,23,1900,0.25,150
MCC (Micro Commercial Components),MMBZ5229B,Active,R H,Single,,SOT-23,0.35,4.3,20,0.005,1,22,2000,0.25,150
MCC (Micro Commercial Components),MMBZ5230B,Active,R H,Single,,SOT-23,0.35,4.7,20,0.005,2,19,1900,0.25,150
MCC (Micro Commercial Components),MMBZ5231B,Active,R H,Single,,SOT-23,0.35,5.1,20,0.005,2,17,1600,0.25,150
MCC (Micro Commercial Components),MMBZ5232B,Active,R H,Single,,SOT-23,0.35,5.6,20,0.005,3,11,1600,0.25,150
MCC (Micro Commercial Components),MMBZ5234B,Active,R H,Single,,SOT-23,0.35,6.2,20,0.005,4,7,1000,0.25,150
MCC (Micro Commercial Components),MMBZ5235B,Active,R H,Single,,SOT-23,0.35,6.8,20,0.003,5,5,750,0.25,150
MCC (Micro Commercial Components),MMBZ5236B,Active,R H,Single,,SOT-23,0.35,7.5,20,0.003,6,6,500,0.25,150
MCC (Micro Commercial Components),MMBZ5237B,Active,R H,Single,,SOT-23,0.35,8.2,20,0.003,6.5,8,500,0.25,150
MCC (Micro Commercial Components),MMBZ5239B,Active,R H,Single,,SOT-23,0.35,9.1,20,0.003,7,10,600,0.25,150
MCC (Micro Commercial Components),MMBZ5240B,Active,R H,Single,,SOT-23,0.35,10,20,0.003,8,17,600,0.25,150
MCC (Micro Commercial Components),MMBZ5241B,Active,R H,Single,,SOT-23,0.35,11,20,0.002,8.4,22,600,0.25,150
MCC (Micro Commercial Components),MMBZ5242B,Active,R H,Single,,SOT-23,0.35,12,20,0.001,9.1,30,600,0.25,150
MCC (Micro Commercial Components),MMBZ5243B,Active,R H,Single,,SOT-23,0.35,13,9.5,0.0005,9.9,13,600,0.25,150
MCC (Micro Commercial Components),MMBZ5245B,Active,R H,Single,,SOT-23,0.35,15,8.5,0.0001,11,16,600,0.25,150
MCC (Micro Commercial Components),MMBZ5246B,Active,R H,Single,,SOT-23,0.35,16,7.8,0.0001,12,17,600,0.25,150
MCC (Micro Commercial Components),MMBZ5248B,Active,R H,Single,,SOT-23,0.35,18,7,0.0001,14,21,600,0.25,150
MCC (Micro Commercial Components),MMBZ5250B,Active,R H,Single,,SOT-23,0.35,20,6.2,0.0001,15,25,600,0.25,150
MCC (Micro Commercial Components),MMBZ5251B,Active,R H,Single,,SOT-23,0.35,22,5.6,0.0001,17,29,600,0.25,150
MCC (Micro Commercial Components),MMBZ5252B,Active,R H,Single,,SOT-23,0.35,24,5.2,0.0001,18,33,600,0.25,150
MCC (Micro Commercial Components),MMBZ5254B,Active,R H,Single,,SOT-23,0.35,27,4.6,0.0001,21,41,600,0.25,150
MCC (Micro Commercial Components),MMBZ5255B,Active,R H,Single,,SOT-23,0.35,28,4.5,0.0001,21,44,600,0.25,150
MCC (Micro Commercial Components),MMBZ5256B,Active,R H,Single,,SOT-23,0.35,30,4.2,0.0001,23,49,600,0.25,150
MCC (Micro Commercial Components),MMBZ5257B,Active,R H,Single,,SOT-23,0.35,33,3.8,0.0001,25,58,700,0.25,150
MCC (Micro Commercial Components),MMBZ5258B,Active,R H,Single,,SOT-23,0.35,36,3.4,0.0001,27,70,700,0.25,150
MCC (Micro Commercial Components),MMBZ5259B,Active,R H,Single,,SOT-23,0.35,39,3.2,0.0001,30,80,800,0.25,150
MCC (Micro Commercial Components),MMXZ5223B,Active,R H,Single,,SOD-323,0.2,2.7,20,0.075,1,30,1300,0.25,150
MCC (Micro Commercial Components),MMXZ5225B,Active,R H,Single,,SOD-323,0.2,3,20,0.05,1,29,1600,0.25,150
MCC (Micro Commercial Components),MMXZ5226B,Active,R H,Single,,SOD-323,0.2,3.3,20,0.025,1,28,1600,0.25,150
MCC (Micro Commercial Components),MMXZ5227B,Active,R H,Single,,SOD-323,0.2,3.6,20,0.015,1,24,1700,0.25,150
MCC (Micro Commercial Components),MMXZ5228B,Active,R H,Single,,SOD-323,0.2,3.9,20,0.01,1,23,1900,0.25,150
MCC (Micro Commercial Components),MMXZ5229B,Active,R H,Single,,SOD-323,0.2,4.3,20,0.005,1,22,2000,0.25,150
MCC (Micro Commercial Components),MMXZ5230B,Active,R H,Single,,SOD-323,0.2,4.7,20,0.005,2,19,1900,0.25,150
MCC (Micro Commercial Components),MMXZ5231B,Active,R H,Single,,SOD-323,0.2,5.1,20,0.005,2,17,1600,0.25,150
MCC (Micro Commercial Components),MMXZ5232B,Active,R H,Single,,SOD-323,0.2,5.6,20,0.005,3,11,1600,0.25,150
MCC (Micro Commercial Components),MMXZ5234B,Active,R H,Single,,SOD-323,0.2,6.2,20,0.005,4,7,1000,0.25,150
MCC (Micro Commercial Components),MMXZ5235B,Active,R H,Single,,SOD-323,0.2,6.8,20,0.003,5,5,750,0.25,150
MCC (Micro Commercial Components),MMXZ5236B,Active,R H,Single,,SOD-323,0.2,7.5,20,0.003,6,6,500,0.25,150
MCC (Micro Commercial Components),MMXZ5237B,Active,R H,Single,,SOD-323,0.2,8.2,20,0.003,6.5,8,500,0.25,150
MCC (Micro Commercial Components),MMXZ5239B,Active,R H,Single,,SOD-323,0.2,9.1,20,0.003,7,10,600,0.25,150
MCC (Micro Commercial Components),MMXZ5240B,Active,R H,Single,,SOD-323,0.2,10,20,0.003,8,17,600,0.25,150
MCC (Micro Commercial Components),MMXZ5241B,Active,R H,Single,,SOD-323,0.2,11,20,0.002,8.4,22,600,0.25,150
MCC (Micro Commercial Components),MMXZ5242B,Active,R H,Single,,SOD-323,0.2,12,20,0.001,9.1,30,600,0.25,150
MCC (Micro Commercial Components),MMXZ5243B,Active,R H,Single,,SOD-323,0.2,13,9.5,0.0005,9.9,13,600,0.25,150
MCC (Micro Commercial Components),MMXZ5245B,Active,R H,Single,,SOD-323,0.2,15,8.5,0.0001,11,16,600,0.25,150
MCC (Micro Commercial Components),MMXZ5246B,Active,R H,Single,,SOD-323,0.2,16,7.8,0.0001,12,17,600,0.25,150
MCC (Micro Commercial Components),MMXZ5248B,Active,R H,Single,,SOD-323,0.2,18,7,0.0001,14,21,600,0.25,150
MCC (Micro Commercial Components),MMXZ5250B,Active,R H,Single,,SOD-323,0.2,20,6.2,0.0001,15,25,600,0.25,150
MCC (Micro Commercial Components),MMXZ5251B,Active,R H,Single,,SOD-323,0.2,22,5.6,0.0001,17,29,600,0.25,150
MCC (Micro Commercial Components),MMXZ5252B,Active,R H,Single,,SOD-323,0.2,24,5.2,0.0001,18,33,600,0.25,150
MCC (Micro Commercial Components),MMXZ5254B,Active,R H,Single,,SOD-323,0.2,27,4.6,0.0001,21,41,600,0.25,150
MCC (Micro Commercial Components),MMXZ5255B,Active,R H,Single,,SOD-323,0.2,28,4.5,0.0001,21,44,600,0.25,150
MCC (Micro Commercial Components),MMXZ5256B,Active,R H,Single,,SOD-323,0.2,30,4.2,0.0001,23,49,600,0.25,150
MCC (Micro Commercial Components),MMXZ5257B,Active,R H,Single,,SOD-323,0.2,33,3.8,0.0001,25,58,700,0.25,150
MCC (Micro Commercial Components),MMXZ5258B,Active,R H,Single,,SOD-323,0.2,36,3.4,0.0001,27,70,700,0.25,150
MCC (Micro Commercial Components),MMXZ5259B,Active,R H,Single,,SOD-323,0.2,39,3.2,0.0001,30,80,800,0.25,150
MCC (Micro Commercial Components),MMSZ5221B,Active,R H,Single,,SOD-123,0.5,2.4,20,0.1,1,30,1200,0.25,150
MCC (Micro Commercial Components),MMSZ5222B,Active,R H,Single,,SOD-123,0.5,2.5,20,0.1,1,30,1250,0.25,150
MCC (Micro Commercial Components),MMSZ5223B,Active,R H,Single,,SOD-123,0.5,2.7,20,0.075,1,30,1300,0.25,150
MCC (Micro Commercial Components),MMSZ5225B,Active,R H,Single,,SOD-123,0.5,3,20,0.05,1,29,1600,0.25,150
MCC (Micro Commercial Components),MMSZ5226B,Active,R H,Single,,SOD-123,0.5,3.3,20,0.025,1,28,1600,0.25,150
MCC (Micro Commercial Components),MMSZ5227B,Active,R H,Single,,SOD-123,0.5,3.6,20,0.015,1,24,1700,0.25,150
MCC (Micro Commercial Components),MMSZ5228B,Active,R H,Single,,SOD-123,0.5,3.9,20,0.01,1,23,1900,0.25,150
MCC (Micro Commercial Components),MMSZ5229B,Active,R H,Single,,SOD-123,0.5,4.3,20,0.005,1,22,2000,0.25,150
MCC (Micro Commercial Components),MMSZ5230B,Active,R H,Single,,SOD-123,0.5,4.7,20,0.005,2,19,1900,0.25,150
MCC (Micro Commercial Components),MMSZ5231B,Active,R H,Single,,SOD-123,0.5,5.1,20,0.005,2,17,1600,0.25,150
MCC (Micro Commercial Components),MMSZ5232B,Active,R H,Single,,SOD-123,0.5,5.6,20,0.005,3,11,1600,0.25,150
MCC (Micro Commercial Components),MMSZ5234B,Active,R H,Single,,SOD-123,0.5,6.2,20,0.005,4,7,1000,0.25,150
MCC (Micro Commercial Components),MMSZ5235B,Active,R H,Single,,SOD-123,0.5,6.8,20,0.003,5,5,750,0.25,150
MCC (Micro Commercial Components),MMSZ5236B,Active,R H,Single,,SOD-123,0.5,7.5,20,0.003,6,6,500,0.25,150
MCC (Micro Commercial Components),MMSZ5237B,Active,R H,Single,,SOD-123,0.5,8.2,20,0.003,6.5,8,500,0.25,150
MCC (Micro Commercial Components),MMSZ5239B,Active,R H,Single,,SOD-123,0.5,9.1,20,0.003,7,10,600,0.25,150
MCC (Micro Commercial Components),MMSZ5240B,Active,R H,Single,,SOD-123,0.5,10,20,0.003,8,17,600,0.25,150
MCC (Micro Commercial Components),MMSZ5241B,Active,R H,Single,,SOD-123,0.5,11,20,0.002,8.4,22,600,0.25,150
MCC (Micro Commercial Components),MMSZ5242B,Active,R H,Single,,SOD-123,0.5,12,20,0.001,9.1,30,600,0.25,150
MCC (Micro Commercial Components),MMSZ5243B,Active,R H,Single,,SOD-123,0.5,13,9.5,0.0005,9.9,13,600,0.25,150
MCC (Micro Commercial Components),MMSZ5245B,Active,R H,Single,,SOD-123,0.5,15,8.5,0.0001,11,16,600,0.25,150
MCC (Micro Commercial Components),MMSZ5246B,Active,R H,Single,,SOD-123,0.5,16,7.8,0.0001,12,17,600,0.25,150
MCC (Micro Commercial Components),MMSZ5248B,Active,R H,Single,,SOD-123,0.5,18,7,0.0001,14,21,600,0.25,150
MCC (Micro Commercial Components),MMSZ5250B,Active,R H,Single,,SOD-123,0.5,20,6.2,0.0001,15,25,600,0.25,150
MCC (Micro Commercial Components),MMSZ5251B,Active,R H,Single,,SOD-123,0.5,22,5.6,0.0001,17,29,600,0.25,150
MCC (Micro Commercial Components),MMSZ5252B,Active,R H,Single,,SOD-123,0.5,24,5.2,0.0001,18,33,600,0.25,150
MCC (Micro Commercial Components),MMSZ5254B,Active,R H,Single,,SOD-123,0.5,27,4.6,0.0001,21,41,600,0.25,150
MCC (Micro Commercial Components),MMSZ5255B,Active,R H,Single,,SOD-123,0.5,28,4.5,0.0001,21,44,600,0.25,150
MCC (Micro Commercial Components),MMSZ5256B,Active,R H,Single,,SOD-123,0.5,30,4.2,0.0001,23,49,600,0.25,150
MCC (Micro Commercial Components),MMSZ5257B,Active,R H,Single,,SOD-123,0.5,33,3.8,0.0001,25,58,700,0.25,150
MCC (Micro Commercial Components),MMSZ5258B,Active,R H,Single,,SOD-123,0.5,36,3.4,0.0001,27,70,700,0.25,150
MCC (Micro Commercial Components),MMSZ5259B,Active,R H,Single,,SOD-123,0.5,39,3.2,0.0001,30,80,800,0.25,150
MCC (Micro Commercial Components),BZX84C2V4,Active,R H,Single,,SOT-23,0.35,2.4,5,0.05,1,100,600,1,150
MCC (Micro Commercial Components),BZX84C2V7,Active,R H,Single,,SOT-23,0.35,2.7,5,0.02,1,100,600,1,150
MCC (Micro Commercial Components),BZX84C3V0,Active,R H,Single,,SOT-23,0.35,3,5,0.01,1,95,600,1,150
MCC (Micro Commercial Components),BZX84C3V6,Active,R H,Single,,SOT-23,0.35,3.6,5,0.005,1,90,600,1,150
MCC (Micro Commercial Components),BZX84C3V9,Active,R H,Single,,SOT-23,0.35,3.9,5,0.003,1,90,600,1,150
MCC (Micro Commercial Components),BZX84C4V3,Active,R H,Single,,SOT-23,0.35,4.3,5,0.003,1,90,600,1,150
MCC (Micro Commercial Components),BZX84C4V7,Active,R H,Single,,SOT-23,0.35,4.7,5,0.003,2,80,500,1,150
MCC (Micro Commercial Components),BZX84C5V1,Active,R H,Single,,SOT-23,0.35,5.1,5,0.002,2,60,480,1,150
MCC (Micro Commercial Components),BZX84C5V6,Active,R H,Single,,SOT-23,0.35,5.6,5,0.001,2,40,400,1,150
MCC (Micro Commercial Components),BZX84C6V2,Active,R H,Single,,SOT-23,0.35,6.2,5,0.003,4,10,150,1,150
MCC (Micro Commercial Components),BZX84C6V8,Active,R H,Single,,SOT-23,0.35,6.8,5,0.002,4,15,80,1,150
MCC (Micro Commercial Components),BZX84C7V5,Active,R H,Single,,SOT-23,0.35,7.5,5,0.001,5,15,80,1,150
MCC (Micro Commercial Components),BZX84C8V2,Active,R H,Single,,SOT-23,0.35,8.2,5,0.0007,5,15,80,1,150
MCC (Micro Commercial Components),BZX84C9V1,Active,R H,Single,,SOT-23,0.35,9.1,5,0.0005,6,15,100,1,150
MCC (Micro Commercial Components),BZX84C10,Active,R H,Single,,SOT-23,0.35,10,5,0.0002,7,20,150,1,150
MCC (Micro Commercial Components),BZX84C11,Active,R H,Single,,SOT-23,0.35,11,5,0.0001,8,20,150,1,150
MCC (Micro Commercial Components),BZX84C12,Active,R H,Single,,SOT-23,0.35,12,5,0.0001,8,25,150,1,150
MCC (Micro Commercial Components),BZX84C13,Active,R H,Single,,SOT-23,0.35,13,5,0.0001,8,30,170,1,150
MCC (Micro Commercial Components),BZX84C15,Active,R H,Single,,SOT-23,0.35,15,5,0.0001,10.5,30,200,1,150
MCC (Micro Commercial Components),BZX84C16,Active,R H,Single,,SOT-23,0.35,16,5,0.0001,11.2,40,200,1,150
MCC (Micro Commercial Components),BZX84C18,Active,R H,Single,,SOT-23,0.35,18,5,0.0001,12.6,45,225,1,150
MCC (Micro Commercial Components),BZX84C20,Active,R H,Single,,SOT-23,0.35,20,5,0.0001,14,55,225,1,150
MCC (Micro Commercial Components),BZX84C22,Active,R H,Single,,SOT-23,0.35,22,5,0.0001,15.4,55,250,1,150
MCC (Micro Commercial Components),BZX84C24,Active,R H,Single,,SOT-23,0.35,24,5,0.0001,16.8,70,250,1,150
MCC (Micro Commercial Components),BZX84C27,Active,R H,Single,,SOT-23,0.35,27,2,0.0001,18.9,80,300,0.5,150
MCC (Micro Commercial Components),BZX84C30,Active,R H,Single,,SOT-23,0.35,30,2,0.0001,21,80,300,0.5,150
MCC (Micro Commercial Components),BZX84C33,Active,R H,Single,,SOT-23,0.35,33,2,0.0001,23.1,80,325,0.5,150
MCC (Micro Commercial Components),BZX84C36,Active,R H,Single,,SOT-23,0.35,36,2,0.0001,25.2,90,350,0.5,150
MCC (Micro Commercial Components),BZX84C39,Active,R H,Single,,SOT-23,0.35,39,2,0.0001,27.3,130,350,0.5,150
MCC (Micro Commercial Components),BZX84C2V4W,Active,R H,Single,,SOT-323,0.2,2.4,5,0.05,1,100,600,1,150
MCC (Micro Commercial Components),BZX84C2V7W,Active,R H,Single,,SOT-323,0.2,2.7,5,0.02,1,100,600,1,150
MCC (Micro Commercial Components),BZX84C3V0W,Active,R H,Single,,SOT-323,0.2,3,5,0.01,1,95,600,1,150
MCC (Micro Commercial Components),BZX84C3V3W,Active,R H,Single,,SOT-323,0.2,3.3,5,0.005,1,95,600,1,150
MCC (Micro Commercial Components),BZX84C3V6W,Active,R H,Single,,SOT-323,0.2,3.6,5,0.005,1,90,600,1,150
MCC (Micro Commercial Components),BZX84C3V9W,Active,R H,Single,,SOT-323,0.2,3.9,5,0.003,1,90,600,1,150
MCC (Micro Commercial Components),BZX84C4V3W,Active,R H,Single,,SOT-323,0.2,4.3,5,0.003,1,90,600,1,150
MCC (Micro Commercial Components),BZX84C4V7W,Active,R H,Single,,SOT-323,0.2,4.7,5,0.003,2,80,500,1,150
MCC (Micro Commercial Components),BZX84C5V1W,Active,R H,Single,,SOT-323,0.2,5.1,5,0.002,2,60,480,1,150
MCC (Micro Commercial Components),BZX84C5V6W,Active,R H,Single,,SOT-323,0.2,5.6,5,0.001,2,40,400,1,150
MCC (Micro Commercial Components),BZX84C6V2W,Active,R H,Single,,SOT-323,0.2,6.2,5,0.003,4,10,150,1,150
MCC (Micro Commercial Components),BZX84C6V8W,Active,R H,Single,,SOT-323,0.2,6.8,5,0.002,4,15,80,1,150
MCC (Micro Commercial Components),BZX84C7V5W,Active,R H,Single,,SOT-323,0.2,7.5,5,0.001,5,15,80,1,150
MCC (Micro Commercial Components),BZX84C8V2W,Active,R H,Single,,SOT-323,0.2,8.2,5,0.0007,5,15,80,1,150
MCC (Micro Commercial Components),BZX84C9V1W,Active,R H,Single,,SOT-323,0.2,9.1,5,0.0005,6,15,100,1,150
MCC (Micro Commercial Components),BZX84C10W,Active,R H,Single,,SOT-323,0.2,10,5,0.0002,7,20,150,1,150
MCC (Micro Commercial Components),BZX84C11W,Active,R H,Single,,SOT-323,0.2,11,5,0.0001,8,20,150,1,150
MCC (Micro Commercial Components),BZX84C12W,Active,R H,Single,,SOT-323,0.2,12,5,0.0001,8,25,150,1,150
MCC (Micro Commercial Components),BZX84C13W,Active,R H,Single,,SOT-323,0.2,13,5,0.0001,8,30,170,1,150
MCC (Micro Commercial Components),BZX84C15W,Active,R H,Single,,SOT-323,0.2,15,5,0.0001,10.5,30,200,1,150
MCC (Micro Commercial Components),BZX84C16W,Active,R H,Single,,SOT-323,0.2,16,5,0.0001,11.2,40,200,1,150
MCC (Micro Commercial Components),BZX84C18W,Active,R H,Single,,SOT-323,0.2,18,5,0.0001,12.6,45,225,1,150
MCC (Micro Commercial Components),BZX84C20W,Active,R H,Single,,SOT-323,0.2,20,5,0.0001,14,55,225,1,150
MCC (Micro Commercial Components),BZX84C22W,Active,R H,Single,,SOT-323,0.2,22,5,0.0001,15.4,55,250,1,150
MCC (Micro Commercial Components),BZX84C24W,Active,R H,Single,,SOT-323,0.2,24,5,0.0001,16.8,70,250,1,150
MCC (Micro Commercial Components),BZX84C27W,Active,R H,Single,,SOT-323,0.2,27,5,0.0001,18.9,80,300,1,150
MCC (Micro Commercial Components),BZX84C30W,Active,R H,Single,,SOT-323,0.2,30,5,0.0001,21,80,300,1,150
MCC (Micro Commercial Components),BZX84C33W,Active,R H,Single,,SOT-323,0.2,33,5,0.0001,23.1,80,325,1,150
MCC (Micro Commercial Components),BZX84C36W,Active,R H,Single,,SOT-323,0.2,36,5,0.0001,25.2,90,350,1,150
MCC (Micro Commercial Components),BZX84C39W,Active,R H,Single,,SOT-323,0.2,39,5,0.0001,27.3,130,350,1,150
MCC (Micro Commercial Components),1EZ110D5,Active,R,Single,,DO-41,1,110,2.3,0.0001,83.6,450,4000,0.25,150
MCC (Micro Commercial Components),1EZ120D5,Active,R,Single,,DO-41,1,120,2,0.0001,91.2,550,4500,0.25,150
MCC (Micro Commercial Components),1EZ130D5,Active,R,Single,,DO-41,1,130,1.9,0.0001,98.8,700,5000,0.25,150
MCC (Micro Commercial Components),1EZ140D5,Active,R,Single,,DO-41,1,140,1.8,0.0001,106.4,900,5500,0.25,150
MCC (Micro Commercial Components),1EZ150D5,Active,R,Single,,DO-41,1,150,1.7,0.0001,114,1000,6000,0.25,150
MCC (Micro Commercial Components),1EZ160D5,Active,R,Single,,DO-41,1,160,1.6,0.0001,121.6,1100,6500,0.25,150
MCC (Micro Commercial Components),1EZ170D5,Active,R,Single,,DO-41,1,170,1.5,0.0001,129.2,1150,6800,0.25,150
MCC (Micro Commercial Components),1EZ180D5,Active,R,Single,,DO-41,1,180,1.4,0.0001,136.8,1200,7000,0.25,150
MCC (Micro Commercial Components),1EZ190D5,Active,R,Single,,DO-41,1,190,1.3,0.0001,144.4,1350,7500,0.25,150
MCC (Micro Commercial Components),1EZ200D5,Active,R,Single,,DO-41,1,200,1.2,0.0001,152,1900,9990,0.25,150
MCC (Micro Commercial Components),2EZ11D5,Active,R,Single,,DO-41,2,11,45.5,0.001,8.4,4,700,0.25,150
MCC (Micro Commercial Components),2EZ12D5,Active,R,Single,,DO-41,2,12,41.5,0.001,9.1,4.5,700,0.25,150
MCC (Micro Commercial Components),2EZ13D5,Active,R,Single,,DO-41,2,13,38.5,0.0005,9.9,5,700,0.25,150
MCC (Micro Commercial Components),2EZ14D5,Active,R,Single,,DO-41,2,14,35.7,0.0005,10.6,5.5,700,0.25,150
MCC (Micro Commercial Components),2EZ15D5,Active,R,Single,,DO-41,2,15,33.4,0.0005,11.4,7,700,0.25,150
MCC (Micro Commercial Components),2EZ16D5,Active,R,Single,,DO-41,2,16,31.2,0.0005,12.2,8,700,0.25,150
MCC (Micro Commercial Components),2EZ17D5,Active,R,Single,,DO-41,2,17,29.4,0.0005,13,9,750,0.25,150
MCC (Micro Commercial Components),2EZ18D5,Active,R,Single,,DO-41,2,18,27.8,0.0005,13.7,10,750,0.25,150
MCC (Micro Commercial Components),2EZ19D5,Active,R,Single,,DO-41,2,19,26.3,0.0005,14.4,11,750,0.25,150
MCC (Micro Commercial Components),2EZ20D5,Active,R,Single,,DO-41,2,20,25,0.0005,15.2,11,750,0.25,150
MCC (Micro Commercial Components),2EZ22D5,Active,R,Single,,DO-41,2,22,22.8,0.0005,16.7,12,750,0.25,150
MCC (Micro Commercial Components),2EZ24D5,Active,R,Single,,DO-41,2,24,20.8,0.0005,18.2,13,750,0.25,150
MCC (Micro Commercial Components),2EZ27D5,Active,R,Single,,DO-41,2,27,18.5,0.0005,20.6,18,750,0.25,150
MCC (Micro Commercial Components),2EZ30D5,Active,R,Single,,DO-41,2,30,16.6,0.0005,22.5,20,1000,0.25,150
MCC (Micro Commercial Components),2EZ33D5,Active,R,Single,,DO-41,2,33,15.1,0.0005,25.1,23,1000,0.25,150
MCC (Micro Commercial Components),2EZ36D5,Active,R,Single,,DO-41,2,36,13.9,0.0005,27.4,25,1000,0.25,150
MCC (Micro Commercial Components),2EZ39D5,Active,R,Single,,DO-41,2,39,12.8,0.0005,29.7,30,1000,0.25,150
MCC (Micro Commercial Components),SMBJ5927B,Active,R H,Single,,SMB,1.5,12,31.2,0.001,9.1,6.5,550,0.25,150
MCC (Micro Commercial Components),SMBJ5928B,Active,R H,Single,,SMB,1.5,13,28.8,0.001,9.9,7,550,0.25,150
MCC (Micro Commercial Components),SMBJ5929B,Active,R H,Single,,SMB,1.5,15,25,0.001,11.4,9,600,0.25,150
MCC (Micro Commercial Components),SMBJ5930B,Active,R H,Single,,SMB,1.5,16,23.4,0.001,12.2,10,600,0.25,150
MCC (Micro Commercial Components),SMBJ5931B,Active,R H,Single,,SMB,1.5,18,20.8,0.001,13.7,12,650,0.25,150
MCC (Micro Commercial Components),SMBJ5932B,Active,R H,Single,,SMB,1.5,20,18.7,0.001,15.2,14,650,0.25,150
MCC (Micro Commercial Components),SMBJ5933B,Active,R H,Single,,SMB,1.5,22,17,0.001,16.7,17.5,650,0.25,150
MCC (Micro Commercial Components),SMBJ5934B,Active,R H,Single,,SMB,1.5,24,15.6,0.001,18.2,19,700,0.25,150
MCC (Micro Commercial Components),SMBJ5935B,Active,R H,Single,,SMB,1.5,27,13.9,0.001,20.6,23,700,0.25,150
MCC (Micro Commercial Components),SMBJ5936B,Active,R H,Single,,SMB,1.5,30,12.5,0.001,22.8,28,750,0.25,150
MCC (Micro Commercial Components),SMBJ5937B,Active,R H,Single,,SMB,1.5,33,11.4,0.001,25.1,33,800,0.25,150
MCC (Micro Commercial Components),SMBJ5938B,Active,R H,Single,,SMB,1.5,36,10.4,0.001,27.4,38,850,0.25,150
MCC (Micro Commercial Components),SMBJ5939B,Active,R H,Single,,SMB,1.5,39,9.6,0.001,29.7,45,900,0.25,150
MCC (Micro Commercial Components),1N5348B,Active,R,Single,,DO-15,5,11,125,0.005,8.4,2.5,125,1,200
MCC (Micro Commercial Components),1N5349B,Active,R,Single,,DO-15,5,12,100,0.002,9.1,2.5,125,1,200
MCC (Micro Commercial Components),1N5350B,Active,R,Single,,DO-15,5,13,100,0.001,9.9,2.5,100,1,200
MCC (Micro Commercial Components),1N5351B,Active,R,Single,,DO-15,5,14,100,0.001,10.6,2.5,75,1,200
MCC (Micro Commercial Components),1N5352B,Active,R,Single,,DO-15,5,15,75,0.001,11.5,2.5,75,1,200
MCC (Micro Commercial Components),1N5353B,Active,R,Single,,DO-15,5,16,75,0.001,12.2,2.5,75,1,200
MCC (Micro Commercial Components),1N5354B,Active,R,Single,,DO-15,5,17,70,0.0005,12.9,2.5,75,1,200
MCC (Micro Commercial Components),1N5355B,Active,R,Single,,DO-15,5,18,65,0.0005,13.7,2.5,75,1,200
MCC (Micro Commercial Components),1N5356B,Active,R,Single,,DO-15,5,19,65,0.0005,14.4,3,75,1,200
MCC (Micro Commercial Components),1N5357B,Active,R,Single,,DO-15,5,20,65,0.0005,15.2,3,75,1,200
MCC (Micro Commercial Components),1N5358B,Active,R,Single,,DO-15,5,22,50,0.0005,16.7,3.5,75,1,200
MCC (Micro Commercial Components),1N5359B,Active,R,Single,,DO-15,5,24,50,0.0005,18.2,3.5,100,1,200
MCC (Micro Commercial Components),1N5360B,Active,R,Single,,DO-15,5,25,50,0.0005,19,4,110,1,200
MCC (Micro Commercial Components),1N5361B,Active,R,Single,,DO-15,5,27,50,0.0005,20.6,5,120,1,200
MCC (Micro Commercial Components),1N5362B,Active,R,Single,,DO-15,5,28,50,0.0005,21.2,6,130,1,200
MCC (Micro Commercial Components),1N5363B,Active,R,Single,,DO-15,5,30,40,0.0005,22.8,8,140,1,200
MCC (Micro Commercial Components),1N5364B,Active,R,Single,,DO-15,5,33,40,0.0005,25.1,10,150,1,200
MCC (Micro Commercial Components),1N5365B,Active,R,Single,,DO-15,5,36,30,0.0005,27.4,11,160,1,200
MCC (Micro Commercial Components),1N5366B,Active,R,Single,,DO-15,5,39,30,0.0005,29.7,14,170,1,200
MCC (Micro Commercial Components),1N5367B,Active,R,Single,,DO-15,5,43,30,0.0005,32.7,20,190,1,200
MCC (Micro Commercial Components),1N5368B,Active,R,Single,,DO-15,5,47,25,0.0005,35.8,25,210,1,200
MCC (Micro Commercial Components),1N5369B,Active,R,Single,,DO-15,5,51,25,0.0005,38.8,27,230,1,200
MCC (Micro Commercial Components),BZT52C2V4,Active,R H,Single,,SOD-123,0.5,2.4,5,0.05,1,100,600,1,150
MCC (Micro Commercial Components),BZT52C2V7,Active,R H,Single,,SOD-123,0.5,2.7,5,0.02,1,100,600,1,150
MCC (Micro Commercial Components),BZT52C3V3,Active,R H,Single,,SOD-123,0.5,3.3,5,0.005,1,95,600,1,150
MCC (Micro Commercial Components),BZT52C3V6,Active,R H,Single,,SOD-123,0.5,3.6,5,0.005,1,90,600,1,150
MCC (Micro Commercial Components),BZT52C3V9,Active,R H,Single,,SOD-123,0.5,3.9,5,0.003,1,90,600,1,150
MCC (Micro Commercial Components),BZT52C4V3,Active,R H,Single,,SOD-123,0.5,4.3,5,0.003,1,90,600,1,150
MCC (Micro Commercial Components),BZT52C4V7,Active,R H,Single,,SOD-123,0.5,4.7,5,0.003,2,80,500,1,150
MCC (Micro Commercial Components),BZT52C5V1,Active,R H,Single,,SOD-123,0.5,5.1,5,0.002,2,60,480,1,150
MCC (Micro Commercial Components),BZT52C5V6,Active,R H,Single,,SOD-123,0.5,5.6,5,0.001,2,40,400,1,150
MCC (Micro Commercial Components),BZT52C6V2,Active,R H,Single,,SOD-123,0.5,6.2,5,0.003,4,10,150,1,150
MCC (Micro Commercial Components),BZT52C6V8,Active,R H,Single,,SOD-123,0.5,6.8,5,0.002,4,15,80,1,150
MCC (Micro Commercial Components),BZT52C7V5,Active,R H,Single,,SOD-123,0.5,7.5,5,0.001,5,15,80,1,150
MCC (Micro Commercial Components),BZT52C8V2,Active,R H,Single,,SOD-123,0.5,8.2,5,0.0007,5,15,80,1,150
MCC (Micro Commercial Components),BZT52C9V1,Active,R H,Single,,SOD-123,0.5,9.1,5,0.0005,6,15,100,1,150
MCC (Micro Commercial Components),BZT52C10,Active,R H,Single,,SOD-123,0.5,10,5,0.0002,7,20,150,1,150
MCC (Micro Commercial Components),BZT52C11,Active,R H,Single,,SOD-123,0.5,11,5,0.0001,8,20,150,1,150
MCC (Micro Commercial Components),BZT52C12,Active,R H,Single,,SOD-123,0.5,12,5,0.0001,8,25,150,1,150
MCC (Micro Commercial Components),BZT52C13,Active,R H,Single,,SOD-123,0.5,13,5,0.0001,8,30,170,1,150
MCC (Micro Commercial Components),BZT52C15,Active,R H,Single,,SOD-123,0.5,15,5,0.0001,10.5,30,200,1,150
MCC (Micro Commercial Components),BZT52C16,Active,R H,Single,,SOD-123,0.5,16,5,0.0001,11.2,40,200,1,150
MCC (Micro Commercial Components),BZT52C18,Active,R H,Single,,SOD-123,0.5,18,5,0.0001,12.6,45,225,1,150
MCC (Micro Commercial Components),BZT52C20,Active,R H,Single,,SOD-123,0.5,20,5,0.0001,14,55,225,1,150
MCC (Micro Commercial Components),BZT52C22,Active,R H,Single,,SOD-123,0.5,22,5,0.0001,15.4,55,250,1,150
MCC (Micro Commercial Components),BZT52C24,Active,R H,Single,,SOD-123,0.5,24,5,0.0001,16.8,70,250,1,150
MCC (Micro Commercial Components),BZT52C27,Active,R H,Single,,SOD-123,0.5,27,2,0.0001,18.9,80,300,0.5,150
MCC (Micro Commercial Components),BZT52C30,Active,R H,Single,,SOD-123,0.5,30,2,0.0001,21,80,300,0.5,150
MCC (Micro Commercial Components),BZT52C33,Active,R H,Single,,SOD-123,0.5,33,2,0.0001,23.1,80,325,0.5,150
MCC (Micro Commercial Components),BZT52C36,Active,R H,Single,,SOD-123,0.5,36,2,0.0001,25.2,90,350,0.5,150
MCC (Micro Commercial Components),BZT52C39,Active,R H,Single,,SOD-123,0.5,39,2,0.0001,27.3,130,350,0.5,150
MCC (Micro Commercial Components),BZT52C2V4S,Active,R H,Single,,SOD-323,0.2,2.4,5,0.05,1,100,600,1,150
MCC (Micro Commercial Components),BZT52C2V7S,Active,R H,Single,,SOD-323,0.2,2.7,5,0.02,1,100,600,1,150
MCC (Micro Commercial Components),BZT52C3V3S,Active,R H,Single,,SOD-323,0.2,3.3,5,0.005,1,95,600,1,150
MCC (Micro Commercial Components),BZT52C3V6S,Active,R H,Single,,SOD-323,0.2,3.6,5,0.005,1,90,600,1,150
MCC (Micro Commercial Components),BZT52C3V9S,Active,R H,Single,,SOD-323,0.2,3.9,5,0.003,1,90,600,1,150
MCC (Micro Commercial Components),BZT52C4V3S,Active,R H,Single,,SOD-323,0.2,4.3,5,0.003,1,90,600,1,150
MCC (Micro Commercial Components),BZT52C4V7S,Active,R H,Single,,SOD-323,0.2,4.7,5,0.003,2,80,500,1,150
MCC (Micro Commercial Components),BZT52C5V1S,Active,R H,Single,,SOD-323,0.2,5.1,5,0.002,2,60,480,1,150
MCC (Micro Commercial Components),BZT52C5V6S,Active,R H,Single,,SOD-323,0.2,5.6,5,0.001,2,40,400,1,150
MCC (Micro Commercial Components),BZT52C6V2S,Active,R H,Single,,SOD-323,0.2,6.2,5,0.003,4,10,150,1,150
MCC (Micro Commercial Components),BZT52C6V8S,Active,R H,Single,,SOD-323,0.2,6.8,5,0.002,4,15,80,1,150
MCC (Micro Commercial Components),BZT52C7V5S,Active,R H,Single,,SOD-323,0.2,7.5,5,0.001,5,15,80,1,150
MCC (Micro Commercial Components),BZT52C8V2S,Active,R H,Single,,SOD-323,0.2,8.2,5,0.0007,5,15,80,1,150
MCC (Micro Commercial Components),BZT52C9V1S,Active,R H,Single,,SOD-323,0.2,9.1,5,0.0005,6,15,100,1,150
MCC (Micro Commercial Components),BZT52C10S,Active,R H,Single,,SOD-323,0.2,10,5,0.0002,7,20,150,1,150
MCC (Micro Commercial Components),BZT52C11S,Active,R H,Single,,SOD-323,0.2,11,5,0.0001,8,20,150,1,150
MCC (Micro Commercial Components),BZT52C12S,Active,R H,Single,,SOD-323,0.2,12,5,0.0001,8,25,150,1,150
MCC (Micro Commercial Components),BZT52C13S,Active,R H,Single,,SOD-323,0.2,13,5,0.0001,8,30,170,1,150
MCC (Micro Commercial Components),BZT52C15S,Active,R H,Single,,SOD-323,0.2,15,5,0.0001,10.5,30,200,1,150
MCC (Micro Commercial Components),BZT52C16S,Active,R H,Single,,SOD-323,0.2,16,5,0.0001,11.2,40,200,1,150
MCC (Micro Commercial Components),BZT52C18S,Active,R H,Single,,SOD-323,0.2,18,5,0.0001,12.6,45,225,1,150
MCC (Micro Commercial Components),BZT52C20S,Active,R H,Single,,SOD-323,0.2,20,5,0.0001,14,55,225,1,150
MCC (Micro Commercial Components),BZT52C22S,Active,R H,Single,,SOD-323,0.2,22,5,0.0001,15.4,55,250,1,150
MCC (Micro Commercial Components),BZT52C24S,Active,R H,Single,,SOD-323,0.2,24,5,0.0001,16.8,70,250,1,150
MCC (Micro Commercial Components),BZT52C27S,Active,R H,Single,,SOD-323,0.2,27,2,0.0001,18.9,80,300,0.5,150
MCC (Micro Commercial Components),BZT52C30S,Active,R H,Single,,SOD-323,0.2,30,2,0.0001,21,80,300,0.5,150
MCC (Micro Commercial Components),BZT52C33S,Active,R H,Single,,SOD-323,0.2,33,2,0.0001,23.1,80,325,0.5,150
MCC (Micro Commercial Components),BZT52C39S,Active,R H,Single,,SOD-323,0.2,39,2,0.0001,27.3,130,350,0.5,150
MCC (Micro Commercial Components),SMAJ4733A,Active,R H,Single,,SMA,1,5.1,49,0.01,1,7,550,1,150
MCC (Micro Commercial Components),SMAJ5918B,Active,R H,Single,,SMA,1.5,5.1,73.5,0.005,2,4,350,1,150
MCC (Micro Commercial Components),SMAJ5919B,Active,R H,Single,,SMA,1.5,5.6,66.9,0.005,3,2,250,1,150
MCC (Micro Commercial Components),SMAJ5920B,Active,R H,Single,,SMA,1.5,6.2,60.5,0.005,4,2,200,1,150
MCC (Micro Commercial Components),SMAJ5921B,Active,R H,Single,,SMA,1.5,6.8,55.1,0.005,5.2,2.5,200,1,150
MCC (Micro Commercial Components),SMAJ5922B,Active,R H,Single,,SMA,1.5,7.5,50,0.005,6.2,3,400,0.5,150
MCC (Micro Commercial Components),SMAJ5923B,Active,R H,Single,,SMA,1.5,8.2,45.7,0.005,6.5,3.5,400,0.5,150
MCC (Micro Commercial Components),SMAJ5924B,Active,R H,Single,,SMA,1.5,9.1,41.2,0.005,7,4,500,0.25,150
MCC (Micro Commercial Components),SMAJ5925B,Active,R H,Single,,SMA,1.5,10,37.5,0.005,8,4.5,500,0.25,150
MCC (Micro Commercial Components),SMAJ5926B,Active,R H,Single,,SMA,1.5,11,34.1,0.001,8.4,5.5,550,0.25,150
MCC (Micro Commercial Components),SMAJ5927B,Active,R H,Single,,SMA,1.5,12,31.2,0.001,9.1,6.5,550,0.25,150
MCC (Micro Commercial Components),SMAJ5928B,Active,R H,Single,,SMA,1.5,13,28.8,0.0005,9.9,7,550,0.25,150
MCC (Micro Commercial Components),SMAJ5929B,Active,R H,Single,,SMA,1.5,15,25,0.0005,11.4,9,600,0.25,150
MCC (Micro Commercial Components),SMAJ5930B,Active,R H,Single,,SMA,1.5,16,23.4,0.0005,12.2,10,600,0.25,150
MCC (Micro Commercial Components),SMAJ5931B,Active,R H,Single,,SMA,1.5,18,20.8,0.0005,13.7,12,650,0.25,150
MCC (Micro Commercial Components),SMAJ5932B,Active,R H,Single,,SMA,1.5,20,18.7,0.0005,15.2,14,650,0.25,150
MCC (Micro Commercial Components),SMAJ5933B,Active,R H,Single,,SMA,1.5,22,17,0.0005,16.7,17.5,650,0.25,150
MCC (Micro Commercial Components),SMAJ5934B,Active,R H,Single,,SMA,1.5,24,15.6,0.0005,18.2,19,700,0.25,150
MCC (Micro Commercial Components),SMAJ5935B,Active,R H,Single,,SMA,1.5,27,13.9,0.0005,20.6,23,700,0.25,150
MCC (Micro Commercial Components),SMAJ5936B,Active,R H,Single,,SMA,1.5,30,12.5,0.0005,22.8,28,750,0.25,150
MCC (Micro Commercial Components),SMAJ5937B,Active,R H,Single,,SMA,1.5,33,11.4,0.0005,25.1,33,800,0.25,150
MCC (Micro Commercial Components),SMAJ5938B,Active,R H,Single,,SMA,1.5,36,10.4,0.0005,27.4,38,850,0.25,150
MCC (Micro Commercial Components),SMAJ5939B,Active,R H,Single,,SMA,1.5,39,9.6,0.0005,29.7,45,900,0.25,150
MCC (Micro Commercial Components),SMAJ5940B,Active,R H,Single,,SMA,1.5,43,8.7,0.0005,32.7,53,950,0.25,150
MCC (Micro Commercial Components),BZT52C2V4T,Active,R H,Single,,SOD-523,0.2,2.4,5,0.05,1,100,600,1,150
MCC (Micro Commercial Components),BZT52C2V7T,Active,R H,Single,,SOD-523,0.2,2.7,5,0.02,1,100,600,1,150
MCC (Micro Commercial Components),BZT52C3V0T,Active,R H,Single,,SOD-523,0.2,3,5,0.01,1,95,600,1,150
MCC (Micro Commercial Components),BZT52C3V3T,Active,R H,Single,,SOD-523,0.2,3.3,5,0.005,1,95,600,1,150
MCC (Micro Commercial Components),BZT52C3V6T,Active,R H,Single,,SOD-523,0.2,3.6,5,0.005,1,90,600,1,150
MCC (Micro Commercial Components),BZT52C3V9T,Active,R H,Single,,SOD-523,0.2,3.9,5,0.003,1,90,600,1,150
MCC (Micro Commercial Components),BZT52C4V3T,Active,R H,Single,,SOD-523,0.2,4.3,5,0.003,1,90,600,1,150
MCC (Micro Commercial Components),BZT52C4V7T,Active,R H,Single,,SOD-523,0.2,4.7,5,0.003,2,80,500,1,150
MCC (Micro Commercial Components),BZT52C5V1T,Active,R H,Single,,SOD-523,0.2,5.1,5,0.002,2,60,480,1,150
MCC (Micro Commercial Components),BZT52C5V6T,Active,R H,Single,,SOD-523,0.2,5.6,5,0.001,2,40,400,1,150
MCC (Micro Commercial Components),BZT52C6V2T,Active,R H,Single,,SOD-523,0.2,6.2,5,0.003,4,10,150,1,150
MCC (Micro Commercial Components),BZT52C6V8T,Active,R H,Single,,SOD-523,0.2,6.8,5,0.002,4,15,80,1,150
MCC (Micro Commercial Components),BZT52C7V5T,Active,R H,Single,,SOD-523,0.2,7.5,5,0.001,5,15,80,1,150
MCC (Micro Commercial Components),BZT52C8V2T,Active,R H,Single,,SOD-523,0.2,8.2,5,0.0007,5,15,80,1,150
MCC (Micro Commercial Components),BZT52C9V1T,Active,R H,Single,,SOD-523,0.2,9.1,5,0.0005,6,15,100,1,150
MCC (Micro Commercial Components),BZT52C10T,Active,R H,Single,,SOD-523,0.2,10,5,0.0002,7,20,150,1,150
MCC (Micro Commercial Components),BZT52C11T,Active,R H,Single,,SOD-523,0.2,11,5,0.0001,8,20,150,1,150
MCC (Micro Commercial Components),BZT52C12T,Active,R H,Single,,SOD-523,0.2,12,5,0.0001,8,25,150,1,150
MCC (Micro Commercial Components),BZT52C13T,Active,R H,Single,,SOD-523,0.2,13,5,0.0001,8,30,170,1,150
MCC (Micro Commercial Components),BZT52C15T,Active,R H,Single,,SOD-523,0.2,15,5,0.0001,10.5,30,200,1,150
MCC (Micro Commercial Components),BZT52C16T,Active,R H,Single,,SOD-523,0.2,16,5,0.0001,11.2,40,200,1,150
MCC (Micro Commercial Components),BZT52C18T,Active,R H,Single,,SOD-523,0.2,18,5,0.0001,12.6,45,225,1,150
MCC (Micro Commercial Components),BZT52C20T,Active,R H,Single,,SOD-523,0.2,20,5,0.0001,14,55,225,1,150
MCC (Micro Commercial Components),BZT52C22T,Active,R H,Single,,SOD-523,0.2,22,5,0.0001,15.4,55,250,1,150
MCC (Micro Commercial Components),BZT52C24T,Active,R H,Single,,SOD-523,0.2,24,5,0.0001,16.8,70,250,1,150
MCC (Micro Commercial Components),BZT52C27T,Active,R H,Single,,SOD-523,0.2,27,2,0.0001,18.9,80,300,0.5,150
MCC (Micro Commercial Components),BZT52C30T,Active,R H,Single,,SOD-523,0.2,30,2,0.0001,21,80,300,0.5,150
MCC (Micro Commercial Components),BZT52C33T,Active,R H,Single,,SOD-523,0.2,33,2,0.0001,23.1,80,325,0.5,150
MCC (Micro Commercial Components),BZT52C36T,Active,R H,Single,,SOD-523,0.2,36,2,0.0001,25.2,90,350,0.5,150
MCC (Micro Commercial Components),BZT52C39T,Active,R H,Single,,SOD-523,0.2,39,2,0.0001,27.3,130,350,0.5,150
MCC (Micro Commercial Components),SMAJ4734A,Active,R H,Single,,SMA,1,5.6,45,0.01,2,5,600,1,150
MCC (Micro Commercial Components),SMAJ4735A,Active,R H,Single,,SMA,1,6.2,41,0.01,3,2,700,1,150
MCC (Micro Commercial Components),SMAJ4736A,Active,R H,Single,,SMA,1,6.8,37,0.01,4,3.5,700,1,150
MCC (Micro Commercial Components),SMAJ4737A,Active,R H,Single,,SMA,1,7.5,34,0.01,5,4,700,0.5,150
MCC (Micro Commercial Components),SMAJ4738A,Active,R H,Single,,SMA,1,8.2,31,0.01,6,4.5,700,0.5,150
MCC (Micro Commercial Components),SMAJ4739A,Active,R H,Single,,SMA,1,9.1,28,0.01,7,5,700,0.5,150
MCC (Micro Commercial Components),SMAJ4740A,Active,R H,Single,,SMA,1,10,25,0.01,7.6,7,700,0.25,150
MCC (Micro Commercial Components),SMAJ4741A,Active,R H,Single,,SMA,1,11,23,0.005,8.4,8,700,0.25,150
MCC (Micro Commercial Components),SMAJ4742A,Active,R H,Single,,SMA,1,12,21,0.005,9.1,9,700,0.25,150
MCC (Micro Commercial Components),SMAJ4743A,Active,R H,Single,,SMA,1,13,19,0.005,9.9,10,700,0.25,150
MCC (Micro Commercial Components),SMAJ4744A,Active,R H,Single,,SMA,1,15,17,0.005,11.4,14,700,0.25,150
MCC (Micro Commercial Components),SMAJ4745A,Active,R H,Single,,SMA,1,16,15.5,0.005,12.2,16,700,0.25,150
MCC (Micro Commercial Components),SMAJ4746A,Active,R H,Single,,SMA,1,18,14,0.005,13.7,20,750,0.25,150
MCC (Micro Commercial Components),SMAJ4747A,Active,R H,Single,,SMA,1,20,12.5,0.005,15.2,22,750,0.25,150
MCC (Micro Commercial Components),SMAJ4748A,Active,R H,Single,,SMA,1,22,11.5,0.005,16.7,23,750,0.25,150
MCC (Micro Commercial Components),SMAJ4749A,Active,R H,Single,,SMA,1,24,10.5,0.005,18.2,25,750,0.25,150
MCC (Micro Commercial Components),SMAJ4750A,Active,R H,Single,,SMA,1,27,9.5,0.005,20.6,35,750,0.25,150
MCC (Micro Commercial Components),SMAJ4751A,Active,R H,Single,,SMA,1,30,8.5,0.005,22.8,40,1000,0.25,150
MCC (Micro Commercial Components),SMAJ4752A,Active,R H,Single,,SMA,1,33,7.5,0.005,25.1,45,1000,0.25,150
MCC (Micro Commercial Components),SMAJ4753A,Active,R H,Single,,SMA,1,36,7,0.005,27.4,50,1000,0.25,150
MCC (Micro Commercial Components),SMAJ4754A,Active,R H,Single,,SMA,1,39,6.5,0.005,29.7,60,1000,0.25,150
MCC (Micro Commercial Components),SMAJ4755A,Active,R H,Single,,SMA,1,43,6,0.005,32.7,70,1500,0.25,150
MCC (Micro Commercial Components),SMAJ4756A,Active,R H,Single,,SMA,1,47,5.5,0.005,35.8,80,1500,0.25,150
MCC (Micro Commercial Components),SMAJ4757A,Active,R H,Single,,SMA,1,51,5,0.005,38.8,95,1500,0.25,150
MCC (Micro Commercial Components),SMAJ4758A,Active,R H,Single,,SMA,1,56,4.5,0.005,42.6,110,2000,0.25,150
MCC (Micro Commercial Components),SMAJ4759A,Active,R H,Single,,SMA,1,62,4,0.005,47.1,125,2000,0.25,150
MCC (Micro Commercial Components),SMAJ4760A,Active,R H,Single,,SMA,1,68,3.7,0.005,51.7,150,2000,0.25,150
MCC (Micro Commercial Components),SMAJ4761A,Active,R H,Single,,SMA,1,75,3.3,0.005,56,175,2000,0.25,150
MCC (Micro Commercial Components),SMAJ4762A,Active,R H,Single,,SMA,1,82,3,0.005,62.2,200,3000,0.25,150
MCC (Micro Commercial Components),SMAJ4763A,Active,R H,Single,,SMA,1,91,2.8,0.005,69.2,250,3000,0.25,150
MCC (Micro Commercial Components),SMAJ4764A,Active,R H,Single,,SMA,1,100,2.5,0.005,76,350,3000,0.25,150
MCC (Micro Commercial Components),3EZ11D5,Active,R,Single,,DO-15,3,11,68,0.001,8.4,4,700,0.25,150
MCC (Micro Commercial Components),3EZ12D5,Active,R,Single,,DO-15,3,12,63,0.001,9.1,4.5,700,0.25,150
MCC (Micro Commercial Components),3EZ13D5,Active,R,Single,,DO-15,3,13,58,0.0005,9.9,4.5,700,0.25,150
MCC (Micro Commercial Components),3EZ14D5,Active,R,Single,,DO-15,3,14,53,0.0005,10.6,5,700,0.25,150
MCC (Micro Commercial Components),3EZ15D5,Active,R,Single,,DO-15,3,15,50,0.0005,11.4,5.5,700,0.25,150
MCC (Micro Commercial Components),3EZ16D5,Active,R,Single,,DO-15,3,16,47,0.0005,12.2,5.5,700,0.25,150
MCC (Micro Commercial Components),3EZ17D5,Active,R,Single,,DO-15,3,17,44,0.0005,13,6,750,0.25,150
MCC (Micro Commercial Components),3EZ18D5,Active,R,Single,,DO-15,3,18,42,0.0005,13.7,6,750,0.25,150
MCC (Micro Commercial Components),3EZ19D5,Active,R,Single,,DO-15,3,19,40,0.0005,14.4,7,750,0.25,150
MCC (Micro Commercial Components),3EZ20D5,Active,R,Single,,DO-15,3,20,37,0.0005,15.2,7,750,0.25,150
MCC (Micro Commercial Components),3EZ22D5,Active,R,Single,,DO-15,3,22,34,0.0005,16.7,8,750,0.25,150
MCC (Micro Commercial Components),3EZ24D5,Active,R,Single,,DO-15,3,24,31,0.0005,18.2,9,750,0.25,150
MCC (Micro Commercial Components),3EZ27D5,Active,R,Single,,DO-15,3,27,28,0.0005,20.6,10,750,0.25,150
MCC (Micro Commercial Components),3EZ30D5,Active,R,Single,,DO-15,3,30,25,0.0005,22.5,16,1000,0.25,150
MCC (Micro Commercial Components),3EZ33D5,Active,R,Single,,DO-15,3,33,23,0.0005,25.1,20,1000,0.25,150
MCC (Micro Commercial Components),3EZ36D5,Active,R,Single,,DO-15,3,36,21,0.0005,27.4,22,1000,0.25,150
MCC (Micro Commercial Components),3EZ39D5,Active,R,Single,,DO-15,3,39,19,0.0005,29.7,28,1000,0.25,150
MCC (Micro Commercial Components),3EZ28D5,Active,R,Single,,DO-15,3,28,27,0.0005,21,12,750,0.25,150
MCC (Micro Commercial Components),SMBJ5926B,Active,R H,Single,,SMB,1.5,11,34.1,0.001,8.4,5.5,550,0.25,150
MCC (Micro Commercial Components),1N5339B,Active,R,Single,,DO-15,5,5.6,220,0.001,2,1,400,1,200
MCC (Micro Commercial Components),1N5343B,Active,R,Single,,DO-15,5,7.5,175,0.01,5.7,1.5,200,1,200
MCC (Micro Commercial Components),1N5344B,Active,R,Single,,DO-15,5,8.2,150,0.01,6.2,1.5,200,1,200
MCC (Micro Commercial Components),1N5347B,Active,R,Single,,DO-15,5,10,125,0.005,7.6,2,125,1,200
MCC (Micro Commercial Components),1N5340B,Active,R,Single,,DO-15,5,6,200,0.001,3,1,300,1,200
MCC (Micro Commercial Components),1N5341B,Active,R,Single,,DO-15,5,6.2,200,0.001,3,1,200,1,200
MCC (Micro Commercial Components),1N5346B,Active,R,Single,,DO-15,5,9.1,150,0.0075,6.9,2,150,1,200
MCC (Micro Commercial Components),BZT52C3V0,Active,R H,Single,,SOD-123,0.5,3,5,0.01,1,95,600,1,150
MCC (Micro Commercial Components),1N5342B,Active,R,Single,,DO-15,5,6.8,175,0.01,5.2,1,200,1,200
MCC (Micro Commercial Components),BZT52C3V0S,Active,R H,Single,,SOD-323,0.2,3,5,0.01,1,95,600,1,150
MCC (Micro Commercial Components),2EZ43D5,Active,R,Single,,DO-41,2,43,11.6,0.0005,32.7,35,1500,0.25,150
MCC (Micro Commercial Components),2EZ47D5,Active,R,Single,,DO-41,2,47,10.6,0.0005,35.8,40,1500,0.25,150
MCC (Micro Commercial Components),2EZ51D5,Active,R,Single,,DO-41,2,51,9.8,0.0005,38.8,48,1500,0.25,150
MCC (Micro Commercial Components),2EZ56D5,Active,R,Single,,DO-41,2,56,9,0.0005,42.6,55,2000,0.25,150
MCC (Micro Commercial Components),2EZ62D5,Active,R,Single,,DO-41,2,62,8.1,0.0005,47.1,60,2000,0.25,150
MCC (Micro Commercial Components),2EZ68D5,Active,R,Single,,DO-41,2,68,7.4,0.0005,51.7,75,2000,0.25,150
MCC (Micro Commercial Components),2EZ75D5,Active,R,Single,,DO-41,2,75,6.7,0.0005,56,90,2000,0.25,150
MCC (Micro Commercial Components),1N5926BP,Active,R,Single,,DO-41,1.5,11,34.1,0.001,8.4,5.5,550,0.25,175
MCC (Micro Commercial Components),1N5927BP,Active,R,Single,,DO-41,1.5,12,31.2,0.001,9.1,6.5,550,0.25,175
MCC (Micro Commercial Components),1N5928BP,Active,R,Single,,DO-41,1.5,13,28.8,0.001,9.9,7,550,0.25,175
MCC (Micro Commercial Components),1N5929BP,Active,R,Single,,DO-41,1.5,15,25,0.001,11.4,9,600,0.25,175
MCC (Micro Commercial Components),1N5930BP,Active,R,Single,,DO-41,1.5,16,23.4,0.001,12.2,10,600,0.25,175
MCC (Micro Commercial Components),1N5931BP,Active,R,Single,,DO-41,1.5,18,20.8,0.001,13.7,12,650,0.25,175
MCC (Micro Commercial Components),1N5932BP,Active,R,Single,,DO-41,1.5,20,18.7,0.001,15.2,14,650,0.25,175
MCC (Micro Commercial Components),1N5933BP,Active,R,Single,,DO-41,1.5,22,17,0.001,16.7,17.5,650,0.25,175
MCC (Micro Commercial Components),1N5934BP,Active,R,Single,,DO-41,1.5,24,15.6,0.001,18.2,19,700,0.25,175
MCC (Micro Commercial Components),1N5935BP,Active,R,Single,,DO-41,1.5,27,13.9,0.001,20.6,23,700,0.25,175
MCC (Micro Commercial Components),1N5936BP,Active,R,Single,,DO-41,1.5,30,12.5,0.001,22.8,28,750,0.25,175
MCC (Micro Commercial Components),1N5937BP,Active,R,Single,,DO-41,1.5,33,11.4,0.001,25.1,33,800,0.25,175
MCC (Micro Commercial Components),1N5938BP,Active,R,Single,,DO-41,1.5,36,10.4,0.001,27.4,38,850,0.25,175
MCC (Micro Commercial Components),1N5939BP,Active,R,Single,,DO-41,1.5,39,9.6,0.001,29.7,45,900,0.25,175
MCC (Micro Commercial Components),1N5940BP,Active,R,Single,,DO-41,1.5,43,8.7,0.001,32.7,53,950,0.25,175
MCC (Micro Commercial Components),1N5941BP,Active,R,Single,,DO-41,1.5,47,8,0.001,35.8,67,1000,0.25,175
MCC (Micro Commercial Components),1N5942BP,Active,R,Single,,DO-41,1.5,51,7.3,0.001,38.8,70,1100,0.25,175
MCC (Micro Commercial Components),1N5943BP,Active,R,Single,,DO-41,1.5,56,6.7,0.001,42.6,86,1300,0.25,175
MCC (Micro Commercial Components),1N5944BP,Active,R,Single,,DO-41,1.5,62,6,0.001,47.1,100,1500,0.25,175
MCC (Micro Commercial Components),1N5945BP,Active,R,Single,,DO-41,1.5,68,5.5,0.001,51.7,120,1700,0.25,175
MCC (Micro Commercial Components),1N5946BP,Active,R,Single,,DO-41,1.5,75,5,0.001,56,140,2000,0.25,175
MCC (Micro Commercial Components),1N5947BP,Active,R,Single,,DO-41,1.5,82,4.6,0.001,62.2,160,2500,0.25,175
MCC (Micro Commercial Components),1N5948BP,Active,R,Single,,DO-41,1.5,91,4.1,0.001,69.2,200,3000,0.25,175
MCC (Micro Commercial Components),1N5949BP,Active,R,Single,,DO-41,1.5,100,3.7,0.001,76,250,3100,0.25,175
MCC (Micro Commercial Components),1N5950BP,Active,R,Single,,DO-41,1.5,110,3.4,0.001,83.6,300,4000,0.25,175
MCC (Micro Commercial Components),1N5951BP,Active,R,Single,,DO-41,1.5,120,3.1,0.001,91.2,380,4500,0.25,175
MCC (Micro Commercial Components),1N5952BP,Active,R,Single,,DO-41,1.5,130,2.9,0.001,98.8,450,5000,0.25,175
MCC (Micro Commercial Components),1N5953BP,Active,R,Single,,DO-41,1.5,150,2.5,0.001,114,600,6000,0.25,175
MCC (Micro Commercial Components),1N5954BP,Active,R,Single,,DO-41,1.5,160,2.3,0.001,121.6,700,6500,0.25,175
MCC (Micro Commercial Components),1N5955BP,Active,R,Single,,DO-41,1.5,180,2.1,0.001,136.8,900,7000,0.25,175
MCC (Micro Commercial Components),1N5956BP,Active,R,Single,,DO-41,1.5,200,1.9,0.001,152,1200,8000,0.25,175
MCC (Micro Commercial Components),SMAZ5V1,Active,R H,Single,,SMA,1,5.1,100,0.0025,1,5,500,1,150
MCC (Micro Commercial Components),SMAZ5V6,Active,R H,Single,,SMA,1,5.6,100,0.005,2,2,250,2,150
MCC (Micro Commercial Components),SMAZ6V2,Active,R H,Single,,SMA,1,6.2,100,0.005,3,2,200,2,150
MCC (Micro Commercial Components),SMAZ6V8,Active,R H,Single,,SMA,1,6.8,100,0.005,4,2,200,1,150
MCC (Micro Commercial Components),SMAZ7V5,Active,R H,Single,,SMA,1,7.5,100,0.005,5,2,450,1,150
MCC (Micro Commercial Components),SMAZ8V2,Active,R H,Single,,SMA,1,8.2,100,0.005,6,2,200,1,150
MCC (Micro Commercial Components),SMAZ9V1,Active,R H,Single,,SMA,1,9.1,50,0.005,7,4,200,1,150
MCC (Micro Commercial Components),SMAZ10,Active,R H,Single,,SMA,1,10,50,0.001,7.6,4,200,1,150
MCC (Micro Commercial Components),SMAZ12,Active,R H,Single,,SMA,1,12,50,0.001,9.1,7,150,1,150
MCC (Micro Commercial Components),SMAZ15,Active,R H,Single,,SMA,1,15,50,0.001,11.4,10,150,1,150
MCC (Micro Commercial Components),SMAZ16,Active,R H,Single,,SMA,1,16,25,0.0005,12.2,15,150,1,150
MCC (Micro Commercial Components),SMAZ18,Active,R H,Single,,SMA,1,18,25,0.0005,13.7,15,150,1,150
MCC (Micro Commercial Components),SMAZ20,Active,R H,Single,,SMA,1,20,25,0.0005,15.2,15,180,1,150
MCC (Micro Commercial Components),SMAZ22,Active,R H,Single,,SMA,1,22,25,0.0005,16.7,15,180,1,150
MCC (Micro Commercial Components),SMAZ24,Active,R H,Single,,SMA,1,24,25,0.0005,18.2,15,180,1,150
MCC (Micro Commercial Components),SMAZ27,Active,R H,Single,,SMA,1,27,25,0.0005,20.5,15,200,1,150
MCC (Micro Commercial Components),SMAZ30,Active,R H,Single,,SMA,1,30,25,0.0005,22.8,15,250,1,150
MCC (Micro Commercial Components),SMAZ33,Active,R H,Single,,SMA,1,33,25,0.0005,25.1,15,300,1,150
MCC (Micro Commercial Components),SMAZ36,Active,R H,Single,,SMA,1,36,10,0.0005,27.4,40,350,1,150
MCC (Micro Commercial Components),SMAZ39,Active,R H,Single,,SMA,1,39,10,0.0005,29.6,40,450,1,150
MCC (Micro Commercial Components),SMBJ5348B,Active,R H,Single,,SMB,5,11,125,0.005,8.4,2.5,125,1,150
MCC (Micro Commercial Components),SMBJ5349B,Active,R H,Single,,SMB,5,12,100,0.002,9.1,2.5,125,1,150
MCC (Micro Commercial Components),SMBJ5350B,Active,R H,Single,,SMB,5,13,100,0.001,9.9,2.5,100,1,150
MCC (Micro Commercial Components),SMBJ5351B,Active,R H,Single,,SMB,5,14,100,0.001,10.6,2.5,75,1,150
MCC (Micro Commercial Components),SMBJ5352B,Active,R H,Single,,SMB,5,15,75,0.001,11.5,2.5,75,1,150
MCC (Micro Commercial Components),SMBJ5353B,Active,R H,Single,,SMB,5,16,75,0.001,12.2,2.5,75,1,150
MCC (Micro Commercial Components),SMBJ5354B,Active,R H,Single,,SMB,5,17,70,0.0005,12.9,2.5,75,1,150
MCC (Micro Commercial Components),SMBJ5355B,Active,R H,Single,,SMB,5,18,65,0.0005,13.7,2.5,75,1,150
MCC (Micro Commercial Components),SMBJ5356B,Active,R H,Single,,SMB,5,19,65,0.0005,14.4,3,75,1,150
MCC (Micro Commercial Components),SMBJ5357B,Active,R H,Single,,SMB,5,20,65,0.0005,15.2,3,75,1,150
MCC (Micro Commercial Components),SMBJ5358B,Active,R H,Single,,SMB,5,22,50,0.0005,16.7,3.5,75,1,150
MCC (Micro Commercial Components),SMBJ5359B,Active,R H,Single,,SMB,5,24,50,0.0005,18.2,3.5,100,1,150
MCC (Micro Commercial Components),SMBJ5360B,Active,R H,Single,,SMB,5,25,50,0.0005,19,4,110,1,150
MCC (Micro Commercial Components),SMBJ5361B,Active,R H,Single,,SMB,5,27,50,0.0005,20.6,5,120,1,150
MCC (Micro Commercial Components),SMBJ5362B,Active,R H,Single,,SMB,5,28,50,0.0005,21.2,6,130,1,150
MCC (Micro Commercial Components),SMBJ5363B,Active,R H,Single,,SMB,5,30,40,0.0005,22.8,8,140,1,150
MCC (Micro Commercial Components),SMBJ5364B,Active,R H,Single,,SMB,5,33,40,0.0005,25.1,10,150,1,150
MCC (Micro Commercial Components),SMBJ5365B,Active,R H,Single,,SMB,5,36,30,0.0005,27.4,11,160,1,150
MCC (Micro Commercial Components),SMBJ5366B,Active,R H,Single,,SMB,5,39,30,0.0005,29.7,14,170,1,150
MCC (Micro Commercial Components),SMBJ5367B,Active,R H,Single,,SMB,5,43,30,0.0005,32.7,20,190,1,150
MCC (Micro Commercial Components),SMBJ5368B,Active,R H,Single,,SMB,5,47,25,0.0005,35.8,25,210,1,150
MCC (Micro Commercial Components),SMBJ5369B,Active,R H,Single,,SMB,5,51,25,0.0005,38.8,27,230,1,150
MCC (Micro Commercial Components),SMBJ5339B,Active,R H,Single,,SMB,5,5.6,220,0.001,2,1,400,1,150
MCC (Micro Commercial Components),SMBJ5343B,Active,R H,Single,,SMB,5,7.5,175,0.01,5.7,1.5,200,1,150
MCC (Micro Commercial Components),SMBJ5344B,Active,R H,Single,,SMB,5,8.2,150,0.01,6.2,1.5,200,1,150
MCC (Micro Commercial Components),SMBJ5347B,Active,R H,Single,,SMB,5,10,125,0.005,7.6,2,125,1,150
MCC (Micro Commercial Components),SMBJ5340B,Active,R H,Single,,SMB,5,6,200,0.001,3,1,300,1,150
MCC (Micro Commercial Components),SMBJ5341B,Active,R H,Single,,SMB,5,6.2,200,0.001,3,1,200,1,150
MCC (Micro Commercial Components),SMBJ5345B,Active,R H,Single,,SMB,5,8.7,150,0.01,6.6,2,200,1,150
MCC (Micro Commercial Components),SMBJ5346B,Active,R H,Single,,SMB,5,9.1,150,0.0075,6.9,2,150,1,150
MCC (Micro Commercial Components),SMBJ5342B,Active,R H,Single,,SMB,5,6.8,175,0.01,5.2,1,200,1,150
MCC (Micro Commercial Components),1N5338B,Active,R,Single,,DO-15,5,5.1,240,0.001,1,1.5,400,1,200
MCC (Micro Commercial Components),3SMBJ5926B,Active,R H,Single,,SMB,3,11,34.1,0.001,8.4,5.5,550,0.25,150
MCC (Micro Commercial Components),3SMBJ5927B,Active,R H,Single,,SMB,3,12,31.2,0.001,9.1,6.5,550,0.25,150
MCC (Micro Commercial Components),3SMBJ5928B,Active,R H,Single,,SMB,3,13,28.8,0.001,9.9,7,550,0.25,150
MCC (Micro Commercial Components),3SMBJ5929B,Active,R H,Single,,SMB,3,15,25,0.001,11.4,9,600,0.25,150
MCC (Micro Commercial Components),3SMBJ5930B,Active,R H,Single,,SMB,3,16,23.4,0.001,12.2,10,600,0.25,150
MCC (Micro Commercial Components),3SMBJ5931B,Active,R H,Single,,SMB,3,18,20.8,0.001,13.7,12,650,0.25,150
MCC (Micro Commercial Components),3SMBJ5932B,Active,R H,Single,,SMB,3,20,18.7,0.001,15.2,14,650,0.25,150
MCC (Micro Commercial Components),3SMBJ5933B,Active,R H,Single,,SMB,3,22,17,0.001,16.7,17.5,650,0.25,150
MCC (Micro Commercial Components),3SMBJ5934B,Active,R H,Single,,SMB,3,24,15.6,0.001,18.2,19,700,0.25,150
MCC (Micro Commercial Components),3SMBJ5935B,Active,R H,Single,,SMB,3,27,13.9,0.001,20.6,23,700,0.25,150
MCC (Micro Commercial Components),3SMBJ5936B,Active,R H,Single,,SMB,3,30,12.5,0.001,22.8,26,750,0.25,150
MCC (Micro Commercial Components),3SMBJ5937B,Active,R H,Single,,SMB,3,33,11.4,0.001,25.1,33,800,0.25,150
MCC (Micro Commercial Components),3SMBJ5938B,Active,R H,Single,,SMB,3,36,10.4,0.001,27.4,38,850,0.25,150
MCC (Micro Commercial Components),3SMBJ5939B,Active,R H,Single,,SMB,3,39,9.6,0.001,29.7,45,900,0.25,150
MCC (Micro Commercial Components),3SMBJ5918B,Active,R H,Single,,SMB,3,5.1,73.5,0.005,2,4,350,1,150
MCC (Micro Commercial Components),3SMBJ5919B,Active,R H,Single,,SMB,3,5.6,66.9,0.005,3,2,250,1,150
MCC (Micro Commercial Components),3SMBJ5920B,Active,R H,Single,,SMB,3,6.2,60.5,0.005,4,2,200,1,150
MCC (Micro Commercial Components),3SMBJ5921B,Active,R H,Single,,SMB,3,6.8,55.1,0.005,5.2,2.5,200,1,150
MCC (Micro Commercial Components),3SMBJ5922B,Active,R H,Single,,SMB,3,7.5,50,0.005,6,3,400,0.5,150
MCC (Micro Commercial Components),3SMBJ5923B,Active,R H,Single,,SMB,3,8.2,45.7,0.005,6.5,3.5,400,0.5,150
MCC (Micro Commercial Components),3SMBJ5924B,Active,R H,Single,,SMB,3,9.1,41.2,0.005,7,4,500,0.5,150
MCC (Micro Commercial Components),3SMBJ5925B,Active,R H,Single,,SMB,3,10,37.5,0.005,8,4.5,500,0.25,150
MCC (Micro Commercial Components),3SMBJ5940B,Active,R H,Single,,SMB,3,43,8.7,0.001,32.7,53,950,0.25,150
MCC (Micro Commercial Components),3SMBJ5941B,Active,R H,Single,,SMB,3,47,8,0.001,35.8,67,1000,0.25,150
MCC (Micro Commercial Components),3SMBJ5943B,Active,R H,Single,,SMB,3,56,6.7,0.001,42.6,86,1300,0.25,150
MCC (Micro Commercial Components),MMSZ5229C,Active,R H,Single,,SOD-123,0.5,4.3,20,0.005,1,22,2000,0.25,150
MCC (Micro Commercial Components),MMSZ5230C,Active,R H,Single,,SOD-123,0.5,4.7,20,0.005,2,19,1900,0.25,150
MCC (Micro Commercial Components),MMSZ5231C,Active,R H,Single,,SOD-123,0.5,5.1,20,0.005,2,17,1600,0.25,150
MCC (Micro Commercial Components),MMSZ5232C,Active,R H,Single,,SOD-123,0.5,5.6,20,0.005,3,11,1600,0.25,150
MCC (Micro Commercial Components),MMSZ5234C,Active,R H,Single,,SOD-123,0.5,6.2,20,0.005,4,7,1000,0.25,150
MCC (Micro Commercial Components),MMSZ5235C,Active,R H,Single,,SOD-123,0.5,6.8,20,0.003,5,5,750,0.25,150
MCC (Micro Commercial Components),MMSZ5236C,Active,R H,Single,,SOD-123,0.5,7.5,20,0.003,6,6,500,0.25,150
MCC (Micro Commercial Components),MMSZ5237C,Active,R H,Single,,SOD-123,0.5,8.2,20,0.003,6,8,500,0.25,150
MCC (Micro Commercial Components),MMSZ5239C,Active,R H,Single,,SOD-123,0.5,9.1,20,0.003,6.5,10,600,0.25,150
MCC (Micro Commercial Components),MMSZ5240C,Active,R H,Single,,SOD-123,0.5,10,20,0.003,8,17,600,0.25,150
MCC (Micro Commercial Components),MMSZ5241C,Active,R H,Single,,SOD-123,0.5,11,20,0.003,8.4,22,600,0.25,150
MCC (Micro Commercial Components),MMSZ5242C,Active,R H,Single,,SOD-123,0.5,12,20,0.002,9.1,30,600,0.25,150
MCC (Micro Commercial Components),MMSZ5243C,Active,R H,Single,,SOD-123,0.5,13,9.5,0.001,9.9,13,600,0.25,150
MCC (Micro Commercial Components),MMSZ5245C,Active,R H,Single,,SOD-123,0.5,15,8.5,0.0005,11,16,600,0.25,150
MCC (Micro Commercial Components),MMSZ5246C,Active,R H,Single,,SOD-123,0.5,16,7.8,0.0001,12,17,600,0.25,150
MCC (Micro Commercial Components),MMSZ5248C,Active,R H,Single,,SOD-123,0.5,18,7,0.0001,14,21,600,0.25,150
MCC (Micro Commercial Components),MMSZ5250C,Active,R H,Single,,SOD-123,0.5,20,6.2,0.0001,15,25,600,0.25,150
MCC (Micro Commercial Components),MMSZ5251C,Active,R H,Single,,SOD-123,0.5,22,5.6,0.0001,17,29,600,0.25,150
MCC (Micro Commercial Components),MMSZ5252C,Active,R H,Single,,SOD-123,0.5,24,5.2,0.0001,18,33,600,0.25,150
MCC (Micro Commercial Components),MMSZ5254C,Active,R H,Single,,SOD-123,0.5,27,4.6,0.0001,21,41,600,0.25,150
MCC (Micro Commercial Components),MMSZ5256C,Active,R H,Single,,SOD-123,0.5,30,4.2,0.0001,23,49,600,0.25,150
MCC (Micro Commercial Components),MMSZ5257C,Active,R H,Single,,SOD-123,0.5,33,3.8,0.0001,25,58,700,0.25,150
MCC (Micro Commercial Components),MMSZ5258C,Active,R H,Single,,SOD-123,0.5,36,3.4,0.0001,27,70,700,0.25,150
MCC (Micro Commercial Components),MMSZ5259C,Active,R H,Single,,SOD-123,0.5,39,3.2,0.0001,30,80,800,0.25,150
MCC (Micro Commercial Components),SMAJ5941B,Active,R H,Single,,SMA,1.5,47,8,0.0005,35.8,67,1000,0.25,150
MCC (Micro Commercial Components),SMAJ5942B,Active,R H,Single,,SMA,1.5,51,7.3,0.0005,38.8,70,1100,0.25,150
MCC (Micro Commercial Components),SMBJ5338B,Active,R H,Single,,SMB,5,5.1,240,0.001,1,1.5,400,1,150
MCC (Micro Commercial Components),MMBZ5221BW,Active,R H,Single,,SOT-323,0.2,2.4,20,0.1,1,30,1200,0.25,150
MCC (Micro Commercial Components),MMBZ5222BW,Active,R H,Single,,SOT-323,0.2,2.5,20,0.1,1,30,1250,0.25,150
MCC (Micro Commercial Components),MMBZ5223BW,Active,R H,Single,,SOT-323,0.2,2.7,20,0.075,1,30,1300,0.25,150
MCC (Micro Commercial Components),MMBZ5225BW,Active,R H,Single,,SOT-323,0.2,3,20,0.05,1,29,1600,0.25,150
MCC (Micro Commercial Components),MMBZ5226BW,Active,R H,Single,,SOT-323,0.2,3.3,20,0.025,1,28,1600,0.25,150
MCC (Micro Commercial Components),MMBZ5227BW,Active,R H,Single,,SOT-323,0.2,3.6,20,0.015,1,24,1700,0.25,150
MCC (Micro Commercial Components),MMBZ5228BW,Active,R H,Single,,SOT-323,0.2,3.9,20,0.01,1,23,1900,0.25,150
MCC (Micro Commercial Components),MMBZ5229BW,Active,R H,Single,,SOT-323,0.2,4.3,20,0.005,1,22,2000,0.25,150
MCC (Micro Commercial Components),MMBZ5230BW,Active,R H,Single,,SOT-323,0.2,4.7,20,0.005,2,19,1900,0.25,150
MCC (Micro Commercial Components),MMBZ5231BW,Active,R H,Single,,SOT-323,0.2,5.1,20,0.005,2,17,1600,0.25,150
MCC (Micro Commercial Components),MMBZ5232BW,Active,R H,Single,,SOT-323,0.2,5.6,20,0.005,3,11,1600,0.25,150
MCC (Micro Commercial Components),MMBZ5234BW,Active,R H,Single,,SOT-323,0.2,6.2,20,0.005,4,7,1000,0.25,150
MCC (Micro Commercial Components),MMBZ5235BW,Active,R H,Single,,SOT-323,0.2,6.8,20,0.003,5,5,750,0.25,150
MCC (Micro Commercial Components),MMBZ5236BW,Active,R H,Single,,SOT-323,0.2,7.5,20,0.003,6,6,500,0.25,150
MCC (Micro Commercial Components),MMBZ5237BW,Active,R H,Single,,SOT-323,0.2,8.2,20,0.003,6.5,8,500,0.25,150
MCC (Micro Commercial Components),MMBZ5239BW,Active,R H,Single,,SOT-323,0.2,9.1,20,0.003,7,10,600,0.25,150
MCC (Micro Commercial Components),MMBZ5240BW,Active,R H,Single,,SOT-323,0.2,10,20,0.003,8,17,600,0.25,150
MCC (Micro Commercial Components),MMBZ5241BW,Active,R H,Single,,SOT-323,0.2,11,20,0.002,8.4,22,600,0.25,150
MCC (Micro Commercial Components),MMBZ5242BW,Active,R H,Single,,SOT-323,0.2,12,20,0.001,9.1,30,600,0.25,150
MCC (Micro Commercial Components),MMBZ5243BW,Active,R H,Single,,SOT-323,0.2,13,9.5,0.0005,9.9,13,600,0.25,150
MCC (Micro Commercial Components),MMBZ5245BW,Active,R H,Single,,SOT-323,0.2,15,8.5,0.0001,11,16,600,0.25,150
MCC (Micro Commercial Components),MMBZ5246BW,Active,R H,Single,,SOT-323,0.2,16,7.8,0.0001,12,17,600,0.25,150
MCC (Micro Commercial Components),MMBZ5248BW,Active,R H,Single,,SOT-323,0.2,18,7,0.0001,14,21,600,0.25,150
MCC (Micro Commercial Components),MMBZ5250BW,Active,R H,Single,,SOT-323,0.2,20,6.2,0.0001,15,25,600,0.25,150
MCC (Micro Commercial Components),MMBZ5251BW,Active,R H,Single,,SOT-323,0.2,22,5.6,0.0001,17,29,600,0.25,150
MCC (Micro Commercial Components),MMBZ5252BW,Active,R H,Single,,SOT-323,0.2,24,5.2,0.0001,18,33,600,0.25,150
MCC (Micro Commercial Components),MMBZ5254BW,Active,R H,Single,,SOT-323,0.2,27,4.6,0.0001,21,41,600,0.25,150
MCC (Micro Commercial Components),MMBZ5255BW,Active,R H,Single,,SOT-323,0.2,28,4.5,0.0001,21,44,600,0.25,150
MCC (Micro Commercial Components),MMBZ5256BW,Active,R H,Single,,SOT-323,0.2,30,4.2,0.0001,23,49,600,0.25,150
MCC (Micro Commercial Components),MMBZ5257BW,Active,R H,Single,,SOT-323,0.2,33,3.8,0.0001,25,58,700,0.25,150
MCC (Micro Commercial Components),MMBZ5258BW,Active,R H,Single,,SOT-323,0.2,36,3.4,0.0001,27,70,700,0.25,150
MCC (Micro Commercial Components),MMBZ5259BW,Active,R H,Single,,SOT-323,0.2,39,3.2,0.0001,30,80,800,0.25,150
MCC (Micro Commercial Components),BZX84B4V3,Active,R H,Single,,SOT-23,0.35,4.3,5,0.003,1,90,600,1,150
MCC (Micro Commercial Components),BZX84B4V7,Active,R H,Single,,SOT-23,0.35,4.7,5,0.003,2,80,500,1,150
MCC (Micro Commercial Components),BZX84B5V1,Active,R H,Single,,SOT-23,0.35,5.1,5,0.002,2,60,480,1,150
MCC (Micro Commercial Components),BZX84B5V6,Active,R H,Single,,SOT-23,0.35,5.6,5,0.001,2,40,400,1,150
MCC (Micro Commercial Components),BZX84B6V2,Active,R H,Single,,SOT-23,0.35,6.2,5,0.003,4,10,150,1,150
MCC (Micro Commercial Components),BZX84B6V8,Active,R H,Single,,SOT-23,0.35,6.8,5,0.002,4,15,80,1,150
MCC (Micro Commercial Components),BZX84B7V5,Active,R H,Single,,SOT-23,0.35,7.5,5,0.001,5,15,80,1,150
MCC (Micro Commercial Components),BZX84B8V2,Active,R H,Single,,SOT-23,0.35,8.2,5,0.0007,5,15,80,1,150
MCC (Micro Commercial Components),BZX84B9V1,Active,R H,Single,,SOT-23,0.35,9.1,5,0.0005,6,15,100,1,150
MCC (Micro Commercial Components),BZX84B10,Active,R H,Single,,SOT-23,0.35,10,5,0.0002,7,20,150,1,150
MCC (Micro Commercial Components),BZX84B11,Active,R H,Single,,SOT-23,0.35,11,5,0.0001,8,20,150,1,150
MCC (Micro Commercial Components),BZX84B12,Active,R H,Single,,SOT-23,0.35,12,5,0.0001,8,25,150,1,150
MCC (Micro Commercial Components),BZX84B13,Active,R H,Single,,SOT-23,0.35,13,5,0.0001,8,30,170,1,150
MCC (Micro Commercial Components),BZX84B15,Active,R H,Single,,SOT-23,0.35,15,5,0.0001,10.5,30,200,1,150
MCC (Micro Commercial Components),BZX84B16,Active,R H,Single,,SOT-23,0.35,16,5,0.0001,11.2,40,200,1,150
MCC (Micro Commercial Components),BZX84B18,Active,R H,Single,,SOT-23,0.35,18,5,0.0001,12.6,45,225,1,150
MCC (Micro Commercial Components),BZX84B20,Active,R H,Single,,SOT-23,0.35,20,5,0.0001,14,55,225,1,150
MCC (Micro Commercial Components),BZX84B22,Active,R H,Single,,SOT-23,0.35,22,5,0.0001,15.4,55,250,1,150
MCC (Micro Commercial Components),BZX84B24,Active,R H,Single,,SOT-23,0.35,24,5,0.0001,16.8,70,250,1,150
MCC (Micro Commercial Components),BZX84B27,Active,R H,Single,,SOT-23,0.35,27,2,0.0001,18.9,80,300,0.5,150
MCC (Micro Commercial Components),BZX84B30,Active,R H,Single,,SOT-23,0.35,30,2,0.0001,21,80,300,0.5,150
MCC (Micro Commercial Components),BZX84B33,Active,R H,Single,,SOT-23,0.35,33,2,0.0001,23.1,80,325,0.5,150
MCC (Micro Commercial Components),BZX84B36,Active,R H,Single,,SOT-23,0.35,36,2,0.0001,25.2,90,350,0.5,150
MCC (Micro Commercial Components),BZX84B39,Active,R H,Single,,SOT-23,0.35,39,2,0.0001,27.3,130,350,0.5,150
MCC (Micro Commercial Components),2EZ5.6D5,Active,R,Single,,DO-41,2,5.6,89.5,0.005,2,2.5,500,1,150
MCC (Micro Commercial Components),2EZ6.2D5,Active,R,Single,,DO-41,2,6.2,80.5,0.005,3,1.5,700,1,150
MCC (Micro Commercial Components),2EZ6.8D5,Active,R,Single,,DO-41,2,6.8,73.5,0.005,4,2,700,1,150
MCC (Micro Commercial Components),2EZ7.5D5,Active,R,Single,,DO-41,2,7.5,66.5,0.005,5,2,700,0.5,150
MCC (Micro Commercial Components),2EZ8.2D5,Active,R,Single,,DO-41,2,8.2,61,0.005,6,2.3,700,0.5,150
MCC (Micro Commercial Components),2EZ9.1D5,Active,R,Single,,DO-41,2,9.1,55,0.003,7,2.5,700,0.5,150
MCC (Micro Commercial Components),2EZ10D5,Active,R,Single,,DO-41,2,10,50,0.003,7.6,3.5,700,0.25,150
MCC (Micro Commercial Components),MMSZ4678,Active,R H,Single,,SOD-123,0.5,1.8,0.05,0.0075,1,,,,150
MCC (Micro Commercial Components),MMSZ4679,Active,R H,Single,,SOD-123,0.5,2,0.05,0.005,1,,,,150
MCC (Micro Commercial Components),MMSZ4680,Active,R H,Single,,SOD-123,0.5,2.2,0.05,0.004,1,,,,150
MCC (Micro Commercial Components),MMSZ4681,Active,R H,Single,,SOD-123,0.5,2.4,0.05,0.002,1,,,,150
MCC (Micro Commercial Components),MMSZ4682,Active,R H,Single,,SOD-123,0.5,2.7,0.05,0.001,1,,,,150
MCC (Micro Commercial Components),MMSZ4683,Active,R H,Single,,SOD-123,0.5,3,0.05,0.0008,1,,,,150
MCC (Micro Commercial Components),MMSZ4684,Active,R H,Single,,SOD-123,0.5,3.3,0.05,0.0075,1.5,,,,150
MCC (Micro Commercial Components),MMSZ4685,Active,R H,Single,,SOD-123,0.5,3.6,0.05,0.0075,2,,,,150
MCC (Micro Commercial Components),MMSZ4686,Active,R H,Single,,SOD-123,0.5,3.9,0.05,0.005,2,,,,150
MCC (Micro Commercial Components),MMSZ4687,Active,R H,Single,,SOD-123,0.5,4.3,0.05,0.004,2,,,,150
MCC (Micro Commercial Components),MMSZ4688,Active,R H,Single,,SOD-123,0.5,4.7,0.05,0.01,3,,,,150
MCC (Micro Commercial Components),MMSZ4689,Active,R H,Single,,SOD-123,0.5,5.1,0.05,0.01,3,,,,150
MCC (Micro Commercial Components),MMSZ4690,Active,R H,Single,,SOD-123,0.5,5.6,0.05,0.01,4,,,,150
MCC (Micro Commercial Components),MMSZ4691,Active,R H,Single,,SOD-123,0.5,6.2,0.05,0.01,5,,,,150
MCC (Micro Commercial Components),MMSZ4692,Active,R H,Single,,SOD-123,0.5,6.8,0.05,0.01,5.1,,,,150
MCC (Micro Commercial Components),MMSZ4693,Active,R H,Single,,SOD-123,0.5,7.5,0.05,0.01,5.7,,,,150
MCC (Micro Commercial Components),MMSZ4694,Active,R H,Single,,SOD-123,0.5,8.2,0.05,0.001,6.2,,,,150
MCC (Micro Commercial Components),MMSZ4695,Active,R H,Single,,SOD-123,0.5,8.7,0.05,0.001,6.6,,,,150
MCC (Micro Commercial Components),MMSZ4696,Active,R H,Single,,SOD-123,0.5,9.1,0.05,0.001,6.9,,,,150
MCC (Micro Commercial Components),MMSZ4697,Active,R H,Single,,SOD-123,0.5,10,0.05,0.001,7.6,,,,150
MCC (Micro Commercial Components),MMSZ4698,Active,R H,Single,,SOD-123,0.5,11,0.05,0.00005,8.4,,,,150
MCC (Micro Commercial Components),MMSZ4699,Active,R H,Single,,SOD-123,0.5,12,0.05,0.00005,9.1,,,,150
MCC (Micro Commercial Components),MMSZ4700,Active,R H,Single,,SOD-123,0.5,13,0.05,0.00005,9.8,,,,150
MCC (Micro Commercial Components),MMSZ4706,Active,R H,Single,,SOD-123,0.5,19,0.05,0.00005,14.4,,,,150
MCC (Micro Commercial Components),MMSZ4708,Active,R H,Single,,SOD-123,0.5,22,0.05,0.00001,16.7,,,,150
MCC (Micro Commercial Components),MMSZ4710,Active,R H,Single,,SOD-123,0.5,25,0.05,0.00001,19,,,,150
MCC (Micro Commercial Components),MMSZ4712,Active,R H,Single,,SOD-123,0.5,28,0.05,0.00001,21.2,,,,150
MCC (Micro Commercial Components),MMSZ4714,Active,R H,Single,,SOD-123,0.5,33,0.05,0.00001,25,,,,150
MCC (Micro Commercial Components),MMSZ4715,Active,R H,Single,,SOD-123,0.5,36,0.05,0.00001,27.3,,,,150
MCC (Micro Commercial Components),MMSZ4713,Active,R H,Single,,SOD-123,0.5,30,0.05,0.00001,22.8,,,,150
MCC (Micro Commercial Components),MMSZ4709,Active,R H,Single,,SOD-123,0.5,24,0.05,0.00001,18.2,,,,150
MCC (Micro Commercial Components),3SMAJ5942B,Active,R H,Single,,SMA,3,51,7.3,0.001,38.8,70,1100,0.25,150
MCC (Micro Commercial Components),3SMAJ5918B,Active,R H,Single,,SMA,3,5.1,73.5,0.005,2,4,350,1,150
MCC (Micro Commercial Components),3SMAJ5919B,Active,R H,Single,,SMA,3,5.6,66.9,0.005,3,2,250,1,150
MCC (Micro Commercial Components),3SMAJ5920B,Active,R H,Single,,SMA,3,6.2,60.5,0.005,4,2,200,1,150
MCC (Micro Commercial Components),3SMAJ5921B,Active,R H,Single,,SMA,3,6.8,55.1,0.005,5.2,2.5,200,1,150
MCC (Micro Commercial Components),3SMAJ5922B,Active,R H,Single,,SMA,3,7.5,50,0.005,6,3,400,0.5,150
MCC (Micro Commercial Components),3SMAJ5923B,Active,R H,Single,,SMA,3,8.2,45.7,0.005,6.5,3.5,400,0.5,150
MCC (Micro Commercial Components),3SMAJ5924B,Active,R H,Single,,SMA,3,9.1,41.2,0.005,7,4,500,0.5,150
MCC (Micro Commercial Components),3SMAJ5925B,Active,R H,Single,,SMA,3,10,37.5,0.005,8,4.5,500,0.25,150
MCC (Micro Commercial Components),3SMAJ5926B,Active,R H,Single,,SMA,3,11,34.1,0.001,8.4,5.5,550,0.25,150
MCC (Micro Commercial Components),3SMAJ5927B,Active,R H,Single,,SMA,3,12,31.2,0.001,9.1,6.5,550,0.25,150
MCC (Micro Commercial Components),3SMAJ5928B,Active,R H,Single,,SMA,3,13,28.8,0.001,9.9,7,550,0.25,150
MCC (Micro Commercial Components),3SMAJ5929B,Active,R H,Single,,SMA,3,15,25,0.001,11.4,9,600,0.25,150
MCC (Micro Commercial Components),3SMAJ5930B,Active,R H,Single,,SMA,3,16,23.4,0.001,12.2,10,600,0.25,150
MCC (Micro Commercial Components),3SMAJ5931B,Active,R H,Single,,SMA,3,18,20.8,0.001,13.7,12,650,0.25,150
MCC (Micro Commercial Components),3SMAJ5932B,Active,R H,Single,,SMA,3,20,18.7,0.001,15.2,14,650,0.25,150
MCC (Micro Commercial Components),3SMAJ5933B,Active,R H,Single,,SMA,3,22,17,0.001,16.7,17.5,650,0.25,150
MCC (Micro Commercial Components),3SMAJ5934B,Active,R H,Single,,SMA,3,24,15.6,0.001,18.2,19,700,0.25,150
MCC (Micro Commercial Components),3SMAJ5935B,Active,R H,Single,,SMA,3,27,13.9,0.001,20.6,23,700,0.25,150
MCC (Micro Commercial Components),3SMAJ5936B,Active,R H,Single,,SMA,3,30,12.5,0.001,22.8,28,750,0.25,150
MCC (Micro Commercial Components),3SMAJ5937B,Active,R H,Single,,SMA,3,33,11.4,0.001,25.1,33,800,0.25,150
MCC (Micro Commercial Components),3SMAJ5938B,Active,R H,Single,,SMA,3,36,10.4,0.001,27.4,38,850,0.25,150
MCC (Micro Commercial Components),3SMAJ5939B,Active,R H,Single,,SMA,3,39,9.6,0.001,29.7,45,900,0.25,150
MCC (Micro Commercial Components),3SMAJ5940B,Active,R H,Single,,SMA,3,43,8.7,0.001,32.7,53,950,0.25,150
MCC (Micro Commercial Components),3SMAJ5941B,Active,R H,Single,,SMA,3,47,8,0.001,35.8,67,1000,0.25,150
MCC (Micro Commercial Components),3SMAJ5943B,Active,R H,Single,,SMA,3,56,6.7,0.001,42.6,86,1300,0.25,150
MCC (Micro Commercial Components),SMBJ5918B,Active,R H,Single,,SMB,1.5,5.1,73.5,0.005,2,4,350,1,150
MCC (Micro Commercial Components),SMBJ5919B,Active,R H,Single,,SMB,1.5,5.6,66.9,0.005,3,2,250,1,150
MCC (Micro Commercial Components),SMBJ5921B,Active,R H,Single,,SMB,1.5,6.8,55.1,0.005,5.2,2.5,200,1,150
MCC (Micro Commercial Components),SMBJ5922B,Active,R H,Single,,SMB,1.5,7.5,50,0.005,6,3,400,0.5,150
MCC (Micro Commercial Components),SMBJ5923B,Active,R H,Single,,SMB,1.5,8.2,45.7,0.005,6.5,3.5,400,0.5,150
MCC (Micro Commercial Components),SMBJ5924B,Active,R H,Single,,SMB,1.5,9.1,41.2,0.005,7,4,500,0.5,150
MCC (Micro Commercial Components),SMBJ5925B,Active,R H,Single,,SMB,1.5,10,37.5,0.005,8,4.5,500,0.25,150
MCC (Micro Commercial Components),SMBJ5942B,Active,R H,Single,,SMB,1.5,51,7.3,0.001,38.8,70,1100,0.25,150
MCC (Micro Commercial Components),SMBJ5941B,Active,R H,Single,,SMB,1.5,47,8,0.001,35.8,67,1000,0.25,150
MCC (Micro Commercial Components),SMBJ5940B,Active,R H,Single,,SMB,1.5,43,8.7,0.001,32.7,53,950,0.25,150
MCC (Micro Commercial Components),BZX84C3V3,Active,R H,Single,,SOT-23,0.35,3.3,5,0.005,1,95,600,1,150
MCC (Micro Commercial Components),BZX84C43,Active,R H,Single,,SOT-23,0.35,43,5,0.0001,30.1,150,375,0.5,150
MCC (Micro Commercial Components),BZX84C47,Active,R H,Single,,SOT-23,0.35,47,5,0.0001,32.9,170,375,0.5,150
MCC (Micro Commercial Components),BZX84C51,Active,R H,Single,,SOT-23,0.35,51,5,0.0001,35.7,180,400,0.5,150
MCC (Micro Commercial Components),BZT52C36S,Active,R H,Single,,SOD-323,0.2,36,2,0.0001,25.2,90,350,0.5,150
MCC (Micro Commercial Components),SMBJ5955B,Active,R H,Single,,SMB,1.5,180,2.1,0.001,136.8,900,7000,0.25,150
MCC (Micro Commercial Components),SMBJ5956B,Active,R H,Single,,SMB,1.5,200,1.9,0.001,152,1200,8000,0.25,150
MCC (Micro Commercial Components),1N5920BP,Active,R,Single,,DO-41,1.5,6.2,60.5,0.005,4,2,200,1,175
MCC (Micro Commercial Components),1N5921BP,Active,R,Single,,DO-41,1.5,6.8,55.1,0.005,5.2,2.5,200,1,175
MCC (Micro Commercial Components),1N5922BP,Active,R,Single,,DO-41,1.5,7.5,50,0.005,6,3,400,0.5,175
MCC (Micro Commercial Components),1N5923BP,Active,R,Single,,DO-41,1.5,8.2,45.7,0.005,6.5,3.5,400,0.5,175
MCC (Micro Commercial Components),1N5924BP,Active,R,Single,,DO-41,1.5,9.1,41.2,0.005,7,4,500,0.5,175
MCC (Micro Commercial Components),1N5925BP,Active,R,Single,,DO-41,1.5,10,37.5,0.005,8,4.5,500,0.25,175
MCC (Micro Commercial Components),AZ23C2V7,Active,R H,Dual,,SOT-23,0.3,2.7,5,0.0001,0,83,500,1,150
MCC (Micro Commercial Components),AZ23C3V0,Active,R H,Dual,,SOT-23,0.3,3,5,0.0001,0,95,500,1,150
MCC (Micro Commercial Components),AZ23C3V6,Active,R H,Dual,,SOT-23,0.3,3.6,5,0.0001,0,95,500,1,150
MCC (Micro Commercial Components),AZ23C3V9,Active,R H,Dual,,SOT-23,0.3,3.9,5,0.0001,0,95,500,1,150
MCC (Micro Commercial Components),AZ23C4V3,Active,R H,Dual,,SOT-23,0.3,4.3,5,0.0001,0,95,500,1,150
MCC (Micro Commercial Components),AZ23C4V7,Active,R H,Dual,,SOT-23,0.3,4.7,5,0.0001,0,78,500,1,150
MCC (Micro Commercial Components),AZ23C5V1,Active,R H,Dual,,SOT-23,0.3,5.1,5,0.0001,0.8,60,480,1,150
MCC (Micro Commercial Components),AZ23C5V6,Active,R H,Dual,,SOT-23,0.3,5.6,5,0.0001,1,40,400,1,150
MCC (Micro Commercial Components),AZ23C6V2,Active,R H,Dual,,SOT-23,0.3,6.2,5,0.0001,2,10,200,1,150
MCC (Micro Commercial Components),AZ23C6V8,Active,R H,Dual,,SOT-23,0.3,6.8,5,0.0001,3,8,150,1,150
MCC (Micro Commercial Components),AZ23C7V5,Active,R H,Dual,,SOT-23,0.3,7.5,5,0.0001,5,7,50,1,150
MCC (Micro Commercial Components),AZ23C8V2,Active,R H,Dual,,SOT-23,0.3,8.2,5,0.0001,6,7,50,1,150
MCC (Micro Commercial Components),AZ23C9V1,Active,R H,Dual,,SOT-23,0.3,9.1,5,0.0001,7,10,50,1,150
MCC (Micro Commercial Components),AZ23C10,Active,R H,Dual,,SOT-23,0.3,10,5,0.0001,7.5,15,70,1,150
MCC (Micro Commercial Components),AZ23C11,Active,R H,Dual,,SOT-23,0.3,11,5,0.0001,8.5,20,70,1,150
MCC (Micro Commercial Components),AZ23C12,Active,R H,Dual,,SOT-23,0.3,12,5,0.0001,9,20,90,1,150
MCC (Micro Commercial Components),AZ23C13,Active,R H,Dual,,SOT-23,0.3,13,5,0.0001,10,25,110,1,150
MCC (Micro Commercial Components),AZ23C15,Active,R H,Dual,,SOT-23,0.3,15,5,0.0001,11,30,110,1,150
MCC (Micro Commercial Components),AZ23C16,Active,R H,Dual,,SOT-23,0.3,16,5,0.0001,12,40,170,1,150
MCC (Micro Commercial Components),AZ23C18,Active,R H,Dual,,SOT-23,0.3,18,5,0.0001,14,50,170,1,150
MCC (Micro Commercial Components),AZ23C20,Active,R H,Dual,,SOT-23,0.3,20,5,0.0001,15,50,220,1,150
MCC (Micro Commercial Components),AZ23C22,Active,R H,Dual,,SOT-23,0.3,22,5,0.0001,17,55,220,1,150
MCC (Micro Commercial Components),AZ23C24,Active,R H,Dual,,SOT-23,0.3,24,5,0.0001,18,80,220,1,150
MCC (Micro Commercial Components),AZ23C27,Active,R H,Dual,,SOT-23,0.3,27,5,0.0001,20,80,250,1,150
MCC (Micro Commercial Components),AZ23C30,Active,R H,Dual,,SOT-23,0.3,30,5,0.0001,22.5,80,250,1,150
MCC (Micro Commercial Components),AZ23C33,Active,R H,Dual,,SOT-23,0.3,33,5,0.0001,25,80,250,1,150
MCC (Micro Commercial Components),AZ23C36,Active,R H,Dual,,SOT-23,0.3,36,5,0.0001,27,90,250,1,150
MCC (Micro Commercial Components),AZ23C39,Active,R H,Dual,,SOT-23,0.3,39,5,0.0001,29,90,300,1,150
MCC (Micro Commercial Components),AZ23C43,Active,R H,Dual,,SOT-23,0.3,43,5,0.0001,32,100,700,1,150
MCC (Micro Commercial Components),AZ23C47,Active,R H,Dual,,SOT-23,0.3,47,5,0.0001,35,100,750,1,150
MCC (Micro Commercial Components),AZ23C51,Active,R H,Dual,,SOT-23,0.3,51,5,0.0001,38,100,750,1,150
MCC (Micro Commercial Components),AZ23C3V3,Active,R H,Dual,,SOT-23,0.3,3.3,5,0.0001,0,95,500,1,150
MCC (Micro Commercial Components),1EZ6.2D5,Active,R,Single,,DO-41,1,6.2,40.3,0.01,3,2,700,1,150
MCC (Micro Commercial Components),1EZ6.8D5,Active,R,Single,,DO-41,1,6.8,36.8,0.01,4,3.5,700,1,150
MCC (Micro Commercial Components),1EZ7.5D5,Active,R,Single,,DO-41,1,7.5,33.3,0.01,5,4,700,0.5,150
MCC (Micro Commercial Components),1EZ8.2D5,Active,R,Single,,DO-41,1,8.2,30.5,0.01,6,4.5,700,0.5,150
MCC (Micro Commercial Components),1EZ9.1D5,Active,R,Single,,DO-41,1,9.1,27.5,0.01,7,5,700,0.5,150
MCC (Micro Commercial Components),1EZ10D5,Active,R,Single,,DO-41,1,10,25,0.01,7.6,7,700,0.25,150
MCC (Micro Commercial Components),1EZ11D5,Active,R,Single,,DO-41,1,11,22.7,0.005,8.4,8,700,0.25,150
MCC (Micro Commercial Components),1EZ12D5,Active,R,Single,,DO-41,1,12,20.8,0.005,9.1,9,700,0.25,150
MCC (Micro Commercial Components),1EZ13D5,Active,R,Single,,DO-41,1,13,19.2,0.005,9.9,10,700,0.25,150
MCC (Micro Commercial Components),1EZ14D5,Active,R,Single,,DO-41,1,14,17.9,0.005,10.6,12,700,0.25,150
MCC (Micro Commercial Components),1EZ15D5,Active,R,Single,,DO-41,1,15,16.7,0.005,11.4,14,700,0.25,150
MCC (Micro Commercial Components),1EZ16D5,Active,R,Single,,DO-41,1,16,15.6,0.005,12.2,16,700,0.25,150
MCC (Micro Commercial Components),1EZ17D5,Active,R,Single,,DO-41,1,17,14.7,0.005,13,18,750,0.25,150
MCC (Micro Commercial Components),1EZ18D5,Active,R,Single,,DO-41,1,18,13.9,0.005,13.7,20,750,0.25,150
MCC (Micro Commercial Components),1EZ19D5,Active,R,Single,,DO-41,1,19,13.2,0.005,14.4,21,750,0.25,150
MCC (Micro Commercial Components),1EZ20D5,Active,R,Single,,DO-41,1,20,12.5,0.005,15.2,22,750,0.25,150
MCC (Micro Commercial Components),1EZ22D5,Active,R,Single,,DO-41,1,22,11.4,0.005,16.7,23,750,0.25,150
MCC (Micro Commercial Components),1EZ24D5,Active,R,Single,,DO-41,1,24,10.4,0.005,18.2,25,750,0.25,150
MCC (Micro Commercial Components),1EZ27D5,Active,R,Single,,DO-41,1,27,9.3,0.005,20.6,35,750,0.25,150
MCC (Micro Commercial Components),1EZ30D5,Active,R,Single,,DO-41,1,30,8.3,0.005,22.5,40,1000,0.25,150
MCC (Micro Commercial Components),1EZ33D5,Active,R,Single,,DO-41,1,33,7.6,0.005,25.1,45,1000,0.25,150
MCC (Micro Commercial Components),1EZ36D5,Active,R,Single,,DO-41,1,36,6.9,0.005,27.4,50,1000,0.25,150
MCC (Micro Commercial Components),1EZ39D5,Active,R,Single,,DO-41,1,39,6.4,0.005,29.7,60,1000,0.25,150
MCC (Micro Commercial Components),DZ23C2V4,Active,R H,Dual,,SOT-23,0.3,2.4,5,0.1,1,85,600,1,150
MCC (Micro Commercial Components),DZ23C2V7,Active,R H,Dual,,SOT-23,0.3,2.7,5,0.075,1,83,600,1,150
MCC (Micro Commercial Components),DZ23C3V0,Active,R H,Dual,,SOT-23,0.3,3,5,0.05,1,95,600,1,150
MCC (Micro Commercial Components),DZ23C3V3,Active,R H,Dual,,SOT-23,0.3,3.3,5,0.025,1,95,600,1,150
MCC (Micro Commercial Components),DZ23C3V6,Active,R H,Dual,,SOT-23,0.3,3.6,5,0.015,1,95,600,1,150
MCC (Micro Commercial Components),DZ23C3V9,Active,R H,Dual,,SOT-23,0.3,3.9,5,0.01,1,95,600,1,150
MCC (Micro Commercial Components),DZ23C4V3,Active,R H,Dual,,SOT-23,0.3,4.3,5,0.005,1,95,600,1,150
MCC (Micro Commercial Components),DZ23C4V7,Active,R H,Dual,,SOT-23,0.3,4.7,5,0.005,2,78,500,1,150
MCC (Micro Commercial Components),DZ23C5V1,Active,R H,Dual,,SOT-23,0.3,5.1,5,0.0001,0.8,60,480,1,150
MCC (Micro Commercial Components),DZ23C5V6,Active,R H,Dual,,SOT-23,0.3,5.6,5,0.0001,1,40,400,1,150
MCC (Micro Commercial Components),DZ23C6V2,Active,R H,Dual,,SOT-23,0.3,6.2,5,0.0001,2,10,150,1,150
MCC (Micro Commercial Components),DZ23C6V8,Active,R H,Dual,,SOT-23,0.3,6.8,5,0.0001,3,8,80,1,150
MCC (Micro Commercial Components),DZ23C7V5,Active,R H,Dual,,SOT-23,0.3,7.5,5,0.0001,5,7,80,1,150
MCC (Micro Commercial Components),DZ23C8V2,Active,R H,Dual,,SOT-23,0.3,8.2,5,0.0001,6,7,80,1,150
MCC (Micro Commercial Components),DZ23C9V1,Active,R H,Dual,,SOT-23,0.3,9.1,5,0.0001,7,10,100,1,150
MCC (Micro Commercial Components),DZ23C10,Active,R H,Dual,,SOT-23,0.3,10,5,0.0001,7.5,15,150,1,150
MCC (Micro Commercial Components),DZ23C11,Active,R H,Dual,,SOT-23,0.3,11,5,0.0001,8.5,20,150,1,150
MCC (Micro Commercial Components),DZ23C12,Active,R H,Dual,,SOT-23,0.3,12,5,0.0001,9,20,150,1,150
MCC (Micro Commercial Components),DZ23C13,Active,R H,Dual,,SOT-23,0.3,13,5,0.0001,10,25,170,1,150
MCC (Micro Commercial Components),DZ23C15,Active,R H,Dual,,SOT-23,0.3,15,5,0.0001,11,30,200,1,150
MCC (Micro Commercial Components),DZ23C16,Active,R H,Dual,,SOT-23,0.3,16,5,0.0001,12,40,200,1,150
MCC (Micro Commercial Components),DZ23C18,Active,R H,Dual,,SOT-23,0.3,18,5,0.0001,14,50,225,1,150
MCC (Micro Commercial Components),DZ23C20,Active,R H,Dual,,SOT-23,0.3,20,5,0.0001,15,50,225,1,150
MCC (Micro Commercial Components),DZ23C22,Active,R H,Dual,,SOT-23,0.3,22,5,0.0001,17,55,250,1,150
MCC (Micro Commercial Components),DZ23C24,Active,R H,Dual,,SOT-23,0.3,24,5,0.0001,18,80,250,1,150
MCC (Micro Commercial Components),DZ23C27,Active,R H,Dual,,SOT-23,0.3,27,5,0.0001,20,80,300,1,150
MCC (Micro Commercial Components),DZ23C30,Active,R H,Dual,,SOT-23,0.3,30,5,0.0001,22.5,80,300,1,150
MCC (Micro Commercial Components),DZ23C33,Active,R H,Dual,,SOT-23,0.3,33,5,0.0001,25,80,325,1,150
MCC (Micro Commercial Components),DZ23C36,Active,R H,Dual,,SOT-23,0.3,36,5,0.0001,27,90,350,1,150
MCC (Micro Commercial Components),DZ23C39,Active,R H,Dual,,SOT-23,0.3,39,5,0.0001,29,90,350,1,150
MCC (Micro Commercial Components),DZ23C43,Active,R H,Dual,,SOT-23,0.3,43,5,0.0001,32,100,700,1,150
MCC (Micro Commercial Components),DZ23C47,Active,R H,Dual,,SOT-23,0.3,47,5,0.0001,35,100,750,1,150
MCC (Micro Commercial Components),DZ23C51,Active,R H,Dual,,SOT-23,0.3,51,5,0.0001,38,100,750,1,150
MCC (Micro Commercial Components),DZ23C56,Active,R H,Dual,,SOT-23,0.3,56,5,0.0001,42,135,1000,1,150
MCC (Micro Commercial Components),DZ23C62,Active,R H,Dual,,SOT-23,0.3,62,5,0.0001,46,150,1000,1,150
MCC (Micro Commercial Components),DZ23C68,Active,R H,Dual,,SOT-23,0.3,68,5,0.0001,51,200,1000,1,150
MCC (Micro Commercial Components),DZ23C75,Active,R H,Dual,,SOT-23,0.3,75,5,0.0001,56,250,1000,1,150
MCC (Micro Commercial Components),DZ23C14,Active,R H,Dual,,SOT-23,0.3,14,5,0.0001,10,25,170,1,150
MCC (Micro Commercial Components),DZ23C17,Active,R H,Dual,,SOT-23,0.3,17,5,0.0001,13,40,200,1,150
MCC (Micro Commercial Components),DZ23C28,Active,R H,Dual,,SOT-23,0.3,28,5,0.0001,22,80,300,1,150
MCC (Micro Commercial Components),BZT52C43,Active,R H,Single,,SOD-123,0.5,43,5,0.0001,32,100,700,1,150
MCC (Micro Commercial Components),MMBZ5233B,Active,R H,Single,,SOT-23,0.35,6,20,0.005,3.5,7,1600,0.25,150
MCC (Micro Commercial Components),MMBZ5238B,Active,R H,Single,,SOT-23,0.35,8.7,20,0.003,6.5,8,600,0.25,150
MCC (Micro Commercial Components),2EZ5.1D5,Active,R,Single,,DO-41,2,5.1,98,0.005,1,3.5,600,1,150
MCC (Micro Commercial Components),3EZ5.1D5,Active,R,Single,,DO-15,3,5.1,147,0.005,1,3.5,550,1,150
MCC (Micro Commercial Components),3EZ5.6D5,Active,R,Single,,DO-15,3,5.6,134,0.005,2,2.5,600,1,150
MCC (Micro Commercial Components),3EZ6.2D5,Active,R,Single,,DO-15,3,6.2,121,0.005,3,1.5,700,1,150
MCC (Micro Commercial Components),3EZ6.8D5,Active,R,Single,,DO-15,3,6.8,110,0.005,4,2,700,1,150
MCC (Micro Commercial Components),3EZ7.5D5,Active,R,Single,,DO-15,3,7.5,100,0.005,5,2,700,0.5,150
MCC (Micro Commercial Components),3EZ8.2D5,Active,R,Single,,DO-15,3,8.2,91,0.005,6,2.3,700,0.5,150
MCC (Micro Commercial Components),3EZ9.1D5,Active,R,Single,,DO-15,3,9.1,82,0.003,7,2.5,700,0.5,150
MCC (Micro Commercial Components),3EZ10D5,Active,R,Single,,DO-15,3,10,75,0.003,7.6,3.5,700,0.25,150
MCC (Micro Commercial Components),3SMBJ5942B,Active,R H,Single,,SMB,3,51,7.3,0.001,38.8,70,1100,0.25,150
MCC (Micro Commercial Components),MMSZ5244B,Active,R H,Single,,SOD-123,0.5,14,9,0.0001,10.5,15,600,0.25,150
MCC (Micro Commercial Components),MMSZ5244C,Active,R H,Single,,SOD-123,0.5,14,9,0.0005,10.5,15,600,0.25,150
MCC (Micro Commercial Components),3EZ43D5,Active,R,Single,,DO-15,3,43,17,0.0005,32.7,33,1500,0.25,150
MCC (Micro Commercial Components),3EZ47D5,Active,R,Single,,DO-15,3,47,16,0.0005,35.6,38,1500,0.25,150
MCC (Micro Commercial Components),3EZ51D5,Active,R,Single,,DO-15,3,51,15,0.0005,38.8,45,1500,0.25,150
MCC (Micro Commercial Components),3EZ56D5,Active,R,Single,,DO-15,3,56,13,0.0005,42.6,50,2000,0.25,150
MCC (Micro Commercial Components),3EZ62D5,Active,R,Single,,DO-15,3,62,12,0.0005,47.1,55,2000,0.25,150
MCC (Micro Commercial Components),3EZ68D5,Active,R,Single,,DO-15,3,68,11,0.0005,51.7,70,2000,0.25,150
MCC (Micro Commercial Components),3EZ75D5,Active,R,Single,,DO-15,3,75,10,0.0005,56,85,2000,0.25,150
MCC (Micro Commercial Components),MMSZ4701,Active,R H,Single,,SOD-123,0.5,14,0.05,0.00005,10.6,,,,150
MCC (Micro Commercial Components),MMSZ4702,Active,R H,Single,,SOD-123,0.5,15,0.05,0.00005,11.4,,,,150
MCC (Micro Commercial Components),MMSZ4703,Active,R H,Single,,SOD-123,0.5,16,0.05,0.00005,12.1,,,,150
MCC (Micro Commercial Components),MMSZ4704,Active,R H,Single,,SOD-123,0.5,17,0.05,0.00005,12.9,,,,150
MCC (Micro Commercial Components),MMSZ4705,Active,R H,Single,,SOD-123,0.5,18,0.05,0.00005,13.6,,,,150
MCC (Micro Commercial Components),MMSZ4707,Active,R H,Single,,SOD-123,0.5,20,0.05,0.00001,15.2,,,,150
MCC (Micro Commercial Components),MMSZ4711,Active,R H,Single,,SOD-123,0.5,27,0.05,0.00001,20.4,,,,150
MCC (Micro Commercial Components),MMSZ4716,Active,R H,Single,,SOD-123,0.5,39,0.05,0.00001,29.6,,,,150
MCC (Micro Commercial Components),MMSZ5233B,Active,R H,Single,,SOD-123,0.5,6,20,0.005,3.5,7,1600,0.25,150
MCC (Micro Commercial Components),DFLZ6V2,Active,R H,Single,,SOD-123FL,1,6.2,100,0.005,2,3,,,150
MCC (Micro Commercial Components),DFLZ6V8,Active,R H,Single,,SOD-123FL,1,6.8,100,0.005,3,3,,,150
MCC (Micro Commercial Components),DFLZ7V5,Active,R H,Single,,SOD-123FL,1,7.5,100,0.005,3,2,,,150
MCC (Micro Commercial Components),DFLZ8V2,Active,R H,Single,,SOD-123FL,1,8.2,100,0.005,3,2,,,150
MCC (Micro Commercial Components),DFLZ9V1,Active,R H,Single,,SOD-123FL,1,9.1,50,0.005,5,4,,,150
MCC (Micro Commercial Components),DFLZ10,Active,R H,Single,,SOD-123FL,1,10,50,0.005,7.5,4,,,150
MCC (Micro Commercial Components),DFLZ11,Active,R H,Single,,SOD-123FL,1,11,50,0.004,8.2,7,,,150
MCC (Micro Commercial Components),DFLZ12,Active,R H,Single,,SOD-123FL,1,12,50,0.003,9.1,7,,,150
MCC (Micro Commercial Components),DFLZ13,Active,R H,Single,,SOD-123FL,1,13,50,0.002,10,10,,,150
MCC (Micro Commercial Components),DFLZ15,Active,R H,Single,,SOD-123FL,1,15,50,0.001,11,10,,,150
MCC (Micro Commercial Components),DFLZ16,Active,R H,Single,,SOD-123FL,1,16,25,0.001,12,15,,,150
MCC (Micro Commercial Components),DFLZ18,Active,R H,Single,,SOD-123FL,1,18,25,0.001,13,15,,,150
MCC (Micro Commercial Components),DFLZ20,Active,R H,Single,,SOD-123FL,1,20,25,0.001,15,15,,,150
MCC (Micro Commercial Components),DFLZ22,Active,R H,Single,,SOD-123FL,1,22,25,0.001,16,15,,,150
MCC (Micro Commercial Components),DFLZ24,Active,R H,Single,,SOD-123FL,1,24,25,0.001,18,15,,,150
MCC (Micro Commercial Components),DFLZ27,Active,R H,Single,,SOD-123FL,1,27,25,0.001,20,15,,,150
MCC (Micro Commercial Components),DFLZ30,Active,R H,Single,,SOD-123FL,1,30,25,0.001,22,15,,,150
MCC (Micro Commercial Components),DFLZ33,Active,R H,Single,,SOD-123FL,1,33,25,0.001,24,15,,,150
MCC (Micro Commercial Components),DFLZ36,Active,R H,Single,,SOD-123FL,1,36,10,0.001,27,40,,,150
MCC (Micro Commercial Components),DFLZ39,Active,R H,Single,,SOD-123FL,1,39,10,0.001,30,40,,,150
MCC (Micro Commercial Components),MMBZ5244B,Active,R H,Single,,SOT-23,0.35,14,9,0.0001,10,15,600,0.25,150
MCC (Micro Commercial Components),MMSZ5238B,Active,R H,Single,,SOD-123,0.5,8.7,20,0.003,6.5,8,600,0.25,150
MCC (Micro Commercial Components),MMBZ5244BW,Active,R H,Single,,SOT-323,0.2,14,9,0.0001,10,15,600,0.25,150
MCC (Micro Commercial Components),SMBJ5943B,Active,R H,Single,,SMB,1.5,56,6.7,0.001,42.6,86,1300,0.25,150
MCC (Micro Commercial Components),SMBJ5944B,Active,R H,Single,,SMB,1.5,62,6,0.001,47.1,100,1500,0.25,150
MCC (Micro Commercial Components),SMBJ5945B,Active,R H,Single,,SMB,1.5,68,5.5,0.001,51.2,120,1700,0.25,150
MCC (Micro Commercial Components),SMBJ5946B,Active,R H,Single,,SMB,1.5,75,5,0.001,56,140,2000,0.25,150
MCC (Micro Commercial Components),SMBJ5947B,Active,R H,Single,,SMB,1.5,82,4.6,0.001,62.2,160,2500,0.25,150
MCC (Micro Commercial Components),SMBJ5948B,Active,R H,Single,,SMB,1.5,91,4.1,0.001,69.2,200,3000,0.25,150
MCC (Micro Commercial Components),SMBJ5949B,Active,R H,Single,,SMB,1.5,100,3.7,0.001,76,250,3100,0.25,150
MCC (Micro Commercial Components),SMBJ5950B,Active,R H,Single,,SMB,1.5,110,3.4,0.001,83.6,300,4000,0.25,150
MCC (Micro Commercial Components),SMBJ5951B,Active,R H,Single,,SMB,1.5,120,3.1,0.001,91.2,380,4500,0.25,150
MCC (Micro Commercial Components),SMBJ5952B,Active,R H,Single,,SMB,1.5,130,2.9,0.001,98.8,450,5000,0.25,150
MCC (Micro Commercial Components),SMBJ5953B,Active,R H,Single,,SMB,1.5,150,2.5,0.001,114,600,6000,0.25,150
MCC (Micro Commercial Components),SMBJ5954B,Active,R H,Single,,SMB,1.5,160,2.3,0.001,121.6,700,6500,0.25,150
MCC (Micro Commercial Components),3SMAJ5944B,Active,R H,Single,,SMA,3,62,6,0.001,47.1,100,1500,0.25,150
MCC (Micro Commercial Components),3SMAJ5945B,Active,R H,Single,,SMA,3,68,5.5,0.001,51.7,120,1700,0.25,150
MCC (Micro Commercial Components),3SMAJ5946B,Active,R H,Single,,SMA,3,75,5,0.001,56,140,2000,0.25,150
MCC (Micro Commercial Components),3SMAJ5947B,Active,R H,Single,,SMA,3,82,4.6,0.001,62.2,160,2500,0.25,150
MCC (Micro Commercial Components),3SMAJ5948B,Active,R H,Single,,SMA,3,91,4.1,0.001,69.2,200,3000,0.25,150
MCC (Micro Commercial Components),3SMAJ5949B,Active,R H,Single,,SMA,3,100,3.7,0.001,76,250,3100,0.25,150
MCC (Micro Commercial Components),3SMAJ5950B,Active,R H,Single,,SMA,3,110,3.4,0.001,83.6,300,4000,0.25,150
MCC (Micro Commercial Components),3SMAJ5951B,Active,R H,Single,,SMA,3,120,3.1,0.001,91.2,380,4500,0.25,150
MCC (Micro Commercial Components),3SMAJ5952B,Active,R H,Single,,SMA,3,130,2.9,0.001,98.8,450,5000,0.25,150
MCC (Micro Commercial Components),3SMAJ5953B,Active,R H,Single,,SMA,3,150,2.5,0.001,114,600,6000,0.25,150
MCC (Micro Commercial Components),3SMAJ5954B,Active,R H,Single,,SMA,3,160,2.3,0.001,121.6,700,6500,0.25,150
MCC (Micro Commercial Components),3SMAJ5955B,Active,R H,Single,,SMA,3,180,2.1,0.001,136.8,900,7000,0.25,150
MCC (Micro Commercial Components),3SMAJ5956B,Active,R H,Single,,SMA,3,200,1.9,0.001,152,1200,8000,0.25,150
MCC (Micro Commercial Components),SMBJ5370B,Active,R H,Single,,SMB,5,56,20,0.0005,42.6,35,280,1,150
MCC (Micro Commercial Components),SMBJ5371B,Active,R H,Single,,SMB,5,60,20,0.0005,45.5,40,350,1,150
MCC (Micro Commercial Components),SMBJ5372B,Active,R H,Single,,SMB,5,62,20,0.0005,47.1,42,400,1,150
MCC (Micro Commercial Components),SMBJ5373B,Active,R H,Single,,SMB,5,68,20,0.0005,51.7,44,500,1,150
MCC (Micro Commercial Components),SMBJ5374B,Active,R H,Single,,SMB,5,75,20,0.0005,56,45,620,1,150
MCC (Micro Commercial Components),SMBJ5375B,Active,R H,Single,,SMB,5,82,15,0.0005,62.2,65,720,1,150
MCC (Micro Commercial Components),SMBJ5376B,Active,R H,Single,,SMB,5,87,15,0.0005,66,75,760,1,150
MCC (Micro Commercial Components),SMBJ5377B,Active,R H,Single,,SMB,5,91,15,0.0005,69.2,75,760,1,150
MCC (Micro Commercial Components),SMBJ5378B,Active,R H,Single,,SMB,5,100,12,0.0005,76,90,800,1,150
MCC (Micro Commercial Components),SMBJ5379B,Active,R H,Single,,SMB,5,110,12,0.0005,83.6,125,1000,1,150
MCC (Micro Commercial Components),SMBJ5380B,Active,R H,Single,,SMB,5,120,10,0.0005,91.2,170,1150,1,150
MCC (Micro Commercial Components),SMBJ5381B,Active,R H,Single,,SMB,5,130,10,0.0005,98.8,190,1250,1,150
MCC (Micro Commercial Components),SMBJ5382B,Active,R H,Single,,SMB,5,140,8,0.0005,106,230,1500,1,150
MCC (Micro Commercial Components),SMBJ5383B,Active,R H,Single,,SMB,5,150,8,0.0005,114,330,1500,1,150
MCC (Micro Commercial Components),SMBJ5384B,Active,R H,Single,,SMB,5,160,8,0.0005,122,350,1650,1,150
MCC (Micro Commercial Components),SMBJ5385B,Active,R H,Single,,SMB,5,170,8,0.0005,129,380,1750,1,150
MCC (Micro Commercial Components),SMBJ5386B,Active,R H,Single,,SMB,5,180,5,0.0005,137,430,1750,1,150
MCC (Micro Commercial Components),SMBJ5387B,Active,R H,Single,,SMB,5,190,5,0.0005,144,450,1850,1,150
MCC (Micro Commercial Components),SMBJ5388B,Active,R H,Single,,SMB,5,200,5,0.0005,152,480,1850,1,150
MCC (Micro Commercial Components),SMAJ5943B,Active,R H,Single,,SMA,1.5,56,6.7,0.0005,42.6,86,1300,0.25,150
MCC (Micro Commercial Components),SMAJ5944B,Active,R H,Single,,SMA,1.5,62,6,0.0005,47.1,100,1500,0.25,150
MCC (Micro Commercial Components),SMAJ5945B,Active,R H,Single,,SMA,1.5,68,5.5,0.0005,51.7,120,1700,0.25,150
MCC (Micro Commercial Components),SMAJ5946B,Active,R H,Single,,SMA,1.5,75,5,0.0005,56,140,2000,0.25,150
MCC (Micro Commercial Components),SMAJ5947B,Active,R H,Single,,SMA,1.5,82,4.6,0.0005,62.2,160,2500,0.25,150
MCC (Micro Commercial Components),SMAJ5948B,Active,R H,Single,,SMA,1.5,91,4.1,0.0005,69.2,200,3000,0.25,150
MCC (Micro Commercial Components),SMAJ5949B,Active,R H,Single,,SMA,1.5,100,3.7,0.0005,76,250,3100,0.25,150
MCC (Micro Commercial Components),SMAJ5950B,Active,R H,Single,,SMA,1.5,110,3.4,0.0005,83.6,300,4000,0.25,150
MCC (Micro Commercial Components),SMAJ5951B,Active,R H,Single,,SMA,1.5,120,3.1,0.0005,91.2,380,4500,0.25,150
MCC (Micro Commercial Components),SMAJ5952B,Active,R H,Single,,SMA,1.5,130,2.9,0.0005,98.8,450,5000,0.25,150
MCC (Micro Commercial Components),SMAJ5953B,Active,R H,Single,,SMA,1.5,150,2.5,0.0005,114,600,6000,0.25,150
MCC (Micro Commercial Components),SMAJ5954B,Active,R H,Single,,SMA,1.5,160,2.3,0.0005,121.6,700,6500,0.25,150
MCC (Micro Commercial Components),SMAJ5955B,Active,R H,Single,,SMA,1.5,180,2.1,0.0005,136.8,900,7000,0.25,150
MCC (Micro Commercial Components),SMAJ5956B,Active,R H,Single,,SMA,1.5,200,1.9,0.0005,152,1200,8000,0.25,150
MCC (Micro Commercial Components),1N5370B,Active,R,Single,,DO-15,5,56,20,0.0005,42.6,35,280,1,200
MCC (Micro Commercial Components),1N5371B,Active,R,Single,,DO-15,5,60,20,0.0005,45.5,40,350,1,200
MCC (Micro Commercial Components),1N5372B,Active,R,Single,,DO-15,5,62,20,0.0005,47.1,42,400,1,200
MCC (Micro Commercial Components),1N5373B,Active,R,Single,,DO-15,5,68,20,0.0005,51.7,44,500,1,200
MCC (Micro Commercial Components),1N5374B,Active,R,Single,,DO-15,5,75,20,0.0005,56,45,620,1,200
MCC (Micro Commercial Components),1N5375B,Active,R,Single,,DO-15,5,82,15,0.0005,62.2,65,720,1,200
MCC (Micro Commercial Components),1N5376B,Active,R,Single,,DO-15,5,87,15,0.0005,66,75,760,1,200
MCC (Micro Commercial Components),1N5377B,Active,R,Single,,DO-15,5,91,15,0.0005,69.2,75,760,1,200
MCC (Micro Commercial Components),1N5378B,Active,R,Single,,DO-15,5,100,12,0.0005,76,90,800,1,200
MCC (Micro Commercial Components),1N5379B,Active,R,Single,,DO-15,5,110,12,0.0005,83.6,125,1000,1,200
MCC (Micro Commercial Components),1N5380B,Active,R,Single,,DO-15,5,120,10,0.0005,91.2,170,1150,1,200
MCC (Micro Commercial Components),1N5381B,Active,R,Single,,DO-15,5,130,10,0.0005,98.8,190,1250,1,200
MCC (Micro Commercial Components),1N5382B,Active,R,Single,,DO-15,5,140,8,0.0005,106,230,1500,1,200
MCC (Micro Commercial Components),1N5383B,Active,R,Single,,DO-15,5,150,8,0.0005,114,330,1500,1,200
MCC (Micro Commercial Components),1N5384B,Active,R,Single,,DO-15,5,160,8,0.0005,122,350,1650,1,200
MCC (Micro Commercial Components),1N5385B,Active,R,Single,,DO-15,5,170,8,0.0005,129,380,1750,1,200
MCC (Micro Commercial Components),1N5386B,Active,R,Single,,DO-15,5,180,5,0.0005,137,430,1750,1,200
MCC (Micro Commercial Components),1N5387B,Active,R,Single,,DO-15,5,190,5,0.0005,144,450,1850,1,200
MCC (Micro Commercial Components),1N5388B,Active,R,Single,,DO-15,5,200,5,0.0005,152,480,1850,1,200
MCC (Micro Commercial Components),3SMBJ5944B,Active,R H,Single,,SMB,3,62,6,0.001,47.1,100,1500,0.25,150
MCC (Micro Commercial Components),3SMBJ5945B,Active,R H,Single,,SMB,3,68,5.5,0.001,51.7,120,1700,0.25,150
MCC (Micro Commercial Components),3SMBJ5946B,Active,R H,Single,,SMB,3,75,5,0.001,56,140,2000,0.25,150
MCC (Micro Commercial Components),3SMBJ5947B,Active,R H,Single,,SMB,3,82,4.6,0.001,62.2,160,2500,0.25,150
MCC (Micro Commercial Components),3SMBJ5948B,Active,R H,Single,,SMB,3,91,4.1,0.001,69.2,200,3000,0.25,150
MCC (Micro Commercial Components),3SMBJ5949B,Active,R H,Single,,SMB,3,100,3.7,0.001,76,250,3100,0.25,150
MCC (Micro Commercial Components),3SMBJ5950B,Active,R H,Single,,SMB,3,110,3.4,0.001,83.6,300,4000,0.25,150
MCC (Micro Commercial Components),3SMBJ5951B,Active,R H,Single,,SMB,3,120,3.1,0.001,91.2,380,4500,0.25,150
MCC (Micro Commercial Components),3SMBJ5952B,Active,R H,Single,,SMB,3,130,2.9,0.001,98.8,450,5000,0.25,150
MCC (Micro Commercial Components),3SMBJ5953B,Active,R H,Single,,SMB,3,150,2.5,0.001,114,600,6000,0.25,150
MCC (Micro Commercial Components),3SMBJ5954B,Active,R H,Single,,SMB,3,160,2.3,0.001,121.6,700,6500,0.25,150
MCC (Micro Commercial Components),3SMBJ5955B,Active,R H,Single,,SMB,3,180,2.1,0.001,136.8,900,7000,0.25,150
MCC (Micro Commercial Components),3SMBJ5956B,Active,R H,Single,,SMB,3,200,1.9,0.001,152,1200,8000,0.25,150
MCC (Micro Commercial Components),1N5918B3P,Active,R,Single,,DO-41,3,5.1,73.5,0.005,2,4,350,1,175
MCC (Micro Commercial Components),1N5919B3P,Active,R,Single,,DO-41,3,5.6,66.9,0.005,3,2,250,1,175
MCC (Micro Commercial Components),1N5920B3P,Active,R,Single,,DO-41,3,6.2,60.5,0.005,4,2,200,1,175
MCC (Micro Commercial Components),1N5921B3P,Active,R,Single,,DO-41,3,6.8,55.1,0.005,5.2,2.5,200,1,175
MCC (Micro Commercial Components),1N5922B3P,Active,R,Single,,DO-41,3,7.5,50,0.005,6,3,400,0.5,175
MCC (Micro Commercial Components),1N5923B3P,Active,R,Single,,DO-41,3,8.2,45.7,0.005,6.5,3.5,400,0.5,175
MCC (Micro Commercial Components),1N5924B3P,Active,R,Single,,DO-41,3,9.1,41.2,0.005,7,4,500,0.5,175
MCC (Micro Commercial Components),1N5925B3P,Active,R,Single,,DO-41,3,10,37.5,0.005,8,4.5,500,0.25,175
MCC (Micro Commercial Components),1N5926B3P,Active,R,Single,,DO-41,3,11,34.1,0.001,8.4,5.5,550,0.25,175
MCC (Micro Commercial Components),1N5927B3P,Active,R,Single,,DO-41,3,12,31.2,0.001,9.1,6.5,550,0.25,175
MCC (Micro Commercial Components),1N5928B3P,Active,R,Single,,DO-41,3,13,28.8,0.001,9.9,7,550,0.25,175
MCC (Micro Commercial Components),1N5929B3P,Active,R,Single,,DO-41,3,15,25,0.001,11.4,9,600,0.25,175
MCC (Micro Commercial Components),1N5930B3P,Active,R,Single,,DO-41,3,16,23.4,0.001,12.2,10,600,0.25,175
MCC (Micro Commercial Components),1N5931B3P,Active,R,Single,,DO-41,3,18,20.8,0.001,13.7,12,650,0.25,175
MCC (Micro Commercial Components),1N5932B3P,Active,R,Single,,DO-41,3,20,18.7,0.001,15.2,14,650,0.25,175
MCC (Micro Commercial Components),1N5933B3P,Active,R,Single,,DO-41,3,22,17,0.001,16.7,17.5,650,0.25,175
MCC (Micro Commercial Components),1N5934B3P,Active,R,Single,,DO-41,3,24,15.6,0.001,18.2,19,700,0.25,175
MCC (Micro Commercial Components),1N5935B3P,Active,R,Single,,DO-41,3,27,13.9,0.001,20.6,23,700,0.25,175
MCC (Micro Commercial Components),1N5936B3P,Active,R,Single,,DO-41,3,30,12.5,0.001,22.8,28,750,0.25,175
MCC (Micro Commercial Components),1N5937B3P,Active,R,Single,,DO-41,3,33,11.4,0.001,25.1,33,800,0.25,175
MCC (Micro Commercial Components),1N5938B3P,Active,R,Single,,DO-41,3,36,10.4,0.001,27.4,38,850,0.25,175
MCC (Micro Commercial Components),1N5939B3P,Active,R,Single,,DO-41,3,39,9.6,0.001,29.7,45,900,0.25,175
MCC (Micro Commercial Components),1N5940B3P,Active,R,Single,,DO-41,3,43,8.7,0.001,32.7,53,950,0.25,175
MCC (Micro Commercial Components),1N5941B3P,Active,R,Single,,DO-41,3,47,8,0.001,35.8,67,1000,0.25,175
MCC (Micro Commercial Components),1N5942B3P,Active,R,Single,,DO-41,3,51,7.3,0.001,38.8,70,1100,0.25,175
MCC (Micro Commercial Components),1N5943B3P,Active,R,Single,,DO-41,3,56,6.7,0.001,42.6,86,1300,0.25,175
MCC (Micro Commercial Components),1N5944B3P,Active,R,Single,,DO-41,3,62,6,0.001,47.1,100,1500,0.25,175
MCC (Micro Commercial Components),1N5945B3P,Active,R,Single,,DO-41,3,68,5.5,0.001,51.7,120,1700,0.25,175
MCC (Micro Commercial Components),1N5946B3P,Active,R,Single,,DO-41,3,75,5,0.001,56,140,2000,0.25,175
MCC (Micro Commercial Components),1N5947B3P,Active,R,Single,,DO-41,3,82,4.6,0.001,62.2,160,2500,0.25,175
MCC (Micro Commercial Components),BZX584B2V7,Active,R H,Single,,SOD-523,0.15,2.7,5,0.02,1,100,600,1,150
MCC (Micro Commercial Components),BZX584B3V0,Active,R H,Single,,SOD-523,0.15,3,5,0.01,1,95,600,1,150
MCC (Micro Commercial Components),BZX584B3V3,Active,R H,Single,,SOD-523,0.15,3.3,5,0.005,1,95,600,1,150
MCC (Micro Commercial Components),BZX584B3V6,Active,R H,Single,,SOD-523,0.15,3.6,5,0.005,1,90,600,1,150
MCC (Micro Commercial Components),BZX584B3V9,Active,R H,Single,,SOD-523,0.15,3.9,5,0.003,1,90,600,1,150
MCC (Micro Commercial Components),BZX584B4V3,Active,R H,Single,,SOD-523,0.15,4.3,5,0.003,1,90,600,1,150
MCC (Micro Commercial Components),BZX584B4V7,Active,R H,Single,,SOD-523,0.15,4.7,5,0.003,2,80,500,1,150
MCC (Micro Commercial Components),BZX584B5V1,Active,R H,Single,,SOD-523,0.15,5.1,5,0.002,2,60,480,1,150
MCC (Micro Commercial Components),BZX584B5V6,Active,R H,Single,,SOD-523,0.15,5.6,5,0.001,2,40,400,1,150
MCC (Micro Commercial Components),BZX584B6V2,Active,R H,Single,,SOD-523,0.15,6.2,5,0.003,4,10,150,1,150
MCC (Micro Commercial Components),BZX584B6V8,Active,R H,Single,,SOD-523,0.15,6.8,5,0.002,4,15,80,1,150
MCC (Micro Commercial Components),BZX584B7V5,Active,R H,Single,,SOD-523,0.15,7.5,5,0.001,5,15,80,1,150
MCC (Micro Commercial Components),BZX584B8V2,Active,R H,Single,,SOD-523,0.15,8.2,5,0.0007,5,15,80,1,150
MCC (Micro Commercial Components),BZX584B9V1,Active,R H,Single,,SOD-523,0.15,9.1,5,0.0005,6,15,100,1,150
MCC (Micro Commercial Components),BZX584B10,Active,R H,Single,,SOD-523,0.15,10,5,0.0002,7,20,150,1,150
MCC (Micro Commercial Components),BZX584B11,Active,R H,Single,,SOD-523,0.15,11,5,0.0001,8,20,150,1,150
MCC (Micro Commercial Components),BZX584B12,Active,R H,Single,,SOD-523,0.15,12,5,0.0001,8,25,150,1,150
MCC (Micro Commercial Components),BZX584B13,Active,R H,Single,,SOD-523,0.15,13,5,0.0001,8,30,170,1,150
MCC (Micro Commercial Components),BZX584B15,Active,R H,Single,,SOD-523,0.15,15,5,0.0001,10.5,30,200,1,150
MCC (Micro Commercial Components),BZX584B16,Active,R H,Single,,SOD-523,0.15,16,5,0.0001,11.2,40,200,1,150
MCC (Micro Commercial Components),BZX584B18,Active,R H,Single,,SOD-523,0.15,18,5,0.0001,12.6,45,225,1,150
MCC (Micro Commercial Components),BZX584B20,Active,R H,Single,,SOD-523,0.15,20,5,0.0001,14,55,225,1,150
MCC (Micro Commercial Components),BZX584B22,Active,R H,Single,,SOD-523,0.15,22,5,0.0001,15.4,55,250,1,150
MCC (Micro Commercial Components),BZX584B24,Active,R H,Single,,SOD-523,0.15,24,5,0.0001,16.8,70,250,1,150
MCC (Micro Commercial Components),BZX584B27,Active,R H,Single,,SOD-523,0.15,27,2,0.0001,18.9,80,300,0.5,150
MCC (Micro Commercial Components),BZX584B30,Active,R H,Single,,SOD-523,0.15,30,2,0.0001,21,80,300,0.5,150
MCC (Micro Commercial Components),BZX584B33,Active,R H,Single,,SOD-523,0.15,33,2,0.0001,23.1,80,325,0.5,150
MCC (Micro Commercial Components),BZX584B36,Active,R H,Single,,SOD-523,0.15,36,2,0.0001,25.2,90,350,0.5,150
MCC (Micro Commercial Components),BZX584B39,Active,R H,Single,,SOD-523,0.15,39,2,0.0001,27.3,130,350,0.5,150
MCC (Micro Commercial Components),BZT52B4V3,Active,R H,Single,,SOD-123,0.5,4.3,5,0.005,1,95,600,1,150
MCC (Micro Commercial Components),BZT52B4V7,Active,R H,Single,,SOD-123,0.5,4.7,5,0.005,2,78,500,1,150
MCC (Micro Commercial Components),BZT52B5V1,Active,R H,Single,,SOD-123,0.5,5.1,5,0.0001,0.8,60,480,1,150
MCC (Micro Commercial Components),BZT52B5V6,Active,R H,Single,,SOD-123,0.5,5.6,5,0.0001,1,40,400,1,150
MCC (Micro Commercial Components),BZT52B6V2,Active,R H,Single,,SOD-123,0.5,6.2,5,0.0001,2,10,150,1,150
MCC (Micro Commercial Components),BZT52B6V8,Active,R H,Single,,SOD-123,0.5,6.8,5,0.0001,3,8,80,1,150
MCC (Micro Commercial Components),BZT52B7V5,Active,R H,Single,,SOD-123,0.5,7.5,5,0.0001,5,7,80,1,150
MCC (Micro Commercial Components),BZT52B8V2,Active,R H,Single,,SOD-123,0.5,8.2,5,0.0001,6,7,80,1,150
MCC (Micro Commercial Components),BZT52B9V1,Active,R H,Single,,SOD-123,0.5,9.1,5,0.0001,7,10,100,1,150
MCC (Micro Commercial Components),BZT52B10,Active,R H,Single,,SOD-123,0.5,10,5,0.0001,7.5,15,150,1,150
MCC (Micro Commercial Components),BZT52B11,Active,R H,Single,,SOD-123,0.5,11,5,0.0001,8.5,20,150,1,150
MCC (Micro Commercial Components),BZT52B12,Active,R H,Single,,SOD-123,0.5,12,5,0.0001,9,20,150,1,150
MCC (Micro Commercial Components),BZT52B13,Active,R H,Single,,SOD-123,0.5,13,5,0.0001,10,25,170,1,150
MCC (Micro Commercial Components),BZT52B15,Active,R H,Single,,SOD-123,0.5,15,5,0.0001,11,30,200,1,150
MCC (Micro Commercial Components),BZT52B16,Active,R H,Single,,SOD-123,0.5,16,5,0.0001,12,40,200,1,150
MCC (Micro Commercial Components),BZT52B18,Active,R H,Single,,SOD-123,0.5,18,5,0.0001,14,50,225,1,150
MCC (Micro Commercial Components),BZT52B20,Active,R H,Single,,SOD-123,0.5,20,5,0.0001,15,50,225,1,150
MCC (Micro Commercial Components),BZT52B22,Active,R H,Single,,SOD-123,0.5,22,5,0.0001,17,55,250,1,150
MCC (Micro Commercial Components),BZT52B24,Active,R H,Single,,SOD-123,0.5,24,5,0.0001,18,70,250,1,150
MCC (Micro Commercial Components),BZT52B27,Active,R H,Single,,SOD-123,0.5,27,2,0.0001,20,80,300,1,150
MCC (Micro Commercial Components),BZT52B30,Active,R H,Single,,SOD-123,0.5,30,2,0.0001,22.5,80,300,1,150
MCC (Micro Commercial Components),BZT52B33,Active,R H,Single,,SOD-123,0.5,33,2,0.0001,25,80,325,1,150
MCC (Micro Commercial Components),BZT52B36,Active,R H,Single,,SOD-123,0.5,36,2,0.0001,27,90,350,1,150
MCC (Micro Commercial Components),BZT52B39,Active,R H,Single,,SOD-123,0.5,39,2,0.0001,29,90,350,1,150
MCC (Micro Commercial Components),1N4736AP,Active,R,Single,,DO-41,1,6.8,37,0.01,4,3.5,700,1,150
MCC (Micro Commercial Components),1N4737AP,Active,R,Single,,DO-41,1,7.5,34,0.01,5,4,700,0.5,150
MCC (Micro Commercial Components),1N4738AP,Active,R,Single,,DO-41,1,8.2,31,0.01,6,4.5,700,0.5,150
MCC (Micro Commercial Components),1N4739AP,Active,R,Single,,DO-41,1,9.1,28,0.01,7,5,700,0.5,150
MCC (Micro Commercial Components),1N4740AP,Active,R,Single,,DO-41,1,10,25,0.01,7.6,7,700,0.25,150
MCC (Micro Commercial Components),1N4741AP,Active,R,Single,,DO-41,1,11,23,0.005,8.4,8,700,0.25,150
MCC (Micro Commercial Components),1N4742AP,Active,R,Single,,DO-41,1,12,21,0.005,9.1,9,700,0.25,150
MCC (Micro Commercial Components),1N4743AP,Active,R,Single,,DO-41,1,13,19,0.005,9.9,10,700,0.25,150
MCC (Micro Commercial Components),1N4744AP,Active,R,Single,,DO-41,1,15,17,0.005,11.4,14,700,0.25,150
MCC (Micro Commercial Components),1N4745AP,Active,R,Single,,DO-41,1,16,15.5,0.005,12.2,16,700,0.25,150
MCC (Micro Commercial Components),1N4746AP,Active,R,Single,,DO-41,1,18,14,0.005,13.7,20,750,0.25,150
MCC (Micro Commercial Components),1N4747AP,Active,R,Single,,DO-41,1,20,12.5,0.005,15.2,22,750,0.25,150
MCC (Micro Commercial Components),1N4748AP,Active,R,Single,,DO-41,1,22,11.5,0.005,16.7,23,750,0.25,150
MCC (Micro Commercial Components),1N4749AP,Active,R,Single,,DO-41,1,24,10.5,0.005,18.2,25,750,0.25,150
MCC (Micro Commercial Components),1N4750AP,Active,R,Single,,DO-41,1,27,9.5,0.005,20.6,35,750,0.25,150
MCC (Micro Commercial Components),1N4751AP,Active,R,Single,,DO-41,1,30,8.5,0.005,22.8,40,1000,0.25,150
MCC (Micro Commercial Components),1N4752AP,Active,R,Single,,DO-41,1,33,7.5,0.005,25.1,45,1000,0.25,150
MCC (Micro Commercial Components),1N4753AP,Active,R,Single,,DO-41,1,36,7,0.005,27.4,50,1000,0.25,150
MCC (Micro Commercial Components),1N4754AP,Active,R,Single,,DO-41,1,39,6.5,0.005,29.7,60,1000,0.25,150
MCC (Micro Commercial Components),1N4755AP,Active,R,Single,,DO-41,1,43,6,0.005,32.7,70,1500,0.25,150
MCC (Micro Commercial Components),1N4756AP,Active,R,Single,,DO-41,1,47,5.5,0.005,35.8,80,1500,0.25,150
MCC (Micro Commercial Components),1N4757AP,Active,R,Single,,DO-41,1,51,5,0.005,38.8,95,1500,0.25,150
MCC (Micro Commercial Components),1N4758AP,Active,R,Single,,DO-41,1,56,4.5,0.005,42.6,110,2000,0.25,150
MCC (Micro Commercial Components),1N4759AP,Active,R,Single,,DO-41,1,62,4,0.005,47.1,125,2000,0.25,150
MCC (Micro Commercial Components),1N4760AP,Active,R,Single,,DO-41,1,68,3.7,0.005,51.7,150,2000,0.25,150
MCC (Micro Commercial Components),1N4761AP,Active,R,Single,,DO-41,1,75,3.3,0.005,56,175,2000,0.25,150
MCC (Micro Commercial Components),1N4762AP,Active,R,Single,,DO-41,1,82,3,0.005,62.2,200,3000,0.25,150
MCC (Micro Commercial Components),1N4763AP,Active,R,Single,,DO-41,1,91,2.8,0.005,69.2,250,3000,0.25,150
MCC (Micro Commercial Components),1N4764AP,Active,R,Single,,DO-41,1,100,2.5,0.005,76,350,3000,0.25,150
MCC (Micro Commercial Components),MMBZ5229C,Active,R H,Single,,SOT-23,0.35,4.3,20,0.005,1,22,2000,0.25,150
MCC (Micro Commercial Components),MMBZ5230C,Active,R H,Single,,SOT-23,0.35,4.7,20,0.005,2,19,1900,0.25,150
MCC (Micro Commercial Components),MMBZ5231C,Active,R H,Single,,SOT-23,0.35,5.1,20,0.005,2,17,1600,0.25,150
MCC (Micro Commercial Components),MMBZ5232C,Active,R H,Single,,SOT-23,0.35,5.6,20,0.005,3,11,1600,0.25,150
MCC (Micro Commercial Components),MMBZ5234C,Active,R H,Single,,SOT-23,0.35,6.2,20,0.005,4,7,1000,0.25,150
MCC (Micro Commercial Components),MMBZ5235C,Active,R H,Single,,SOT-23,0.35,6.8,20,0.003,5,5,750,0.25,150
MCC (Micro Commercial Components),MMBZ5236C,Active,R H,Single,,SOT-23,0.35,7.5,20,0.003,6,6,500,0.25,150
MCC (Micro Commercial Components),MMBZ5237C,Active,R H,Single,,SOT-23,0.35,8.2,20,0.003,6,8,500,0.25,150
MCC (Micro Commercial Components),MMBZ5238C,Active,R H,Single,,SOT-23,0.35,8.7,20,0.003,6.5,8,600,0.25,150
MCC (Micro Commercial Components),MMBZ5239C,Active,R H,Single,,SOT-23,0.35,9.1,20,0.003,6.5,10,600,0.25,150
MCC (Micro Commercial Components),MMBZ5240C,Active,R H,Single,,SOT-23,0.35,10,20,0.003,8,17,600,0.25,150
MCC (Micro Commercial Components),MMBZ5241C,Active,R H,Single,,SOT-23,0.35,11,20,0.002,8.4,22,600,0.25,150
MCC (Micro Commercial Components),MMBZ5242C,Active,R H,Single,,SOT-23,0.35,12,20,0.001,9.1,30,600,0.25,150
MCC (Micro Commercial Components),MMBZ5243C,Active,R H,Single,,SOT-23,0.35,13,9.5,0.0005,9.9,13,600,0.25,150
MCC (Micro Commercial Components),MMBZ5244C,Active,R H,Single,,SOT-23,0.35,14,9,0.0001,10.5,15,600,0.25,150
MCC (Micro Commercial Components),MMBZ5245C,Active,R H,Single,,SOT-23,0.35,15,8.5,0.0001,11,16,600,0.25,150
MCC (Micro Commercial Components),MMBZ5246C,Active,R H,Single,,SOT-23,0.35,16,7.8,0.0001,12,17,600,0.25,150
MCC (Micro Commercial Components),MMBZ5247C,Active,R H,Single,,SOT-23,0.35,17,7.5,0.0001,13,19,600,0.25,150
MCC (Micro Commercial Components),MMBZ5248C,Active,R H,Single,,SOT-23,0.35,18,7,0.0001,14,21,600,0.25,150
MCC (Micro Commercial Components),MMBZ5250C,Active,R H,Single,,SOT-23,0.35,20,6.2,0.0001,15,25,600,0.25,150
MCC (Micro Commercial Components),MMBZ5251C,Active,R H,Single,,SOT-23,0.35,22,5.6,0.0001,17,29,600,0.25,150
MCC (Micro Commercial Components),MMBZ5252C,Active,R H,Single,,SOT-23,0.35,24,5.2,0.0001,18,33,600,0.25,150
MCC (Micro Commercial Components),MMBZ5254C,Active,R H,Single,,SOT-23,0.35,27,5,0.0001,21,41,600,0.25,150
MCC (Micro Commercial Components),MMBZ5255C,Active,R H,Single,,SOT-23,0.35,28,4.5,0.0001,21,44,600,0.25,150
MCC (Micro Commercial Components),MMBZ5256C,Active,R H,Single,,SOT-23,0.35,30,4.2,0.0001,23,49,600,0.25,150
MCC (Micro Commercial Components),MMBZ5257C,Active,R H,Single,,SOT-23,0.35,33,3.8,0.0001,25,58,700,0.25,150
MCC (Micro Commercial Components),MMBZ5258C,Active,R H,Single,,SOT-23,0.35,36,3.4,0.0001,27,70,700,0.25,150
MCC (Micro Commercial Components),MMXZ5229C,Active,R H,Single,,SOD-323,0.2,4.3,20,0.005,1,22,2000,0.25,150
MCC (Micro Commercial Components),MMXZ5230C,Active,R H,Single,,SOD-323,0.2,4.7,20,0.005,2,19,1900,0.25,150
MCC (Micro Commercial Components),MMXZ5231C,Active,R H,Single,,SOD-323,0.2,5.1,20,0.005,2,17,1600,0.25,150
MCC (Micro Commercial Components),MMXZ5232C,Active,R H,Single,,SOD-323,0.2,5.6,20,0.005,3,11,1600,0.25,150
MCC (Micro Commercial Components),MMXZ5234C,Active,R H,Single,,SOD-323,0.2,6.2,20,0.005,4,7,1000,0.25,150
MCC (Micro Commercial Components),MMXZ5235C,Active,R H,Single,,SOD-323,0.2,6.8,20,0.003,5,5,750,0.25,150
MCC (Micro Commercial Components),MMXZ5236C,Active,R H,Single,,SOD-323,0.2,7.5,20,0.003,6,6,500,0.25,150
MCC (Micro Commercial Components),MMXZ5237C,Active,R H,Single,,SOD-323,0.2,8.2,20,0.003,6,8,500,0.25,150
MCC (Micro Commercial Components),MMXZ5239C,Active,R H,Single,,SOD-323,0.2,9.1,20,0.003,6.5,10,600,0.25,150
MCC (Micro Commercial Components),MMXZ5240C,Active,R H,Single,,SOD-323,0.2,10,20,0.003,8,17,600,0.25,150
MCC (Micro Commercial Components),MMXZ5241C,Active,R H,Single,,SOD-323,0.2,11,20,0.002,8.4,22,600,0.25,150
MCC (Micro Commercial Components),MMXZ5242C,Active,R H,Single,,SOD-323,0.2,12,20,0.001,9.1,30,600,0.25,150
MCC (Micro Commercial Components),MMXZ5243C,Active,R H,Single,,SOD-323,0.2,13,9.5,0.0005,9.9,13,600,0.25,150
MCC (Micro Commercial Components),MMXZ5245C,Active,R H,Single,,SOD-323,0.2,15,8.5,0.0001,11,16,600,0.25,150
MCC (Micro Commercial Components),MMXZ5246C,Active,R H,Single,,SOD-323,0.2,16,7.8,0.0001,12,17,600,0.25,150
MCC (Micro Commercial Components),MMXZ5248C,Active,R H,Single,,SOD-323,0.2,18,7,0.0001,14,21,600,0.25,150
MCC (Micro Commercial Components),MMXZ5250C,Active,R H,Single,,SOD-323,0.2,20,6.2,0.0001,15,25,600,0.25,150
MCC (Micro Commercial Components),MMXZ5251C,Active,R H,Single,,SOD-323,0.2,22,5.6,0.0001,17,29,600,0.25,150
MCC (Micro Commercial Components),MMXZ5252C,Active,R H,Single,,SOD-323,0.2,24,5.2,0.0001,18,33,600,0.25,150
MCC (Micro Commercial Components),MMXZ5254C,Active,R H,Single,,SOD-323,0.2,27,5,0.0001,21,41,600,0.25,150
MCC (Micro Commercial Components),MMXZ5255C,Active,R H,Single,,SOD-323,0.2,28,4.5,0.0001,21,44,600,0.25,150
MCC (Micro Commercial Components),MMXZ5256C,Active,R H,Single,,SOD-323,0.2,30,4.2,0.0001,23,49,600,0.25,150
MCC (Micro Commercial Components),MMXZ5257C,Active,R H,Single,,SOD-323,0.2,33,3.8,0.0001,25,58,700,0.25,150
MCC (Micro Commercial Components),MMXZ5258C,Active,R H,Single,,SOD-323,0.2,36,3.4,0.0001,27,70,700,0.25,150
MCC (Micro Commercial Components),MMXZ5259C,Active,R H,Single,,SOD-323,0.2,39,3.2,0.0001,30,80,800,0.25,150
MCC (Micro Commercial Components),MMXZ5233C,Active,R H,Single,,SOD-323,0.2,6,20,0.005,3.5,7,1600,0.25,150
MCC (Micro Commercial Components),MMXZ5238C,Active,R H,Single,,SOD-323,0.2,8.7,20,0.003,6.5,8,600,0.25,150
MCC (Micro Commercial Components),MMXZ5244C,Active,R H,Single,,SOD-323,0.2,14,9,0.0001,10.5,15,600,0.25,150
MCC (Micro Commercial Components),MMXZ5247C,Active,R H,Single,,SOD-323,0.2,17,7.5,0.0001,13,19,600,0.25,150
MCC (Micro Commercial Components),MMXZ5260C,Active,R H,Single,,SOD-323,0.2,43,3,0.0001,33,93,900,0.25,150
MCC (Micro Commercial Components),MMXZ5261C,Active,R H,Single,,SOD-323,0.2,47,2.7,0.0001,36,105,1000,0.25,150
MCC (Micro Commercial Components),MMXZ5262C,Active,R H,Single,,SOD-323,0.2,51,2.5,0.0001,39,125,1100,0.25,150
MCC (Micro Commercial Components),BZT52B2V4,Active,R H,Single,,SOD-123,0.5,2.4,5,0.1,1,85,600,1,150
MCC (Micro Commercial Components),BZT52B2V7,Active,R H,Single,,SOD-123,0.5,2.7,5,0.075,1,83,600,1,150
MCC (Micro Commercial Components),BZT52B3V0,Active,R H,Single,,SOD-123,0.5,3,5,0.05,1,95,600,1,150
MCC (Micro Commercial Components),BZT52B3V6,Active,R H,Single,,SOD-123,0.5,3.6,5,0.015,1,95,600,1,150
MCC (Micro Commercial Components),BZT52B3V9,Active,R H,Single,,SOD-123,0.5,3.9,5,0.01,1,95,600,1,150
MCC (Micro Commercial Components),BZT52B43,Active,R H,Single,,SOD-123,0.5,43,2,0.0001,32,100,375,1,150
MCC (Micro Commercial Components),BZT52B47,Active,R H,Single,,SOD-123,0.5,47,2,0.0001,35,100,375,1,150
MCC (Micro Commercial Components),BZT52B51,Active,R H,Single,,SOD-123,0.5,51,2,0.0001,38,100,400,1,150
MCC (Micro Commercial Components),BZT52B56,Active,R H,Single,,SOD-123,0.5,56,2,0.0001,42,135,1000,1,150
MCC (Micro Commercial Components),BZT52B62,Active,R H,Single,,SOD-123,0.5,62,2,0.0001,46,150,1000,1,150
MCC (Micro Commercial Components),BZT52B68,Active,R H,Single,,SOD-123,0.5,68,2,0.0001,51,200,1000,1,150
MCC (Micro Commercial Components),BZT52B75,Active,R H,Single,,SOD-123,0.5,75,2,0.0001,56,250,1000,1,150
MCC (Micro Commercial Components),AZ23C2V7W,Active,R H,Dual,,SOT-323,0.2,2.7,5,0.0001,0,83,500,1,150
MCC (Micro Commercial Components),AZ23C3V0W,Active,R H,Dual,,SOT-323,0.2,3,5,0.0001,0,95,500,1,150
MCC (Micro Commercial Components),AZ23C3V3W,Active,R H,Dual,,SOT-323,0.2,3.3,5,0.0001,0,95,500,1,150
MCC (Micro Commercial Components),AZ23C3V6W,Active,R H,Dual,,SOT-323,0.2,3.6,5,0.0001,0,95,500,1,150
MCC (Micro Commercial Components),AZ23C3V9W,Active,R H,Dual,,SOT-323,0.2,3.9,5,0.0001,0,95,500,1,150
MCC (Micro Commercial Components),AZ23C4V3W,Active,R H,Dual,,SOT-323,0.2,4.3,5,0.0001,0,95,500,1,150
MCC (Micro Commercial Components),AZ23C4V7W,Active,R H,Dual,,SOT-323,0.2,4.7,5,0.0001,0,78,500,1,150
MCC (Micro Commercial Components),AZ23C5V1W,Active,R H,Dual,,SOT-323,0.2,5.1,5,0.0001,0.8,60,480,1,150
MCC (Micro Commercial Components),AZ23C5V6W,Active,R H,Dual,,SOT-323,0.2,5.6,5,0.0001,1,40,400,1,150
MCC (Micro Commercial Components),AZ23C6V2W,Active,R H,Dual,,SOT-323,0.2,6.2,5,0.0001,2,10,200,1,150
MCC (Micro Commercial Components),AZ23C6V8W,Active,R H,Dual,,SOT-323,0.2,6.8,5,0.0001,3,8,150,1,150
MCC (Micro Commercial Components),AZ23C7V5W,Active,R H,Dual,,SOT-323,0.2,7.5,5,0.0001,5,7,50,1,150
MCC (Micro Commercial Components),AZ23C8V2W,Active,R H,Dual,,SOT-323,0.2,8.2,5,0.0001,6,7,50,1,150
MCC (Micro Commercial Components),AZ23C9V1W,Active,R H,Dual,,SOT-323,0.2,9.1,5,0.0001,7,10,50,1,150
MCC (Micro Commercial Components),AZ23C10W,Active,R H,Dual,,SOT-323,0.2,10,5,0.0001,7.5,15,70,1,150
MCC (Micro Commercial Components),AZ23C11W,Active,R H,Dual,,SOT-323,0.2,11,5,0.0001,8.5,20,70,1,150
MCC (Micro Commercial Components),AZ23C12W,Active,R H,Dual,,SOT-323,0.2,12,5,0.0001,9,20,90,1,150
MCC (Micro Commercial Components),AZ23C13W,Active,R H,Dual,,SOT-323,0.2,13,5,0.0001,10,25,110,1,150
MCC (Micro Commercial Components),AZ23C15W,Active,R H,Dual,,SOT-323,0.2,15,5,0.0001,11,30,110,1,150
MCC (Micro Commercial Components),AZ23C16W,Active,R H,Dual,,SOT-323,0.2,16,5,0.0001,12,40,170,1,150
MCC (Micro Commercial Components),AZ23C18W,Active,R H,Dual,,SOT-323,0.2,18,5,0.0001,14,50,170,1,150
MCC (Micro Commercial Components),AZ23C20W,Active,R H,Dual,,SOT-323,0.2,20,5,0.0001,15,50,220,1,150
MCC (Micro Commercial Components),AZ23C22W,Active,R H,Dual,,SOT-323,0.2,22,5,0.0001,17,55,220,1,150
MCC (Micro Commercial Components),AZ23C24W,Active,R H,Dual,,SOT-323,0.2,24,5,0.0001,18,80,220,1,150
MCC (Micro Commercial Components),AZ23C27W,Active,R H,Dual,,SOT-323,0.2,27,5,0.0001,20,80,250,1,150
MCC (Micro Commercial Components),AZ23C30W,Active,R H,Dual,,SOT-323,0.2,30,5,0.0001,22.5,80,250,1,150
MCC (Micro Commercial Components),AZ23C33W,Active,R H,Dual,,SOT-323,0.2,33,5,0.0001,25,80,250,1,150
MCC (Micro Commercial Components),AZ23C36W,Active,R H,Dual,,SOT-323,0.2,36,5,0.0001,27,90,250,1,150
MCC (Micro Commercial Components),AZ23C39W,Active,R H,Dual,,SOT-323,0.2,39,5,0.0001,29,90,300,1,150
MCC (Micro Commercial Components),MMSZ5238C,Active,R H,Single,,SOD-123,0.5,8.7,20,0.003,6.5,8,600,0.25,150
MCC (Micro Commercial Components),BZX84B43,Active,R H,Single,,SOT-23,0.35,43,2,0.0001,30.1,150,375,0.5,150
MCC (Micro Commercial Components),BZX84B47,Active,R H,Single,,SOT-23,0.35,47,2,0.0001,32.9,170,375,0.5,150
MCC (Micro Commercial Components),BZX84B51,Active,R H,Single,,SOT-23,0.35,51,2,0.0001,38,100,750,0.5,150
MCC (Micro Commercial Components),BZT52B5V1JS,Active,R H,Single,,SOD-323,0.2,5.1,5,0.002,2,60,480,1,150
MCC (Micro Commercial Components),BZT52B5V6JS,Active,R H,Single,,SOD-323,0.2,5.6,5,0.001,2,40,400,1,150
MCC (Micro Commercial Components),BZT52B6V2JS,Active,R H,Single,,SOD-323,0.2,6.2,5,0.003,4,10,150,1,150
MCC (Micro Commercial Components),BZT52B6V8JS,Active,R H,Single,,SOD-323,0.2,6.8,5,0.002,4,15,141,1,150
MCC (Micro Commercial Components),BZT52B7V5JS,Active,R H,Single,,SOD-323,0.2,7.5,5,0.0001,5,15,80,1,150
MCC (Micro Commercial Components),BZT52B8V2JS,Active,R H,Single,,SOD-323,0.2,8.2,5,0.0007,5,15,80,1,150
MCC (Micro Commercial Components),BZT52B9V1JS,Active,R H,Single,,SOD-323,0.2,9.1,5,0.0005,6,15,100,1,150
MCC (Micro Commercial Components),BZT52B10JS,Active,R H,Single,,SOD-323,0.2,10,5,0.0002,7,20,150,1,150
MCC (Micro Commercial Components),BZT52B11JS,Active,R H,Single,,SOD-323,0.2,11,5,0.0001,8,20,150,1,150
MCC (Micro Commercial Components),BZT52B12JS,Active,R H,Single,,SOD-323,0.2,12,5,0.0001,8,25,150,1,150
MCC (Micro Commercial Components),BZT52B13JS,Active,R H,Single,,SOD-323,0.2,13,5,0.0001,8,30,170,1,150
MCC (Micro Commercial Components),BZT52B15JS,Active,R H,Single,,SOD-323,0.2,15,5,0.0001,10.5,30,200,1,150
MCC (Micro Commercial Components),BZT52B16JS,Active,R H,Single,,SOD-323,0.2,16,5,0.0001,11.2,40,200,1,150
MCC (Micro Commercial Components),BZT52B18JS,Active,R H,Single,,SOD-323,0.2,18,5,0.0001,12.6,45,225,1,150
MCC (Micro Commercial Components),BZT52B20JS,Active,R H,Single,,SOD-323,0.2,20,5,0.0001,14,55,225,1,150
MCC (Micro Commercial Components),BZT52C47,Active,R H,Single,,SOD-123,0.5,47,5,0.0001,35,100,750,1,150
MCC (Micro Commercial Components),BZT52C51,Active,R H,Single,,SOD-123,0.5,51,5,0.0001,38,100,750,1,150
MCC (Micro Commercial Components),BZX584C2V4,Active,R H,Single,,SOD-523,0.15,2.4,5,0.05,1,100,600,1,150
MCC (Micro Commercial Components),BZX584C2V7,Active,R H,Single,,SOD-523,0.15,2.7,5,0.02,1,100,600,1,150
MCC (Micro Commercial Components),BZX584C3V0,Active,R H,Single,,SOD-523,0.15,3,5,0.01,1,95,600,1,150
MCC (Micro Commercial Components),BZX584C3V3,Active,R H,Single,,SOD-523,0.15,3.3,5,0.005,1,95,600,1,150
MCC (Micro Commercial Components),BZX584C3V6,Active,R H,Single,,SOD-523,0.15,3.6,5,0.005,1,90,600,1,150
MCC (Micro Commercial Components),BZX584C3V9,Active,R H,Single,,SOD-523,0.15,3.9,5,0.003,1,90,600,1,150
MCC (Micro Commercial Components),BZX584C4V3,Active,R H,Single,,SOD-523,0.15,4.3,5,0.003,1,90,600,1,150
MCC (Micro Commercial Components),BZX584C4V7,Active,R H,Single,,SOD-523,0.15,4.7,5,0.003,2,80,500,1,150
MCC (Micro Commercial Components),BZX584C5V1,Active,R H,Single,,SOD-523,0.15,5.1,5,0.002,2,60,480,1,150
MCC (Micro Commercial Components),BZX584C5V6,Active,R H,Single,,SOD-523,0.15,5.6,5,0.001,2,40,400,1,150
MCC (Micro Commercial Components),BZX584C6V2,Active,R H,Single,,SOD-523,0.15,6.2,5,0.003,4,10,150,1,150
MCC (Micro Commercial Components),BZX584C6V8,Active,R H,Single,,SOD-523,0.15,6.8,5,0.002,4,15,80,1,150
MCC (Micro Commercial Components),BZX584C7V5,Active,R H,Single,,SOD-523,0.15,7.5,5,0.001,5,15,80,1,150
MCC (Micro Commercial Components),BZX584C8V2,Active,R H,Single,,SOD-523,0.15,8.2,5,0.0007,5,15,80,1,150
MCC (Micro Commercial Components),BZX584C9V1,Active,R H,Single,,SOD-523,0.15,9.1,5,0.0005,6,15,100,1,150
MCC (Micro Commercial Components),BZX584C10,Active,R H,Single,,SOD-523,0.15,10,5,0.0002,7,20,150,1,150
MCC (Micro Commercial Components),BZX584C11,Active,R H,Single,,SOD-523,0.15,11,5,0.0001,8,20,150,1,150
MCC (Micro Commercial Components),BZX584C12,Active,R H,Single,,SOD-523,0.15,12,5,0.0001,8,25,150,1,150
MCC (Micro Commercial Components),BZX584C13,Active,R H,Single,,SOD-523,0.15,13,5,0.0001,8,30,170,1,150
MCC (Micro Commercial Components),BZX584C15,Active,R H,Single,,SOD-523,0.15,15,5,0.0001,10.5,30,200,1,150
MCC (Micro Commercial Components),BZX584C16,Active,R H,Single,,SOD-523,0.15,16,5,0.0001,11.2,40,200,1,150
MCC (Micro Commercial Components),BZX584C18,Active,R H,Single,,SOD-523,0.15,18,5,0.0001,12.6,45,225,1,150
MCC (Micro Commercial Components),BZX584C20,Active,R H,Single,,SOD-523,0.15,20,5,0.0001,14,55,225,1,150
MCC (Micro Commercial Components),BZX584C22,Active,R H,Single,,SOD-523,0.15,22,5,0.0001,15.4,55,250,1,150
MCC (Micro Commercial Components),BZX584C24,Active,R H,Single,,SOD-523,0.15,24,5,0.0001,16.8,70,250,1,150
MCC (Micro Commercial Components),BZX584C27,Active,R H,Single,,SOD-523,0.15,27,2,0.0001,18.9,80,300,0.5,150
MCC (Micro Commercial Components),BZX584C30,Active,R H,Single,,SOD-523,0.15,30,2,0.0001,21,80,300,0.5,150
MCC (Micro Commercial Components),BZX584C33,Active,R H,Single,,SOD-523,0.15,33,2,0.0001,23.1,80,325,0.5,150
MCC (Micro Commercial Components),BZX584C36,Active,R H,Single,,SOD-523,0.15,36,2,0.0001,25.2,90,350,0.5,150
MCC (Micro Commercial Components),BZX584C39,Active,R H,Single,,SOD-523,0.15,39,2,0.0001,27.3,130,350,0.5,150
MCC (Micro Commercial Components),BZT52B22JS,Active,R H,Single,,SOD-323,0.2,22,5,0.00005,15.4,51,235,1,150
MCC (Micro Commercial Components),BZT52B24JS,Active,R H,Single,,SOD-323,0.2,24,5,0.00005,16.8,65,235,1,150
MCC (Micro Commercial Components),BZT52B27JS,Active,R H,Single,,SOD-323,0.2,27,5,0.00005,18.9,75,282,0.5,150
MCC (Micro Commercial Components),BZT52B30JS,Active,R H,Single,,SOD-323,0.2,30,5,0.00005,21,75,282,0.5,150
MCC (Micro Commercial Components),BZT52B33JS,Active,R H,Single,,SOD-323,0.2,33,5,0.00005,23,75,306,0.5,150
MCC (Micro Commercial Components),BZT52B36JS,Active,R H,Single,,SOD-323,0.2,36,5,0.00005,25.2,84,329,0.5,150
MCC (Micro Commercial Components),BZT52B39JS,Active,R H,Single,,SOD-323,0.2,39,5,0.00005,27.3,122,329,0.5,150
MCC (Micro Commercial Components),BZT52B43JS,Active,R H,Single,,SOD-323,0.2,43,5,0.00005,30.1,141,353,0.5,150
MCC (Micro Commercial Components),BZT52B47JS,Active,R H,Single,,SOD-323,0.2,47,5,0.00005,33,160,353,0.5,150
MCC (Micro Commercial Components),BZT52B51JS,Active,R H,Single,,SOD-323,0.2,51,5,0.00005,35.7,169,376,0.5,150
MCC (Micro Commercial Components),MMSZ5260B,Active,R H,Single,,SOD-123,0.5,43,3,0.0001,33,93,900,0.25,150
MCC (Micro Commercial Components),MMSZ5261B,Active,R H,Single,,SOD-123,0.5,47,2.7,0.0001,36,105,1000,0.25,150
MCC (Micro Commercial Components),MMSZ5260C,Active,R H,Single,,SOD-123,0.5,43,3,0.0001,33,93,900,0.25,150
MCC (Micro Commercial Components),MMSZ5261C,Active,R H,Single,,SOD-123,0.5,47,2.7,0.0001,36,105,1000,0.25,150
MCC (Micro Commercial Components),BZX84C62,Active,R H,Single,,SOT-23,0.35,62,2,0.00005,43.4,215,450,0.5,150
MCC (Micro Commercial Components),BZT52B3V0JS,Active,R H,Single,,SOD-323,0.2,3,5,0.009,1,89,564,1,150
MCC (Micro Commercial Components),BZT52B3V6JS,Active,R H,Single,,SOD-323,0.2,3.6,5,0.0045,1,84,564,1,150
MCC (Micro Commercial Components),BZT52B3V9JS,Active,R H,Single,,SOD-323,0.2,3.9,5,0.0027,1,84,564,1,150
MCC (Micro Commercial Components),BZT52B4V3JS,Active,R H,Single,,SOD-323,0.2,4.3,5,0.0027,1,84,564,1,150
MCC (Micro Commercial Components),BZT52B4V7JS,Active,R H,Single,,SOD-323,0.2,4.7,5,0.0027,2,75,564,1,150
MCC (Micro Commercial Components),DFLZ180,Active,R H,Single,,SOD-123FL,1,180,5,0.001,130,180,,,150
MCC (Micro Commercial Components),DFLZ200,Active,R H,Single,,SOD-123FL,1,200,5,0.001,150,200,,,150
MCC (Micro Commercial Components),DFLZ43,Active,R H,Single,,SOD-123FL,1,43,6,0.005,32.7,70,,,150
MCC (Micro Commercial Components),DFLZ47,Active,R H,Single,,SOD-123FL,1,47,5.5,0.005,35.8,80,,,150
MCC (Micro Commercial Components),DFLZ51,Active,R H,Single,,SOD-123FL,1,51,5,0.005,38.8,95,,,150
MCC (Micro Commercial Components),DFLZ56,Active,R H,Single,,SOD-123FL,1,56,4.5,0.005,42.6,110,,,150
MCC (Micro Commercial Components),DFLZ62,Active,R H,Single,,SOD-123FL,1,62,4,0.005,47.1,125,,,150
MCC (Micro Commercial Components),DFLZ68,Active,R H,Single,,SOD-123FL,1,68,3.7,0.005,51.7,150,,,150
MCC (Micro Commercial Components),DFLZ75,Active,R H,Single,,SOD-123FL,1,75,3.3,0.005,56,175,,,150
MCC (Micro Commercial Components),DFLZ82,Active,R H,Single,,SOD-123FL,1,82,3,0.005,62.2,200,,,150
MCC (Micro Commercial Components),DFLZ91,Active,R H,Single,,SOD-123FL,1,91,2.8,0.005,69.2,250,,,150
MCC (Micro Commercial Components),DFLZ100,Active,R H,Single,,SOD-123FL,1,100,2.5,0.005,76,350,,,150
MCC (Micro Commercial Components),1EZ220D5,Active,R,Single,,DO-41,1,220,1,0.0001,167.2,1600,8000,0.25,150
MCC (Micro Commercial Components),1EZ240D5,Active,R,Single,,DO-41,1,240,0.9,0.0001,182.4,1800,8500,0.25,150
MCC (Micro Commercial Components),1EZ250D5,Active,R,Single,,DO-41,1,250,0.9,0.0001,190,2000,9000,0.25,150
MCC (Micro Commercial Components),1EZ270D5,Active,R,Single,,DO-41,1,270,0.8,0.0001,205,2100,9000,0.25,150
MCC (Micro Commercial Components),1EZ300D5,Active,R,Single,,DO-41,1,300,0.8,0.0001,228,2300,9500,0.25,150
MCC (Micro Commercial Components),1EZ330D5,Active,R,Single,,DO-41,1,330,0.7,0.0001,250.2,2500,9500,0.25,150
MCC (Micro Commercial Components),DFLZ5V1,Active,R H,Single,,SOD-123FL,1,5.1,49,0.01,1,7,,,150
MCC (Micro Commercial Components),DFLZ5V6,Active,R H,Single,,SOD-123FL,1,5.6,45,0.01,2,5,,,150
MCC (Micro Commercial Components),BZT52B3V0BS,Active,R H,Single,,SOD-323,0.4,3,5,0.009,1,89,564,1,150
MCC (Micro Commercial Components),BZT52B3V6BS,Active,R H,Single,,SOD-323,0.4,3.6,5,0.0045,1,84,564,1,150
MCC (Micro Commercial Components),BZT52B3V9BS,Active,R H,Single,,SOD-323,0.4,3.9,5,0.0027,1,84,564,1,150
MCC (Micro Commercial Components),BZT52B4V3BS,Active,R H,Single,,SOD-323,0.4,4.3,5,0.0027,1,84,564,1,150
MCC (Micro Commercial Components),BZT52B4V7BS,Active,R H,Single,,SOD-323,0.4,4.7,5,0.0027,2,75,564,1,150
MCC (Micro Commercial Components),BZT52B5V1BS,Active,R H,Single,,SOD-323,0.4,5.1,5,0.002,2,60,480,1,150
MCC (Micro Commercial Components),BZT52B5V6BS,Active,R H,Single,,SOD-323,0.4,5.6,5,0.001,2,40,400,1,150
MCC (Micro Commercial Components),BZT52B6V2BS,Active,R H,Single,,SOD-323,0.4,6.2,5,0.003,4,10,150,1,150
MCC (Micro Commercial Components),BZT52B6V8BS,Active,R H,Single,,SOD-323,0.4,6.8,5,0.002,4,15,141,1,150
MCC (Micro Commercial Components),BZT52B7V5BS,Active,R H,Single,,SOD-323,0.4,7.5,5,0.001,5,15,80,1,150
MCC (Micro Commercial Components),BZT52B8V2BS,Active,R H,Single,,SOD-323,0.4,8.2,5,0.0007,5,15,80,1,150
MCC (Micro Commercial Components),BZT52B9V1BS,Active,R H,Single,,SOD-323,0.4,9.1,5,0.0005,6,15,100,1,150
MCC (Micro Commercial Components),BZT52B10BS,Active,R H,Single,,SOD-323,0.4,10,5,0.0002,7,20,150,1,150
MCC (Micro Commercial Components),BZT52B11BS,Active,R H,Single,,SOD-323,0.4,11,5,0.0001,8,20,150,1,150
MCC (Micro Commercial Components),BZT52B12BS,Active,R H,Single,,SOD-323,0.4,12,5,0.0001,8,25,150,1,150
MCC (Micro Commercial Components),BZT52B13BS,Active,R H,Single,,SOD-323,0.4,13,5,0.0001,8,30,170,1,150
MCC (Micro Commercial Components),BZT52B15BS,Active,R H,Single,,SOD-323,0.4,15,5,0.0001,10.5,30,200,1,150
MCC (Micro Commercial Components),BZT52B16BS,Active,R H,Single,,SOD-323,0.4,16,5,0.0001,11.2,40,200,1,150
MCC (Micro Commercial Components),BZT52B18BS,Active,R H,Single,,SOD-323,0.4,18,5,0.0001,12.6,45,225,1,150
MCC (Micro Commercial Components),BZT52B20BS,Active,R H,Single,,SOD-323,0.4,20,5,0.0001,14,55,225,1,150
MCC (Micro Commercial Components),BZT52B22BS,Active,R H,Single,,SOD-323,0.4,22,5,0.00005,15.4,51,235,1,150
MCC (Micro Commercial Components),BZT52B24BS,Active,R H,Single,,SOD-323,0.4,24,5,0.00005,16.8,65,235,1,150
MCC (Micro Commercial Components),BZT52B27BS,Active,R H,Single,,SOD-323,0.4,27,5,0.00005,18.9,75,282,0.5,150
MCC (Micro Commercial Components),BZT52B30BS,Active,R H,Single,,SOD-323,0.4,30,5,0.00005,21,75,282,0.5,150
MCC (Micro Commercial Components),BZT52B33BS,Active,R H,Single,,SOD-323,0.4,33,5,0.00005,23,75,306,0.5,150
MCC (Micro Commercial Components),BZT52B36BS,Active,R H,Single,,SOD-323,0.4,36,5,0.00005,25.2,84,329,0.5,150
MCC (Micro Commercial Components),BZT52B39BS,Active,R H,Single,,SOD-323,0.4,39,5,0.00005,27.3,122,329,0.5,150
MCC (Micro Commercial Components),BZT52B43BS,Active,R H,Single,,SOD-323,0.4,43,5,0.00005,30.1,141,353,0.5,150
MCC (Micro Commercial Components),BZT52B47BS,Active,R H,Single,,SOD-323,0.4,47,5,0.00005,33,160,353,0.5,150
MCC (Micro Commercial Components),BZT52B51BS,Active,R H,Single,,SOD-323,0.4,51,2,0.00005,35.7,169,376,0.5,150
MCC (Micro Commercial Components),MMSZ5262B,Active,R H,Single,,SOD-123,0.5,51,2.5,0.0001,39,125,1100,0.25,150
MCC (Micro Commercial Components),MMSZ5263B,Active,R H,Single,,SOD-123,0.5,56,2.2,0.0001,43,150,1300,0.25,150
MCC (Micro Commercial Components),MMSZ5265B,Active,R H,Single,,SOD-123,0.5,62,2,0.0001,47,185,1400,0.25,150
MCC (Micro Commercial Components),MMSZ5267B,Active,R H,Single,,SOD-123,0.5,75,1.7,0.0001,56,270,1700,0.25,150
MCC (Micro Commercial Components),DFLZ110,Active,R H,Single,,SOD-123FL,1,110,2.3,0.0001,84,450,4000,0.25,150
MCC (Micro Commercial Components),BZT52B56JS,Active,R H,Single,,SOD-323,0.2,56,2.5,0.0001,42,135,1000,1,150
MCC (Micro Commercial Components),BZT52B62JS,Active,R H,Single,,SOD-323,0.2,62,2.5,0.0001,46,150,1000,1,150
MCC (Micro Commercial Components),BZT52B68JS,Active,R H,Single,,SOD-323,0.2,68,2.5,0.0001,51,200,1000,1,150
MCC (Micro Commercial Components),BZT52B75JS,Active,R H,Single,,SOD-323,0.2,75,2.5,0.0001,56,250,1000,1,150
MCC (Micro Commercial Components),BZT52C2V4L3P,Active,R H,Single,,DFN1006-2L,0.25,2.4,5,0.05,1,100,600,1,150
MCC (Micro Commercial Components),BZT52C43S,Active,R H,Single,,SOD-323,0.2,43,2,0.0001,32,100,700,0.5,150
MCC (Micro Commercial Components),BZT52C47S,Active,R H,Single,,SOD-323,0.2,47,2,0.0001,35,100,750,0.5,150
MCC (Micro Commercial Components),BZT52C51S,Active,R H,Single,,SOD-323,0.2,51,2,0.0001,38,100,750,0.5,150
MCC (Micro Commercial Components),BZT52C56S,Active,R H,Single,,SOD-323,0.2,56,2,0.00005,39.2,200,400,0.5,150
MCC (Micro Commercial Components),BZT52C2V7L3P,Active,R H,Single,,DFN1006-2L,0.25,2.7,5,0.02,1,100,600,1,150
MCC (Micro Commercial Components),BZT52C3V0L3P,Active,R H,Single,,DFN1006-2L,0.25,3,5,0.01,1,95,600,1,150
MCC (Micro Commercial Components),BZT52C3V3L3P,Active,R H,Single,,DFN1006-2L,0.25,3.3,5,0.005,1,95,600,1,150
MCC (Micro Commercial Components),BZT52C3V6L3P,Active,R H,Single,,DFN1006-2L,0.25,3.6,5,0.005,1,90,600,1,150
MCC (Micro Commercial Components),BZT52C3V9L3P,Active,R H,Single,,DFN1006-2L,0.25,3.9,5,0.003,1,90,600,1,150
MCC (Micro Commercial Components),BZT52C4V3L3P,Active,R H,Single,,DFN1006-2L,0.25,4.3,5,0.003,1,90,600,1,150
MCC (Micro Commercial Components),BZT52C4V7L3P,Active,R H,Single,,DFN1006-2L,0.25,4.7,5,0.003,2,80,500,1,150
MCC (Micro Commercial Components),BZT52C5V1L3P,Active,R H,Single,,DFN1006-2L,0.25,5.1,5,0.002,2,60,480,1,150
MCC (Micro Commercial Components),BZT52C5V6L3P,Active,R H,Single,,DFN1006-2L,0.25,5.6,5,0.001,2,40,400,1,150
MCC (Micro Commercial Components),BZT52C6V2L3P,Active,R H,Single,,DFN1006-2L,0.25,6.2,5,0.003,4,10,150,1,150
MCC (Micro Commercial Components),BZT52C6V8L3P,Active,R H,Single,,DFN1006-2L,0.25,6.8,5,0.002,4,15,80,1,150
MCC (Micro Commercial Components),BZT52C7V5L3P,Active,R H,Single,,DFN1006-2L,0.25,7.5,5,0.001,5,15,80,1,150
MCC (Micro Commercial Components),BZT52C8V2L3P,Active,R H,Single,,DFN1006-2L,0.25,8.2,5,0.0007,5,15,80,1,150
MCC (Micro Commercial Components),BZT52C9V1L3P,Active,R H,Single,,DFN1006-2L,0.25,9.1,5,0.0005,6,15,100,1,150
MCC (Micro Commercial Components),BZT52C10L3P,Active,R H,Single,,DFN1006-2L,0.25,10,5,0.0002,7,20,150,1,150
MCC (Micro Commercial Components),BZT52C11L3P,Active,R H,Single,,DFN1006-2L,0.25,11,5,0.0001,8,20,150,1,150
MCC (Micro Commercial Components),BZT52C12L3P,Active,R H,Single,,DFN1006-2L,0.25,12,5,0.0001,8,25,150,1,150
MCC (Micro Commercial Components),BZT52C13L3P,Active,R H,Single,,DFN1006-2L,0.25,13,5,0.0001,8,30,170,1,150
MCC (Micro Commercial Components),BZT52C15L3P,Active,R H,Single,,DFN1006-2L,0.25,15,5,0.0001,10.5,30,200,1,150
MCC (Micro Commercial Components),BZT52C16L3P,Active,R H,Single,,DFN1006-2L,0.25,16,5,0.0001,11.2,40,200,1,150
MCC (Micro Commercial Components),BZT52C18L3P,Active,R H,Single,,DFN1006-2L,0.25,18,5,0.0001,12.6,45,225,1,150
MCC (Micro Commercial Components),BZT52C20L3P,Active,R H,Single,,DFN1006-2L,0.25,20,5,0.0001,14,55,225,1,150
MCC (Micro Commercial Components),BZT52C22L3P,Active,R H,Single,,DFN1006-2L,0.25,22,5,0.0001,15.4,55,250,1,150
MCC (Micro Commercial Components),BZT52C24L3P,Active,R H,Single,,DFN1006-2L,0.25,24,5,0.0001,16.8,70,250,1,150
MCC (Micro Commercial Components),BZT52C36L3P,Active,R H,Single,,DFN1006-2L,0.25,36,2,0.0001,25.2,90,350,0.5,150
MCC (Micro Commercial Components),BZT52C39L3P,Active,R H,Single,,DFN1006-2L,0.25,39,2,0.0001,27.3,130,350,0.5,150
MCC (Micro Commercial Components),BZT52B2V4T,Active,R H,Single,,SOD-523,0.2,2.4,5,0.05,1,100,600,1,150
MCC (Micro Commercial Components),BZT52B3V0T,Active,R H,Single,,SOD-523,0.2,3,5,0.01,1,95,600,1,150
MCC (Micro Commercial Components),BZT52B3V3T,Active,R H,Single,,SOD-523,0.2,3.3,5,0.005,1,95,600,1,150
MCC (Micro Commercial Components),BZT52B3V6T,Active,R H,Single,,SOD-523,0.2,3.6,5,0.005,1,90,600,1,150
MCC (Micro Commercial Components),BZT52B3V9T,Active,R H,Single,,SOD-523,0.2,3.9,5,0.003,1,90,600,1,150
MCC (Micro Commercial Components),BZT52B4V3T,Active,R H,Single,,SOD-523,0.2,4.3,5,0.003,1,90,600,1,150
MCC (Micro Commercial Components),BZT52B4V7T,Active,R H,Single,,SOD-523,0.2,4.7,5,0.003,2,80,500,1,150
MCC (Micro Commercial Components),BZT52B5V1T,Active,R H,Single,,SOD-523,0.2,5.1,5,0.002,2,60,480,1,150
MCC (Micro Commercial Components),BZT52B5V6T,Active,R H,Single,,SOD-523,0.2,5.6,5,0.001,2,40,400,1,150
MCC (Micro Commercial Components),BZT52B6V2T,Active,R H,Single,,SOD-523,0.2,6.2,5,0.003,4,10,150,1,150
MCC (Micro Commercial Components),BZT52B6V8T,Active,R H,Single,,SOD-523,0.2,6.8,5,0.002,4,15,80,1,150
MCC (Micro Commercial Components),BZT52B7V5T,Active,R H,Single,,SOD-523,0.2,7.5,5,0.001,5,15,80,1,150
MCC (Micro Commercial Components),BZT52B8V2T,Active,R H,Single,,SOD-523,0.2,8.2,5,0.0007,5,15,80,1,150
MCC (Micro Commercial Components),BZT52B9V1T,Active,R H,Single,,SOD-523,0.2,9.1,5,0.0005,6,15,100,1,150
MCC (Micro Commercial Components),BZT52B10T,Active,R H,Single,,SOD-523,0.2,10,5,0.0002,7,20,150,1,150
MCC (Micro Commercial Components),BZT52B11T,Active,R H,Single,,SOD-523,0.2,11,5,0.0001,8,20,150,1,150
MCC (Micro Commercial Components),BZT52B12T,Active,R H,Single,,SOD-523,0.2,12,5,0.0001,8,25,150,1,150
MCC (Micro Commercial Components),BZT52B13T,Active,R H,Single,,SOD-523,0.2,13,5,0.0001,8,30,170,1,150
MCC (Micro Commercial Components),BZT52B15T,Active,R H,Single,,SOD-523,0.2,15,5,0.0001,10.5,30,200,1,150
MCC (Micro Commercial Components),BZT52B16T,Active,R H,Single,,SOD-523,0.2,16,5,0.0001,11.2,40,200,1,150
MCC (Micro Commercial Components),BZT52B18T,Active,R H,Single,,SOD-523,0.2,18,5,0.0001,12.6,45,225,1,150
MCC (Micro Commercial Components),BZT52B20T,Active,R H,Single,,SOD-523,0.2,20,5,0.0001,14,55,225,1,150
MCC (Micro Commercial Components),BZT52B22T,Active,R H,Single,,SOD-523,0.2,22,5,0.0001,15.4,55,250,1,150
MCC (Micro Commercial Components),BZT52B24T,Active,R H,Single,,SOD-523,0.2,24,5,0.0001,16.8,70,250,1,150
MCC (Micro Commercial Components),BZT52B27T,Active,R H,Single,,SOD-523,0.2,27,2,0.0001,18.9,80,300,0.5,150
MCC (Micro Commercial Components),BZT52B30T,Active,R H,Single,,SOD-523,0.2,30,2,0.0001,21,80,300,0.5,150
MCC (Micro Commercial Components),BZT52B33T,Active,R H,Single,,SOD-523,0.2,33,2,0.0001,23.1,80,325,0.5,150
MCC (Micro Commercial Components),BZT52B36T,Active,R H,Single,,SOD-523,0.2,36,2,0.0001,25.2,90,350,0.5,150
MCC (Micro Commercial Components),BZT52B39T,Active,R H,Single,,SOD-523,0.2,39,2,0.0001,27.3,130,350,0.5,150
MCC (Micro Commercial Components),BZT52C56,Active,R H,Single,,SOD-123,0.5,56,2,0.0001,42,200,1000,1,150
MCC (Micro Commercial Components),BZT52C62,Active,R H,Single,,SOD-123,0.5,62,2,0.0001,46,150,1000,1,150
MCC (Micro Commercial Components),BZT52C68,Active,R H,Single,,SOD-123,0.5,68,2,0.0001,51,200,1000,1,150
MCC (Micro Commercial Components),BZT52C75,Active,R H,Single,,SOD-123,0.5,75,2,0.0001,56,250,1000,1,150
MCC (Micro Commercial Components),BZX84C56,Active,R H,Single,,SOT-23,0.35,56,2,0.00005,39.2,200,425,0.5,150
MCC (Micro Commercial Components),BZX84C68,Active,R H,Single,,SOT-23,0.35,68,2,0.00005,47.6,240,475,0.5,150
MCC (Micro Commercial Components),BZX84C75,Active,R H,Single,,SOT-23,0.35,75,2,0.00005,52.5,255,500,0.5,150
MCC (Micro Commercial Components),BZX84B2V4,Active,R H,Single,,SOT-23,0.35,2.4,5,0.05,1,100,600,1,150
MCC (Micro Commercial Components),BZX84B2V7,Active,R H,Single,,SOT-23,0.35,2.7,5,0.02,1,100,600,1,150
MCC (Micro Commercial Components),BZX84B3V0,Active,R H,Single,,SOT-23,0.35,3,5,0.01,1,95,600,1,150
MCC (Micro Commercial Components),BZX84B3V6,Active,R H,Single,,SOT-23,0.35,3.6,5,0.005,1,90,600,1,150
MCC (Micro Commercial Components),BZX84B3V9,Active,R H,Single,,SOT-23,0.35,3.9,5,0.003,1,90,600,1,150
MCC (Micro Commercial Components),BZX84B56,Active,R H,Single,,SOT-23,0.35,56,2,0.00005,39.2,200,425,0.5,150
MCC (Micro Commercial Components),BZX84B62,Active,R H,Single,,SOT-23,0.35,62,2,0.00005,43.4,215,450,0.5,150
MCC (Micro Commercial Components),BZX84B68,Active,R H,Single,,SOT-23,0.35,68,2,0.00005,47.6,240,475,0.5,150
MCC (Micro Commercial Components),BZX84B75,Active,R H,Single,,SOT-23,0.35,75,2,0.00005,52.5,255,500,0.5,150
MCC (Micro Commercial Components),BZT52B8V2JSHE3,Active,A R H,Single,,SOD-323,0.2,8.2,5,0.0007,5,15,80,1,150
MCC (Micro Commercial Components),BZT52B9V1JSHE3,Active,A R H,Single,,SOD-323,0.2,9.1,5,0.0005,6,15,100,1,150
MCC (Micro Commercial Components),BZT52B10JSHE3,Active,A R H,Single,,SOD-323,0.2,10,5,0.0002,7,20,150,1,150
MCC (Micro Commercial Components),BZT52B11JSHE3,Active,A R H,Single,,SOD-323,0.2,11,5,0.0001,8,20,150,1,150
MCC (Micro Commercial Components),BZT52B12JSHE3,Active,A R H,Single,,SOD-323,0.2,12,5,0.0001,8,25,150,1,150
MCC (Micro Commercial Components),BZT52B13JSHE3,Active,A R H,Single,,SOD-323,0.2,13,5,0.0001,8,30,170,1,150
MCC (Micro Commercial Components),BZT52B15JSHE3,Active,A R H,Single,,SOD-323,0.2,15,5,0.0001,10.5,30,200,1,150
MCC (Micro Commercial Components),BZT52B16JSHE3,Active,A R H,Single,,SOD-323,0.2,16,5,0.0001,11.2,40,200,1,150
MCC (Micro Commercial Components),BZT52B18JSHE3,Active,A R H,Single,,SOD-323,0.2,18,5,0.0001,12.6,45,225,1,150
MCC (Micro Commercial Components),BZT52B20JSHE3,Active,A R H,Single,,SOD-323,0.2,20,5,0.0001,14,55,225,1,150
MCC (Micro Commercial Components),BZT52B22JSHE3,Active,A R H,Single,,SOD-323,0.2,22,5,0.00005,15.4,51,235,1,150
MCC (Micro Commercial Components),BZT52B24JSHE3,Active,A R H,Single,,SOD-323,0.2,24,5,0.00005,16.8,65,235,1,150
MCC (Micro Commercial Components),BZT52B27JSHE3,Active,A R H,Single,,SOD-323,0.2,27,5,0.00005,18.9,75,282,0.5,150
MCC (Micro Commercial Components),BZT52B30JSHE3,Active,A R H,Single,,SOD-323,0.2,30,5,0.00005,21,75,282,0.5,150
MCC (Micro Commercial Components),BZT52C12SHE3,Active,A R H,Single,,SOD-323,0.2,12,5,0.0001,8,25,150,1,150
MCC (Micro Commercial Components),BZT52C13SHE3,Active,A R H,Single,,SOD-323,0.2,13,5,0.0001,8,30,170,1,150
MCC (Micro Commercial Components),BZT52C15SHE3,Active,A R H,Single,,SOD-323,0.2,15,5,0.0001,10.5,30,200,1,150
MCC (Micro Commercial Components),BZT52C16SHE3,Active,A R H,Single,,SOD-323,0.2,16,5,0.0001,11.2,40,200,1,150
MCC (Micro Commercial Components),BZT52C18SHE3,Active,A R H,Single,,SOD-323,0.2,18,5,0.0001,12.6,45,225,1,150
MCC (Micro Commercial Components),BZT52C20SHE3,Active,A R H,Single,,SOD-323,0.2,20,5,0.0001,14,55,225,1,150
MCC (Micro Commercial Components),BZT52C22SHE3,Active,A R H,Single,,SOD-323,0.2,22,5,0.0001,15.4,55,250,1,150
MCC (Micro Commercial Components),BZT52C24SHE3,Active,A R H,Single,,SOD-323,0.2,24,5,0.0001,16.8,70,250,1,150
MCC (Micro Commercial Components),BZT52C27SHE3,Active,A R H,Single,,SOD-323,0.2,27,2,0.0001,18.9,80,300,0.5,150
MCC (Micro Commercial Components),BZT52C30SHE3,Active,A R H,Single,,SOD-323,0.2,30,2,0.0001,21,80,300,0.5,150
MCC (Micro Commercial Components),BZT52C33SHE3,Active,A R H,Single,,SOD-323,0.2,33,2,0.0001,23.1,80,325,0.5,150
MCC (Micro Commercial Components),BZT52C36SHE3,Active,A R H,Single,,SOD-323,0.2,36,2,0.0001,25.2,90,350,0.5,150
MCC (Micro Commercial Components),BZT52C39SHE3,Active,A R H,Single,,SOD-323,0.2,39,2,0.0001,27.3,130,350,0.5,150
MCC (Micro Commercial Components),BZT52C43SHE3,Active,A R H,Single,,SOD-323,0.2,43,2,0.0001,32,100,700,0.5,150
MCC (Micro Commercial Components),BZX84B16HE3,Active,A R H,Single,,SOT-23,0.35,16,5,0.0001,11.2,40,200,1,150
MCC (Micro Commercial Components),BZX84B18HE3,Active,A R H,Single,,SOT-23,0.35,18,5,0.0001,12.6,45,225,1,150
MCC (Micro Commercial Components),BZX84B20HE3,Active,A R H,Single,,SOT-23,0.35,20,5,0.0001,14,55,225,1,150
MCC (Micro Commercial Components),BZX84B22HE3,Active,A R H,Single,,SOT-23,0.35,22,5,0.0001,15.4,55,250,1,150
MCC (Micro Commercial Components),BZX84B24HE3,Active,A R H,Single,,SOT-23,0.35,24,5,0.0001,16.8,70,250,1,150
MCC (Micro Commercial Components),BZX84B27HE3,Active,A R H,Single,,SOT-23,0.35,27,2,0.0001,18.9,80,300,0.5,150
MCC (Micro Commercial Components),BZX84B30HE3,Active,A R H,Single,,SOT-23,0.35,30,2,0.0001,21,80,300,0.5,150
MCC (Micro Commercial Components),BZX84B33HE3,Active,A R H,Single,,SOT-23,0.35,33,2,0.0001,23.1,80,325,0.5,150
MCC (Micro Commercial Components),BZX84B36HE3,Active,A R H,Single,,SOT-23,0.35,36,2,0.0001,25.2,90,350,0.5,150
MCC (Micro Commercial Components),BZX84C2V4HE3,Active,A R H,Single,,SOT-23,0.35,2.4,5,0.05,1,100,600,1,150
MCC (Micro Commercial Components),BZX84C2V7HE3,Active,A R H,Single,,SOT-23,0.35,2.7,5,0.02,1,100,600,1,150
MCC (Micro Commercial Components),BZX84C3V0HE3,Active,A R H,Single,,SOT-23,0.35,3,5,0.01,1,95,600,1,150
MCC (Micro Commercial Components),BZX84C3V3HE3,Active,A R H,Single,,SOT-23,0.35,3.3,5,0.005,1,95,600,1,150
MCC (Micro Commercial Components),BZX84C3V6HE3,Active,A R H,Single,,SOT-23,0.35,3.6,5,0.005,1,90,600,1,150
MCC (Micro Commercial Components),BZX84C3V9HE3,Active,A R H,Single,,SOT-23,0.35,3.9,5,0.003,1,90,600,1,150
MCC (Micro Commercial Components),BZX84C4V3HE3,Active,A R H,Single,,SOT-23,0.35,4.3,5,0.003,1,90,600,1,150
MCC (Micro Commercial Components),BZT52B33JSHE3,Active,A R H,Single,,SOD-323,0.2,33,5,0.00005,23,75,306,0.5,150
MCC (Micro Commercial Components),BZT52B36JSHE3,Active,A R H,Single,,SOD-323,0.2,36,5,0.00005,25.2,84,329,0.5,150
MCC (Micro Commercial Components),BZT52B39JSHE3,Active,A R H,Single,,SOD-323,0.2,39,5,0.00005,27.3,122,329,0.5,150
MCC (Micro Commercial Components),BZT52B43JSHE3,Active,A R H,Single,,SOD-323,0.2,43,5,0.00005,30.1,141,353,0.5,150
MCC (Micro Commercial Components),BZT52B47JSHE3,Active,A R H,Single,,SOD-323,0.2,47,5,0.00005,33,160,353,0.5,150
MCC (Micro Commercial Components),BZT52C2V4HE3,Active,A R H,Single,,SOD-123,0.5,2.4,5,0.05,1,100,600,1,150
MCC (Micro Commercial Components),BZT52C2V7HE3,Active,A R H,Single,,SOD-123,0.5,2.7,5,0.02,1,100,600,1,150
MCC (Micro Commercial Components),BZT52C3V0HE3,Active,A R H,Single,,SOD-123,0.5,3,5,0.01,1,95,600,1,150
MCC (Micro Commercial Components),BZT52C3V3HE3,Active,A R H,Single,,SOD-123,0.5,3.3,5,0.005,1,95,600,1,150
MCC (Micro Commercial Components),BZT52C3V6HE3,Active,A R H,Single,,SOD-123,0.5,3.6,5,0.005,1,90,600,1,150
MCC (Micro Commercial Components),BZT52C3V9HE3,Active,A R H,Single,,SOD-123,0.5,3.9,5,0.003,1,90,600,1,150
MCC (Micro Commercial Components),BZT52C4V3HE3,Active,A R H,Single,,SOD-123,0.5,4.3,5,0.003,1,90,600,1,150
MCC (Micro Commercial Components),BZT52C4V7HE3,Active,A R H,Single,,SOD-123,0.5,4.7,5,0.003,2,80,500,1,150
MCC (Micro Commercial Components),BZT52C5V1HE3,Active,A R H,Single,,SOD-123,0.5,5.1,5,0.002,2,60,480,1,150
MCC (Micro Commercial Components),BZT52C5V6HE3,Active,A R H,Single,,SOD-123,0.5,5.6,5,0.001,2,40,400,1,150
MCC (Micro Commercial Components),BZT52C6V2HE3,Active,A R H,Single,,SOD-123,0.5,6.2,5,0.003,4,10,150,1,150
MCC (Micro Commercial Components),BZX84C22HE3,Active,A R H,Single,,SOT-23,0.35,22,5,0.0001,15.4,55,250,1,150
MCC (Micro Commercial Components),BZX84C24HE3,Active,A R H,Single,,SOT-23,0.35,24,5,0.0001,16.8,70,250,1,150
MCC (Micro Commercial Components),BZX84C27HE3,Active,A R H,Single,,SOT-23,0.35,27,2,0.0001,18.9,80,300,0.5,150
MCC (Micro Commercial Components),BZX84C30HE3,Active,A R H,Single,,SOT-23,0.35,30,2,0.0001,21,80,300,0.5,150
MCC (Micro Commercial Components),BZX84C33HE3,Active,A R H,Single,,SOT-23,0.35,33,2,0.0001,23.1,80,325,0.5,150
MCC (Micro Commercial Components),BZX84C36HE3,Active,A R H,Single,,SOT-23,0.35,36,2,0.0001,25.2,90,350,0.5,150
MCC (Micro Commercial Components),BZX84C39HE3,Active,A R H,Single,,SOT-23,0.35,39,2,0.0001,27.3,130,350,0.5,150
MCC (Micro Commercial Components),BZX84C43HE3,Active,A R H,Single,,SOT-23,0.35,43,5,0.0001,30.1,150,375,0.5,150
MCC (Micro Commercial Components),BZX84C47HE3,Active,A R H,Single,,SOT-23,0.35,47,5,0.0001,32.9,170,375,0.5,150
MCC (Micro Commercial Components),BZX584B3V6HE3,Active,A R H,Single,,SOD-523,0.15,3.6,5,0.005,1,90,600,1,150
MCC (Micro Commercial Components),BZX584B3V9HE3,Active,A R H,Single,,SOD-523,0.15,3.9,5,0.003,1,90,600,1,150
MCC (Micro Commercial Components),BZX584B4V3HE3,Active,A R H,Single,,SOD-523,0.15,4.3,5,0.003,1,90,600,1,150
MCC (Micro Commercial Components),BZX584B4V7HE3,Active,A R H,Single,,SOD-523,0.15,4.7,5,0.003,2,80,500,1,150
MCC (Micro Commercial Components),BZX584B5V1HE3,Active,A R H,Single,,SOD-523,0.15,5.1,5,0.002,2,60,480,1,150
MCC (Micro Commercial Components),BZX584B5V6HE3,Active,A R H,Single,,SOD-523,0.15,5.6,5,0.001,2,40,400,1,150
MCC (Micro Commercial Components),BZX584B6V2HE3,Active,A R H,Single,,SOD-523,0.15,6.2,5,0.003,4,10,150,1,150
MCC (Micro Commercial Components),BZX584C9V1HE3,Active,A R H,Single,,SOD-523,0.15,9.1,5,0.0005,6,15,100,1,150
MCC (Micro Commercial Components),BZX584C10HE3,Active,A R H,Single,,SOD-523,0.15,10,5,0.0002,7,20,150,1,150
MCC (Micro Commercial Components),BZX584C11HE3,Active,A R H,Single,,SOD-523,0.15,11,5,0.0001,8,20,150,1,150
MCC (Micro Commercial Components),BZX584C12HE3,Active,A R H,Single,,SOD-523,0.15,12,5,0.0001,8,25,150,1,150
MCC (Micro Commercial Components),BZX584C13HE3,Active,A R H,Single,,SOD-523,0.15,13,5,0.0001,8,30,170,1,150
MCC (Micro Commercial Components),BZX584C15HE3,Active,A R H,Single,,SOD-523,0.15,15,5,0.0001,10.5,30,200,1,150
MCC (Micro Commercial Components),BZX584C16HE3,Active,A R H,Single,,SOD-523,0.15,16,5,0.0001,11.2,40,200,1,150
MCC (Micro Commercial Components),BZX584C18HE3,Active,A R H,Single,,SOD-523,0.15,18,5,0.0001,12.6,45,225,1,150
MCC (Micro Commercial Components),BZX584C20HE3,Active,A R H,Single,,SOD-523,0.15,20,5,0.0001,14,55,225,1,150
MCC (Micro Commercial Components),BZX584C22HE3,Active,A R H,Single,,SOD-523,0.15,22,5,0.0001,15.4,55,250,1,150
MCC (Micro Commercial Components),BZX584C24HE3,Active,A R H,Single,,SOD-523,0.15,24,5,0.0001,16.8,70,250,1,150
MCC (Micro Commercial Components),BZX584C27HE3,Active,A R H,Single,,SOD-523,0.15,27,2,0.0001,18.9,80,300,0.5,150
MCC (Micro Commercial Components),BZX584C30HE3,Active,A R H,Single,,SOD-523,0.15,30,2,0.0001,21,80,300,0.5,150
MCC (Micro Commercial Components),BZX584C33HE3,Active,A R H,Single,,SOD-523,0.15,33,2,0.0001,23.1,80,325,0.5,150
MCC (Micro Commercial Components),BZX584C36HE3,Active,A R H,Single,,SOD-523,0.15,36,2,0.0001,25.2,90,350,0.5,150
MCC (Micro Commercial Components),BZX584C39HE3,Active,A R H,Single,,SOD-523,0.15,39,2,0.0001,27.3,130,350,0.5,150
MCC (Micro Commercial Components),BZX584B33HE3,Active,A R H,Single,,SOD-523,0.15,33,2,0.0001,23.1,80,325,0.5,150
MCC (Micro Commercial Components),BZX584B36HE3,Active,A R H,Single,,SOD-523,0.15,36,2,0.0001,25.2,90,350,0.5,150
MCC (Micro Commercial Components),BZX584C2V4HE3,Active,A R H,Single,,SOD-523,0.15,2.4,5,0.05,1,100,600,1,150
MCC (Micro Commercial Components),BZX584C2V7HE3,Active,A R H,Single,,SOD-523,0.15,2.7,5,0.02,1,100,600,1,150
MCC (Micro Commercial Components),BZX584C3V0HE3,Active,A R H,Single,,SOD-523,0.15,3,5,0.01,1,95,600,1,150
MCC (Micro Commercial Components),BZX584C3V3HE3,Active,A R H,Single,,SOD-523,0.15,3.3,5,0.005,1,95,600,1,150
MCC (Micro Commercial Components),BZX584C3V6HE3,Active,A R H,Single,,SOD-523,0.15,3.6,5,0.005,1,90,600,1,150
MCC (Micro Commercial Components),BZX584C3V9HE3,Active,A R H,Single,,SOD-523,0.15,3.9,5,0.003,1,90,600,1,150
MCC (Micro Commercial Components),BZX584C4V3HE3,Active,A R H,Single,,SOD-523,0.15,4.3,5,0.003,1,90,600,1,150
MCC (Micro Commercial Components),BZX584C4V7HE3,Active,A R H,Single,,SOD-523,0.15,4.7,5,0.003,2,80,500,1,150
MCC (Micro Commercial Components),BZX584C5V1HE3,Active,A R H,Single,,SOD-523,0.15,5.1,5,0.002,2,60,480,1,150
MCC (Micro Commercial Components),BZX584C5V6HE3,Active,A R H,Single,,SOD-523,0.15,5.6,5,0.001,2,40,400,1,150
MCC (Micro Commercial Components),BZX584C6V2HE3,Active,A R H,Single,,SOD-523,0.15,6.2,5,0.003,4,10,150,1,150
MCC (Micro Commercial Components),BZX584C6V8HE3,Active,A R H,Single,,SOD-523,0.15,6.8,5,0.002,4,15,80,1,150
MCC (Micro Commercial Components),BZX584C7V5HE3,Active,A R H,Single,,SOD-523,0.15,7.5,5,0.001,5,15,80,1,150
MCC (Micro Commercial Components),BZX584C8V2HE3,Active,A R H,Single,,SOD-523,0.15,8.2,5,0.0007,5,15,80,1,150
MCC (Micro Commercial Components),MMSZ5221BHE3,Active,A R H,Single,,SOD-123,0.5,2.4,20,0.1,1,30,1200,0.25,150
MCC (Micro Commercial Components),MMSZ5222BHE3,Active,A R H,Single,,SOD-123,0.5,2.5,20,0.1,1,30,1250,0.25,150
MCC (Micro Commercial Components),MMSZ5223BHE3,Active,A R H,Single,,SOD-123,0.5,2.7,20,0.075,1,30,1300,0.25,150
MCC (Micro Commercial Components),MMSZ5225BHE3,Active,A R H,Single,,SOD-123,0.5,3,20,0.05,1,29,1600,0.25,150
MCC (Micro Commercial Components),MMSZ5226BHE3,Active,A R H,Single,,SOD-123,0.5,3.3,20,0.025,1,28,1600,0.25,150
MCC (Micro Commercial Components),MMSZ5227BHE3,Active,A R H,Single,,SOD-123,0.5,3.6,20,0.015,1,24,1700,0.25,150
MCC (Micro Commercial Components),MMSZ5228BHE3,Active,A R H,Single,,SOD-123,0.5,3.9,20,0.01,1,23,1900,0.25,150
MCC (Micro Commercial Components),MMSZ5229BHE3,Active,A R H,Single,,SOD-123,0.5,4.3,20,0.005,1,22,2000,0.25,150
MCC (Micro Commercial Components),MMSZ5230BHE3,Active,A R H,Single,,SOD-123,0.5,4.7,20,0.005,2,19,1900,0.25,150
MCC (Micro Commercial Components),MMSZ5231BHE3,Active,A R H,Single,,SOD-123,0.5,5.1,20,0.005,2,17,1600,0.25,150
MCC (Micro Commercial Components),MMSZ5232BHE3,Active,A R H,Single,,SOD-123,0.5,5.6,20,0.005,3,11,1600,0.25,150
MCC (Micro Commercial Components),MMSZ5234BHE3,Active,A R H,Single,,SOD-123,0.5,6.2,20,0.005,4,7,1000,0.25,150
MCC (Micro Commercial Components),MMSZ5235BHE3,Active,A R H,Single,,SOD-123,0.5,6.8,20,0.003,5,5,750,0.25,150
MCC (Micro Commercial Components),MMSZ5236BHE3,Active,A R H,Single,,SOD-123,0.5,7.5,20,0.003,6,6,500,0.25,150
MCC (Micro Commercial Components),MMSZ5237BHE3,Active,A R H,Single,,SOD-123,0.5,8.2,20,0.003,6.5,8,500,0.25,150
MCC (Micro Commercial Components),MMSZ5257BHE3,Active,A R H,Single,,SOD-123,0.5,33,3.8,0.0001,25,58,700,0.25,150
MCC (Micro Commercial Components),MMSZ5258BHE3,Active,A R H,Single,,SOD-123,0.5,36,3.4,0.0001,27,70,700,0.25,150
MCC (Micro Commercial Components),MMSZ5259BHE3,Active,A R H,Single,,SOD-123,0.5,39,3.2,0.0001,30,80,800,0.25,150
MCC (Micro Commercial Components),MMSZ5260BHE3,Active,A R H,Single,,SOD-123,0.5,43,3,0.0001,33,93,900,0.25,150
MCC (Micro Commercial Components),MMSZ5261BHE3,Active,A R H,Single,,SOD-123,0.5,47,2.7,0.0001,36,105,1000,0.25,150
MCC (Micro Commercial Components),BZT52C6V8HE3,Active,A R H,Single,,SOD-123,0.5,6.8,5,0.002,4,15,80,1,150
MCC (Micro Commercial Components),BZT52C7V5HE3,Active,A R H,Single,,SOD-123,0.5,7.5,5,0.001,5,15,80,1,150
MCC (Micro Commercial Components),BZT52C8V2HE3,Active,A R H,Single,,SOD-123,0.5,8.2,5,0.0007,5,15,80,1,150
MCC (Micro Commercial Components),BZT52C9V1HE3,Active,A R H,Single,,SOD-123,0.5,9.1,5,0.0005,6,15,100,1,150
MCC (Micro Commercial Components),BZT52C10HE3,Active,A R H,Single,,SOD-123,0.5,10,5,0.0002,7,20,150,1,150
MCC (Micro Commercial Components),BZT52C11HE3,Active,A R H,Single,,SOD-123,0.5,11,5,0.0001,8,20,150,1,150
MCC (Micro Commercial Components),BZT52C12HE3,Active,A R H,Single,,SOD-123,0.5,12,5,0.0001,8,25,150,1,150
MCC (Micro Commercial Components),BZT52C13HE3,Active,A R H,Single,,SOD-123,0.5,13,5,0.0001,8,30,170,1,150
MCC (Micro Commercial Components),BZT52C15HE3,Active,A R H,Single,,SOD-123,0.5,15,5,0.0001,10.5,30,200,1,150
MCC (Micro Commercial Components),BZT52C16HE3,Active,A R H,Single,,SOD-123,0.5,16,5,0.0001,11.2,40,200,1,150
MCC (Micro Commercial Components),BZT52C18HE3,Active,A R H,Single,,SOD-123,0.5,18,5,0.0001,12.6,45,225,1,150
MCC (Micro Commercial Components),BZT52C20HE3,Active,A R H,Single,,SOD-123,0.5,20,5,0.0001,14,55,225,1,150
MCC (Micro Commercial Components),BZT52C22HE3,Active,A R H,Single,,SOD-123,0.5,22,5,0.0001,15.4,55,250,1,150
MCC (Micro Commercial Components),BZT52B16HE3,Active,A R H,Single,,SOD-123,0.5,16,5,0.0001,12,40,200,1,150
MCC (Micro Commercial Components),BZT52B18HE3,Active,A R H,Single,,SOD-123,0.5,18,5,0.0001,14,50,225,1,150
MCC (Micro Commercial Components),BZT52B20HE3,Active,A R H,Single,,SOD-123,0.5,20,5,0.0001,15,50,225,1,150
MCC (Micro Commercial Components),BZT52B22HE3,Active,A R H,Single,,SOD-123,0.5,22,5,0.0001,17,55,250,1,150
MCC (Micro Commercial Components),BZT52B24HE3,Active,A R H,Single,,SOD-123,0.5,24,5,0.0001,18,70,250,1,150
MCC (Micro Commercial Components),BZT52B27HE3,Active,A R H,Single,,SOD-123,0.5,27,2,0.0001,20,80,300,1,150
MCC (Micro Commercial Components),BZT52B30HE3,Active,A R H,Single,,SOD-123,0.5,30,2,0.0001,22.5,80,300,1,150
MCC (Micro Commercial Components),BZT52B33HE3,Active,A R H,Single,,SOD-123,0.5,33,2,0.0001,25,80,325,1,150
MCC (Micro Commercial Components),BZT52B36HE3,Active,A R H,Single,,SOD-123,0.5,36,2,0.0001,27,90,350,1,150
MCC (Micro Commercial Components),BZT52B39HE3,Active,A R H,Single,,SOD-123,0.5,39,2,0.0001,29,90,350,1,150
MCC (Micro Commercial Components),BZT52B43HE3,Active,A R H,Single,,SOD-123,0.5,43,2,0.0001,32,100,375,1,150
MCC (Micro Commercial Components),BZT52B47HE3,Active,A R H,Single,,SOD-123,0.5,47,2,0.0001,35,100,375,1,150
MCC (Micro Commercial Components),BZT52B3V6JSHE3,Active,A R H,Single,,SOD-323,0.2,3.6,5,0.0045,1,84,564,1,150
MCC (Micro Commercial Components),BZT52B3V9JSHE3,Active,A R H,Single,,SOD-323,0.2,3.9,5,0.0027,1,84,564,1,150
MCC (Micro Commercial Components),BZT52B4V3JSHE3,Active,A R H,Single,,SOD-323,0.2,4.3,5,0.0027,1,84,564,1,150
MCC (Micro Commercial Components),BZT52B4V7JSHE3,Active,A R H,Single,,SOD-323,0.2,4.7,5,0.0027,2,75,564,1,150
MCC (Micro Commercial Components),BZT52B5V1JSHE3,Active,A R H,Single,,SOD-323,0.2,5.1,5,0.002,2,60,480,1,150
MCC (Micro Commercial Components),BZT52B5V6JSHE3,Active,A R H,Single,,SOD-323,0.2,5.6,5,0.001,2,40,400,1,150
MCC (Micro Commercial Components),BZT52B6V2JSHE3,Active,A R H,Single,,SOD-323,0.2,6.2,5,0.003,4,10,150,1,150
MCC (Micro Commercial Components),BZT52B6V8JSHE3,Active,A R H,Single,,SOD-323,0.2,6.8,5,0.002,4,15,141,1,150
MCC (Micro Commercial Components),BZT52B7V5JSHE3,Active,A R H,Single,,SOD-323,0.2,7.5,5,0.0001,5,15,80,1,150
MCC (Micro Commercial Components),BZT52C24HE3,Active,A R H,Single,,SOD-123,0.5,24,5,0.0001,16.8,70,250,1,150
MCC (Micro Commercial Components),BZT52C27HE3,Active,A R H,Single,,SOD-123,0.5,27,2,0.0001,18.9,80,300,0.5,150
MCC (Micro Commercial Components),BZT52C30HE3,Active,A R H,Single,,SOD-123,0.5,30,2,0.0001,21,80,300,0.5,150
MCC (Micro Commercial Components),BZT52C33HE3,Active,A R H,Single,,SOD-123,0.5,33,2,0.0001,23.1,80,325,0.5,150
MCC (Micro Commercial Components),BZT52C36HE3,Active,A R H,Single,,SOD-123,0.5,36,2,0.0001,25.2,90,350,0.5,150
MCC (Micro Commercial Components),BZT52C39HE3,Active,A R H,Single,,SOD-123,0.5,39,2,0.0001,27.3,130,350,0.5,150
MCC (Micro Commercial Components),BZT52C43HE3,Active,A R H,Single,,SOD-123,0.5,43,5,0.0001,32,100,700,1,150
MCC (Micro Commercial Components),BZT52C47HE3,Active,A R H,Single,,SOD-123,0.5,47,5,0.0001,35,100,750,1,150
MCC (Micro Commercial Components),BZT52C2V4SHE3,Active,A R H,Single,,SOD-323,0.2,2.4,5,0.05,1,100,600,1,150
MCC (Micro Commercial Components),BZT52B3V6HE3,Active,A R H,Single,,SOD-123,0.5,3.6,5,0.015,1,95,600,1,150
MCC (Micro Commercial Components),BZT52B3V9HE3,Active,A R H,Single,,SOD-123,0.5,3.9,5,0.01,1,95,600,1,150
MCC (Micro Commercial Components),BZT52B4V3HE3,Active,A R H,Single,,SOD-123,0.5,4.3,5,0.005,1,95,600,1,150
MCC (Micro Commercial Components),BZT52B4V7HE3,Active,A R H,Single,,SOD-123,0.5,4.7,5,0.005,2,78,500,1,150
MCC (Micro Commercial Components),BZT52B5V1HE3,Active,A R H,Single,,SOD-123,0.5,5.1,5,0.0001,0.8,60,480,1,150
MCC (Micro Commercial Components),BZT52B5V6HE3,Active,A R H,Single,,SOD-123,0.5,5.6,5,0.0001,1,40,400,1,150
MCC (Micro Commercial Components),BZT52B6V2HE3,Active,A R H,Single,,SOD-123,0.5,6.2,5,0.0001,2,10,150,1,150
MCC (Micro Commercial Components),BZT52B6V8HE3,Active,A R H,Single,,SOD-123,0.5,6.8,5,0.0001,3,8,80,1,150
MCC (Micro Commercial Components),BZT52B7V5HE3,Active,A R H,Single,,SOD-123,0.5,7.5,5,0.0001,5,7,80,1,150
MCC (Micro Commercial Components),BZT52B8V2HE3,Active,A R H,Single,,SOD-123,0.5,8.2,5,0.0001,6,7,80,1,150
MCC (Micro Commercial Components),BZT52B9V1HE3,Active,A R H,Single,,SOD-123,0.5,9.1,5,0.0001,7,10,100,1,150
MCC (Micro Commercial Components),BZT52B10HE3,Active,A R H,Single,,SOD-123,0.5,10,5,0.0001,7.5,15,150,1,150
MCC (Micro Commercial Components),BZT52B11HE3,Active,A R H,Single,,SOD-123,0.5,11,5,0.0001,8.5,20,150,1,150
MCC (Micro Commercial Components),BZT52B12HE3,Active,A R H,Single,,SOD-123,0.5,12,5,0.0001,9,20,150,1,150
MCC (Micro Commercial Components),BZT52B13HE3,Active,A R H,Single,,SOD-123,0.5,13,5,0.0001,10,25,170,1,150
MCC (Micro Commercial Components),BZT52B15HE3,Active,A R H,Single,,SOD-123,0.5,15,5,0.0001,11,30,200,1,150
MCC (Micro Commercial Components),BZT52C47SHE3,Active,A R H,Single,,SOD-323,0.2,47,2,0.0001,35,100,750,0.5,150
MCC (Micro Commercial Components),BZX84B4V3HE3,Active,A R H,Single,,SOT-23,0.35,4.3,5,0.003,1,90,600,1,150
MCC (Micro Commercial Components),BZX84B4V7HE3,Active,A R H,Single,,SOT-23,0.35,4.7,5,0.003,2,80,500,1,150
MCC (Micro Commercial Components),BZX84B5V1HE3,Active,A R H,Single,,SOT-23,0.35,5.1,5,0.002,2,60,480,1,150
MCC (Micro Commercial Components),BZX84B5V6HE3,Active,A R H,Single,,SOT-23,0.35,5.6,5,0.001,2,40,400,1,150
MCC (Micro Commercial Components),BZX84B6V2HE3,Active,A R H,Single,,SOT-23,0.35,6.2,5,0.003,4,10,150,1,150
MCC (Micro Commercial Components),BZX84B6V8HE3,Active,A R H,Single,,SOT-23,0.35,6.8,5,0.002,4,15,80,1,150
MCC (Micro Commercial Components),BZX84B7V5HE3,Active,A R H,Single,,SOT-23,0.35,7.5,5,0.001,5,15,80,1,150
MCC (Micro Commercial Components),BZX84B8V2HE3,Active,A R H,Single,,SOT-23,0.35,8.2,5,0.0007,5,15,80,1,150
MCC (Micro Commercial Components),BZX84B9V1HE3,Active,A R H,Single,,SOT-23,0.35,9.1,5,0.0005,6,15,100,1,150
MCC (Micro Commercial Components),BZX84B10HE3,Active,A R H,Single,,SOT-23,0.35,10,5,0.0002,7,20,150,1,150
MCC (Micro Commercial Components),BZX84B11HE3,Active,A R H,Single,,SOT-23,0.35,11,5,0.0001,8,20,150,1,150
MCC (Micro Commercial Components),BZX84B12HE3,Active,A R H,Single,,SOT-23,0.35,12,5,0.0001,8,25,150,1,150
MCC (Micro Commercial Components),BZX84B13HE3,Active,A R H,Single,,SOT-23,0.35,13,5,0.0001,8,30,170,1,150
MCC (Micro Commercial Components),BZX84B15HE3,Active,A R H,Single,,SOT-23,0.35,15,5,0.0001,10.5,30,200,1,150
MCC (Micro Commercial Components),BZT52C2V7SHE3,Active,A R H,Single,,SOD-323,0.2,2.7,5,0.02,1,100,600,1,150
MCC (Micro Commercial Components),BZT52C3V0SHE3,Active,A R H,Single,,SOD-323,0.2,3,5,0.01,1,95,600,1,150
MCC (Micro Commercial Components),BZT52C3V3SHE3,Active,A R H,Single,,SOD-323,0.2,3.3,5,0.005,1,95,600,1,150
MCC (Micro Commercial Components),BZT52C3V6SHE3,Active,A R H,Single,,SOD-323,0.2,3.6,5,0.005,1,90,600,1,150
MCC (Micro Commercial Components),BZT52C3V9SHE3,Active,A R H,Single,,SOD-323,0.2,3.9,5,0.003,1,90,600,1,150
MCC (Micro Commercial Components),BZT52C4V3SHE3,Active,A R H,Single,,SOD-323,0.2,4.3,5,0.003,1,90,600,1,150
MCC (Micro Commercial Components),BZT52C4V7SHE3,Active,A R H,Single,,SOD-323,0.2,4.7,5,0.003,2,80,500,1,150
MCC (Micro Commercial Components),BZT52C5V1SHE3,Active,A R H,Single,,SOD-323,0.2,5.1,5,0.002,2,60,480,1,150
MCC (Micro Commercial Components),BZT52C5V6SHE3,Active,A R H,Single,,SOD-323,0.2,5.6,5,0.001,2,40,400,1,150
MCC (Micro Commercial Components),BZT52C6V2SHE3,Active,A R H,Single,,SOD-323,0.2,6.2,5,0.003,4,10,150,1,150
MCC (Micro Commercial Components),BZT52C6V8SHE3,Active,A R H,Single,,SOD-323,0.2,6.8,5,0.002,4,15,80,1,150
MCC (Micro Commercial Components),BZT52C7V5SHE3,Active,A R H,Single,,SOD-323,0.2,7.5,5,0.001,5,15,80,1,150
MCC (Micro Commercial Components),BZT52C8V2SHE3,Active,A R H,Single,,SOD-323,0.2,8.2,5,0.0007,5,15,80,1,150
MCC (Micro Commercial Components),BZT52C9V1SHE3,Active,A R H,Single,,SOD-323,0.2,9.1,5,0.0005,6,15,100,1,150
MCC (Micro Commercial Components),BZT52C10SHE3,Active,A R H,Single,,SOD-323,0.2,10,5,0.0002,7,20,150,1,150
MCC (Micro Commercial Components),BZT52C11SHE3,Active,A R H,Single,,SOD-323,0.2,11,5,0.0001,8,20,150,1,150
MCC (Micro Commercial Components),BZX84C4V7HE3,Active,A R H,Single,,SOT-23,0.35,4.7,5,0.003,2,80,500,1,150
MCC (Micro Commercial Components),BZX84C5V1HE3,Active,A R H,Single,,SOT-23,0.35,5.1,5,0.002,2,60,480,1,150
MCC (Micro Commercial Components),BZX84C5V6HE3,Active,A R H,Single,,SOT-23,0.35,5.6,5,0.001,2,40,400,1,150
MCC (Micro Commercial Components),BZX84C6V2HE3,Active,A R H,Single,,SOT-23,0.35,6.2,5,0.003,4,10,150,1,150
MCC (Micro Commercial Components),BZX84C6V8HE3,Active,A R H,Single,,SOT-23,0.35,6.8,5,0.002,4,15,80,1,150
MCC (Micro Commercial Components),BZX84C7V5HE3,Active,A R H,Single,,SOT-23,0.35,7.5,5,0.001,5,15,80,1,150
MCC (Micro Commercial Components),BZX84C8V2HE3,Active,A R H,Single,,SOT-23,0.35,8.2,5,0.0007,5,15,80,1,150
MCC (Micro Commercial Components),BZX84C9V1HE3,Active,A R H,Single,,SOT-23,0.35,9.1,5,0.0005,6,15,100,1,150
MCC (Micro Commercial Components),BZX84C10HE3,Active,A R H,Single,,SOT-23,0.35,10,5,0.0002,7,20,150,1,150
MCC (Micro Commercial Components),BZX84C11HE3,Active,A R H,Single,,SOT-23,0.35,11,5,0.0001,8,20,150,1,150
MCC (Micro Commercial Components),BZX84C12HE3,Active,A R H,Single,,SOT-23,0.35,12,5,0.0001,8,25,150,1,150
MCC (Micro Commercial Components),BZX84C13HE3,Active,A R H,Single,,SOT-23,0.35,13,5,0.0001,8,30,170,1,150
MCC (Micro Commercial Components),BZX84C15HE3,Active,A R H,Single,,SOT-23,0.35,15,5,0.0001,10.5,30,200,1,150
MCC (Micro Commercial Components),BZX84C16HE3,Active,A R H,Single,,SOT-23,0.35,16,5,0.0001,11.2,40,200,1,150
MCC (Micro Commercial Components),BZX84C18HE3,Active,A R H,Single,,SOT-23,0.35,18,5,0.0001,12.6,45,225,1,150
MCC (Micro Commercial Components),BZX84C20HE3,Active,A R H,Single,,SOT-23,0.35,20,5,0.0001,14,55,225,1,150
MCC (Micro Commercial Components),BZX584B6V8HE3,Active,A R H,Single,,SOD-523,0.15,6.8,5,0.002,4,15,80,1,150
MCC (Micro Commercial Components),BZX584B7V5HE3,Active,A R H,Single,,SOD-523,0.15,7.5,5,0.001,5,15,80,1,150
MCC (Micro Commercial Components),BZX584B8V2HE3,Active,A R H,Single,,SOD-523,0.15,8.2,5,0.0007,5,15,80,1,150
MCC (Micro Commercial Components),BZX584B9V1HE3,Active,A R H,Single,,SOD-523,0.15,9.1,5,0.0005,6,15,100,1,150
MCC (Micro Commercial Components),BZX584B10HE3,Active,A R H,Single,,SOD-523,0.15,10,5,0.0002,7,20,150,1,150
MCC (Micro Commercial Components),BZX584B11HE3,Active,A R H,Single,,SOD-523,0.15,11,5,0.0001,8,20,150,1,150
MCC (Micro Commercial Components),BZX584B12HE3,Active,A R H,Single,,SOD-523,0.15,12,5,0.0001,8,25,150,1,150
MCC (Micro Commercial Components),BZX584B13HE3,Active,A R H,Single,,SOD-523,0.15,13,5,0.0001,8,30,170,1,150
MCC (Micro Commercial Components),BZX584B15HE3,Active,A R H,Single,,SOD-523,0.15,15,5,0.0001,10.5,30,200,1,150
MCC (Micro Commercial Components),BZX584B16HE3,Active,A R H,Single,,SOD-523,0.15,16,5,0.0001,11.2,40,200,1,150
MCC (Micro Commercial Components),BZX584B18HE3,Active,A R H,Single,,SOD-523,0.15,18,5,0.0001,12.6,45,225,1,150
MCC (Micro Commercial Components),BZX584B20HE3,Active,A R H,Single,,SOD-523,0.15,20,5,0.0001,14,55,225,1,150
MCC (Micro Commercial Components),BZX584B22HE3,Active,A R H,Single,,SOD-523,0.15,22,5,0.0001,15.4,55,250,1,150
MCC (Micro Commercial Components),BZX584B24HE3,Active,A R H,Single,,SOD-523,0.15,24,5,0.0001,16.8,70,250,1,150
MCC (Micro Commercial Components),BZX584B27HE3,Active,A R H,Single,,SOD-523,0.15,27,2,0.0001,18.9,80,300,0.5,150
MCC (Micro Commercial Components),BZX584B30HE3,Active,A R H,Single,,SOD-523,0.15,30,2,0.0001,21,80,300,0.5,150
MCC (Micro Commercial Components),MMSZ5239BHE3,Active,A R H,Single,,SOD-123,0.5,9.1,20,0.003,7,10,600,0.25,150
MCC (Micro Commercial Components),MMSZ5240BHE3,Active,A R H,Single,,SOD-123,0.5,10,20,0.003,8,17,600,0.25,150
MCC (Micro Commercial Components),MMSZ5241BHE3,Active,A R H,Single,,SOD-123,0.5,11,20,0.002,8.4,22,600,0.25,150
MCC (Micro Commercial Components),MMSZ5242BHE3,Active,A R H,Single,,SOD-123,0.5,12,20,0.001,9.1,30,600,0.25,150
MCC (Micro Commercial Components),MMSZ5243BHE3,Active,A R H,Single,,SOD-123,0.5,13,9.5,0.0005,9.9,13,600,0.25,150
MCC (Micro Commercial Components),MMSZ5244BHE3,Active,A R H,Single,,SOD-123,0.5,14,9,0.0001,10.5,15,600,0.25,150
MCC (Micro Commercial Components),MMSZ5245BHE3,Active,A R H,Single,,SOD-123,0.5,15,8.5,0.0001,11,16,600,0.25,150
MCC (Micro Commercial Components),MMSZ5246BHE3,Active,A R H,Single,,SOD-123,0.5,16,7.8,0.0001,12,17,600,0.25,150
MCC (Micro Commercial Components),MMSZ5248BHE3,Active,A R H,Single,,SOD-123,0.5,18,7,0.0001,14,21,600,0.25,150
MCC (Micro Commercial Components),MMSZ5250BHE3,Active,A R H,Single,,SOD-123,0.5,20,6.2,0.0001,15,25,600,0.25,150
MCC (Micro Commercial Components),MMSZ5251BHE3,Active,A R H,Single,,SOD-123,0.5,22,5.6,0.0001,17,29,600,0.25,150
MCC (Micro Commercial Components),MMSZ5252BHE3,Active,A R H,Single,,SOD-123,0.5,24,5.2,0.0001,18,33,600,0.25,150
MCC (Micro Commercial Components),MMSZ5254BHE3,Active,A R H,Single,,SOD-123,0.5,27,4.6,0.0001,21,41,600,0.25,150
MCC (Micro Commercial Components),MMSZ5256BHE3,Active,A R H,Single,,SOD-123,0.5,30,4.2,0.0001,23,49,600,0.25,150
MCC (Micro Commercial Components),DZ23C2V4HE3,Active,A R H,Dual,,SOT-23,0.3,2.4,5,0.1,1,85,600,1,150
MCC (Micro Commercial Components),DZ23C2V7HE3,Active,A R H,Dual,,SOT-23,0.3,2.7,5,0.075,1,83,600,1,150
MCC (Micro Commercial Components),DZ23C3V0HE3,Active,A R H,Dual,,SOT-23,0.3,3,5,0.05,1,95,600,1,150
MCC (Micro Commercial Components),DZ23C3V3HE3,Active,A R H,Dual,,SOT-23,0.3,3.3,5,0.025,1,95,600,1,150
MCC (Micro Commercial Components),DZ23C3V6HE3,Active,A R H,Dual,,SOT-23,0.3,3.6,5,0.015,1,95,600,1,150
MCC (Micro Commercial Components),DZ23C3V9HE3,Active,A R H,Dual,,SOT-23,0.3,3.9,5,0.01,1,95,600,1,150
MCC (Micro Commercial Components),DZ23C4V3HE3,Active,A R H,Dual,,SOT-23,0.3,4.3,5,0.005,1,95,600,1,150
MCC (Micro Commercial Components),DZ23C4V7HE3,Active,A R H,Dual,,SOT-23,0.3,4.7,5,0.005,2,78,500,1,150
MCC (Micro Commercial Components),DZ23C5V1HE3,Active,A R H,Dual,,SOT-23,0.3,5.1,5,0.0001,0.8,60,480,1,150
MCC (Micro Commercial Components),DZ23C5V6HE3,Active,A R H,Dual,,SOT-23,0.3,5.6,5,0.0001,1,40,400,1,150
MCC (Micro Commercial Components),DZ23C6V2HE3,Active,A R H,Dual,,SOT-23,0.3,6.2,5,0.0001,2,10,150,1,150
MCC (Micro Commercial Components),DZ23C6V8HE3,Active,A R H,Dual,,SOT-23,0.3,6.8,5,0.0001,3,8,80,1,150
MCC (Micro Commercial Components),DZ23C7V5HE3,Active,A R H,Dual,,SOT-23,0.3,7.5,5,0.0001,5,7,80,1,150
MCC (Micro Commercial Components),DZ23C8V2HE3,Active,A R H,Dual,,SOT-23,0.3,8.2,5,0.0001,6,7,80,1,150
MCC (Micro Commercial Components),DZ23C9V1HE3,Active,A R H,Dual,,SOT-23,0.3,9.1,5,0.0001,7,10,100,1,150
MCC (Micro Commercial Components),DZ23C10HE3,Active,A R H,Dual,,SOT-23,0.3,10,5,0.0001,7.5,15,150,1,150
MCC (Micro Commercial Components),DZ23C11HE3,Active,A R H,Dual,,SOT-23,0.3,11,5,0.0001,8.5,20,150,1,150
MCC (Micro Commercial Components),DZ23C12HE3,Active,A R H,Dual,,SOT-23,0.3,12,5,0.0001,9,20,150,1,150
MCC (Micro Commercial Components),DZ23C13HE3,Active,A R H,Dual,,SOT-23,0.3,13,5,0.0001,10,25,170,1,150
MCC (Micro Commercial Components),DZ23C15HE3,Active,A R H,Dual,,SOT-23,0.3,15,5,0.0001,11,30,200,1,150
MCC (Micro Commercial Components),DZ23C16HE3,Active,A R H,Dual,,SOT-23,0.3,16,5,0.0001,12,40,200,1,150
MCC (Micro Commercial Components),DZ23C18HE3,Active,A R H,Dual,,SOT-23,0.3,18,5,0.0001,14,50,225,1,150
MCC (Micro Commercial Components),DZ23C20HE3,Active,A R H,Dual,,SOT-23,0.3,20,5,0.0001,15,50,225,1,150
MCC (Micro Commercial Components),DZ23C22HE3,Active,A R H,Dual,,SOT-23,0.3,22,5,0.0001,17,55,250,1,150
MCC (Micro Commercial Components),DZ23C24HE3,Active,A R H,Dual,,SOT-23,0.3,24,5,0.0001,18,80,250,1,150
MCC (Micro Commercial Components),DZ23C27HE3,Active,A R H,Dual,,SOT-23,0.3,27,5,0.0001,20,80,300,1,150
MCC (Micro Commercial Components),DZ23C30HE3,Active,A R H,Dual,,SOT-23,0.3,30,5,0.0001,22.5,80,300,1,150
MCC (Micro Commercial Components),DZ23C33HE3,Active,A R H,Dual,,SOT-23,0.3,33,5,0.0001,25,80,325,1,150
MCC (Micro Commercial Components),DZ23C36HE3,Active,A R H,Dual,,SOT-23,0.3,36,5,0.0001,27,90,350,1,150
MCC (Micro Commercial Components),DZ23C39HE3,Active,A R H,Dual,,SOT-23,0.3,39,5,0.0001,29,90,350,1,150
MCC (Micro Commercial Components),DZ23C43HE3,Active,A R H,Dual,,SOT-23,0.3,43,5,0.0001,32,100,700,1,150
MCC (Micro Commercial Components),DZ23C47HE3,Active,A R H,Dual,,SOT-23,0.3,47,5,0.0001,35,100,750,1,150
MCC (Micro Commercial Components),1N5334B,Active,R,Single,,DO-15,5,3.6,350,0.15,1,2.5,500,1,150
MCC (Micro Commercial Components),AZ23B3V6HE3,Active,A R H,Dual,,SOT-23,0.3,3.6,5,0.005,1,90,600,1,150
MCC (Micro Commercial Components),AZ23B3V9HE3,Active,A R H,Dual,,SOT-23,0.3,3.9,5,0.003,1,90,600,1,150
MCC (Micro Commercial Components),AZ23B4V3HE3,Active,A R H,Dual,,SOT-23,0.3,4.3,5,0.003,1,90,600,1,150
MCC (Micro Commercial Components),AZ23B4V7HE3,Active,A R H,Dual,,SOT-23,0.3,4.7,5,0.003,2,80,500,1,150
MCC (Micro Commercial Components),AZ23B5V1HE3,Active,A R H,Dual,,SOT-23,0.3,5.1,5,0.002,2,60,480,1,150
MCC (Micro Commercial Components),AZ23B5V6HE3,Active,A R H,Dual,,SOT-23,0.3,5.6,5,0.001,2,40,400,1,150
MCC (Micro Commercial Components),AZ23B6V8HE3,Active,A R H,Dual,,SOT-23,0.3,6.8,5,0.002,4,15,80,1,150
MCC (Micro Commercial Components),AZ23B8V2HE3,Active,A R H,Dual,,SOT-23,0.3,8.2,5,0.0007,5,15,80,1,150
MCC (Micro Commercial Components),AZ23B10HE3,Active,A R H,Dual,,SOT-23,0.3,10,5,0.0002,7,20,150,1,150
MCC (Micro Commercial Components),AZ23B13HE3,Active,A R H,Dual,,SOT-23,0.3,13,5,0.0001,8,30,170,1,150
MCC (Micro Commercial Components),AZ23B15HE3,Active,A R H,Dual,,SOT-23,0.3,15,5,0.0001,10.5,30,200,1,150
MCC (Micro Commercial Components),AZ23B16HE3,Active,A R H,Dual,,SOT-23,0.3,16,5,0.0001,11.2,40,200,1,150
MCC (Micro Commercial Components),AZ23B6V2HE3,Active,A R H,Dual,,SOT-23,0.3,6.2,5,0.003,4,10,150,1,150
MCC (Micro Commercial Components),AZ23B7V5HE3,Active,A R H,Dual,,SOT-23,0.3,7.5,5,0.001,5,15,80,1,150
MCC (Micro Commercial Components),AZ23B9V1HE3,Active,A R H,Dual,,SOT-23,0.3,9.1,5,0.0005,6,15,100,1,150
MCC (Micro Commercial Components),AZ23B11HE3,Active,A R H,Dual,,SOT-23,0.3,11,5,0.0001,8,20,150,1,150
MCC (Micro Commercial Components),AZ23B18HE3,Active,A R H,Dual,,SOT-23,0.3,18,5,0.0001,12.6,45,225,1,150
MCC (Micro Commercial Components),AZ23B20HE3,Active,A R H,Dual,,SOT-23,0.3,20,5,0.0001,14,55,225,1,150
MCC (Micro Commercial Components),AZ23B22HE3,Active,A R H,Dual,,SOT-23,0.3,22,5,0.0001,15.4,55,250,1,150
MCC (Micro Commercial Components),AZ23B24HE3,Active,A R H,Dual,,SOT-23,0.3,24,5,0.0001,16.8,70,250,1,150
MCC (Micro Commercial Components),AZ23B12HE3,Active,A R H,Dual,,SOT-23,0.3,12,5,0.0001,8,25,150,1,150
MCC (Micro Commercial Components),AZ23B27HE3,Active,A R H,Dual,,SOT-23,0.3,27,2,0.0001,18.9,80,300,0.5,150
MCC (Micro Commercial Components),AZ23B30HE3,Active,A R H,Dual,,SOT-23,0.3,30,2,0.0001,21,80,300,0.5,150
MCC (Micro Commercial Components),AZ23B33HE3,Active,A R H,Dual,,SOT-23,0.3,33,2,0.0001,23.1,80,325,0.5,150
MCC (Micro Commercial Components),AZ23B36HE3,Active,A R H,Dual,,SOT-23,0.3,36,2,0.0001,25.2,90,350,0.5,150
MCC (Micro Commercial Components),AZ23B39HE3,Active,A R H,Dual,,SOT-23,0.3,39,2,0.0001,27.3,130,350,0.5,150
MCC (Micro Commercial Components),AZ23C39HE3,Active,A R H,Dual,,SOT-23,0.3,39,2,0.0001,27.3,130,350,0.5,150
MCC (Micro Commercial Components),AZ23C2V4HE3,Active,A R H,Dual,,SOT-23,0.3,2.4,5,0.05,1,100,600,1,150
MCC (Micro Commercial Components),AZ23C2V7HE3,Active,A R H,Dual,,SOT-23,0.3,2.7,5,0.02,1,100,600,1,150
MCC (Micro Commercial Components),AZ23C3V0HE3,Active,A R H,Dual,,SOT-23,0.3,3,5,0.01,1,95,600,1,150
MCC (Micro Commercial Components),AZ23C3V3HE3,Active,A R H,Dual,,SOT-23,0.3,3.3,5,0.005,1,95,600,1,150
MCC (Micro Commercial Components),AZ23C3V6HE3,Active,A R H,Dual,,SOT-23,0.3,3.6,5,0.005,1,90,600,1,150
MCC (Micro Commercial Components),AZ23C3V9HE3,Active,A R H,Dual,,SOT-23,0.3,3.9,5,0.003,1,90,600,1,150
MCC (Micro Commercial Components),AZ23C4V3HE3,Active,A R H,Dual,,SOT-23,0.3,4.3,5,0.003,1,90,600,1,150
MCC (Micro Commercial Components),AZ23C4V7HE3,Active,A R H,Dual,,SOT-23,0.3,4.7,5,0.003,2,80,500,1,150
MCC (Micro Commercial Components),AZ23C5V1HE3,Active,A R H,Dual,,SOT-23,0.3,5.1,5,0.002,2,60,480,1,150
MCC (Micro Commercial Components),AZ23C5V6HE3,Active,A R H,Dual,,SOT-23,0.3,5.6,5,0.001,2,40,400,1,150
MCC (Micro Commercial Components),AZ23C6V2HE3,Active,A R H,Dual,,SOT-23,0.3,6.2,5,0.003,4,10,150,1,150
MCC (Micro Commercial Components),AZ23C6V8HE3,Active,A R H,Dual,,SOT-23,0.3,6.8,5,0.002,4,15,80,1,150
MCC (Micro Commercial Components),AZ23C7V5HE3,Active,A R H,Dual,,SOT-23,0.3,7.5,5,0.001,5,15,80,1,150
MCC (Micro Commercial Components),AZ23C8V2HE3,Active,A R H,Dual,,SOT-23,0.3,8.2,5,0.0007,5,15,80,1,150
MCC (Micro Commercial Components),AZ23C9V1HE3,Active,A R H,Dual,,SOT-23,0.3,9.1,5,0.0005,6,15,100,1,150
MCC (Micro Commercial Components),AZ23C10HE3,Active,A R H,Dual,,SOT-23,0.3,10,5,0.0002,7,20,150,1,150
MCC (Micro Commercial Components),AZ23C11HE3,Active,A R H,Dual,,SOT-23,0.3,11,5,0.0001,8,20,150,1,150
MCC (Micro Commercial Components),AZ23C12HE3,Active,A R H,Dual,,SOT-23,0.3,12,5,0.0001,8,25,150,1,150
MCC (Micro Commercial Components),AZ23C13HE3,Active,A R H,Dual,,SOT-23,0.3,13,5,0.0001,8,30,170,1,150
MCC (Micro Commercial Components),AZ23C15HE3,Active,A R H,Dual,,SOT-23,0.3,15,5,0.0001,10.5,30,200,1,150
MCC (Micro Commercial Components),AZ23C16HE3,Active,A R H,Dual,,SOT-23,0.3,16,5,0.0001,11.2,40,200,1,150
MCC (Micro Commercial Components),AZ23C18HE3,Active,A R H,Dual,,SOT-23,0.3,18,5,0.0001,12.6,45,225,1,150
MCC (Micro Commercial Components),AZ23C20HE3,Active,A R H,Dual,,SOT-23,0.3,20,5,0.0001,14,55,225,1,150
MCC (Micro Commercial Components),AZ23C22HE3,Active,A R H,Dual,,SOT-23,0.3,22,5,0.0001,15.4,55,250,1,150
MCC (Micro Commercial Components),AZ23C24HE3,Active,A R H,Dual,,SOT-23,0.3,24,5,0.0001,16.8,70,250,1,150
MCC (Micro Commercial Components),AZ23C27HE3,Active,A R H,Dual,,SOT-23,0.3,27,2,0.0001,18.9,80,300,0.5,150
MCC (Micro Commercial Components),AZ23C30HE3,Active,A R H,Dual,,SOT-23,0.3,30,2,0.0001,21,80,300,0.5,150
MCC (Micro Commercial Components),AZ23C33HE3,Active,A R H,Dual,,SOT-23,0.3,33,2,0.0001,23.1,80,325,0.5,150
MCC (Micro Commercial Components),AZ23C36HE3,Active,A R H,Dual,,SOT-23,0.3,36,2,0.0001,25.2,90,350,0.5,150
MCC (Micro Commercial Components),BZT52C75SHE3,Active,A R H,Single,,SOD-323,0.3,75,2,0.00005,52.5,255,500,0.5,150
MCC (Micro Commercial Components),BZT52C2V0,Active,R H,Single,,SOD-123,0.5,2,5,0.09,1,100,600,1,150
MCC (Micro Commercial Components),BZT52C2V0S,Active,R H,Single,,SOD-323,0.2,2,5,0.09,1,100,600,1,150
MCC (Micro Commercial Components),BZX84C6V2WHE3,Active,A R H,Single,,SOT-323,0.2,6.2,5,0.003,4,10,150,1,150
MCC (Micro Commercial Components),BZX84C6V8WHE3,Active,A R H,Single,,SOT-323,0.2,6.8,5,0.002,4,15,80,1,150
MCC (Micro Commercial Components),BZX84C7V5WHE3,Active,A R H,Single,,SOT-323,0.2,7.5,5,0.001,5,15,80,1,150
MCC (Micro Commercial Components),BZX84C8V2WHE3,Active,A R H,Single,,SOT-323,0.2,8.2,5,0.0007,5,15,80,1,150
MCC (Micro Commercial Components),BZX84C9V1WHE3,Active,A R H,Single,,SOT-323,0.2,9.1,5,0.0005,6,15,100,1,150
MCC (Micro Commercial Components),BZX84C10WHE3,Active,A R H,Single,,SOT-323,0.2,10,5,0.0002,7,20,150,1,150
MCC (Micro Commercial Components),BZX84C3V6WHE3,Active,A R H,Single,,SOT-323,0.2,3.6,5,0.005,1,90,600,1,150
MCC (Micro Commercial Components),BZX84C3V9WHE3,Active,A R H,Single,,SOT-323,0.2,3.9,5,0.003,1,90,600,1,150
MCC (Micro Commercial Components),BZX84C4V3WHE3,Active,A R H,Single,,SOT-323,0.2,4.3,5,0.003,1,90,600,1,150
MCC (Micro Commercial Components),BZX84C4V7WHE3,Active,A R H,Single,,SOT-323,0.2,4.7,5,0.003,2,80,500,1,150
MCC (Micro Commercial Components),BZX84C5V1WHE3,Active,A R H,Single,,SOT-323,0.2,5.1,5,0.002,2,60,480,1,150
MCC (Micro Commercial Components),BZX84C5V6WHE3,Active,A R H,Single,,SOT-323,0.2,5.6,5,0.001,2,40,400,1,150
MCC (Micro Commercial Components),BZX84C36WHE3,Active,A R H,Single,,SOT-323,0.2,36,2,0.0001,25.2,90,350,0.5,150
MCC (Micro Commercial Components),BZX84C39WHE3,Active,A R H,Single,,SOT-323,0.2,39,2,0.0001,27.3,130,350,0.5,150
MCC (Micro Commercial Components),BZX84C2V4WHE3,Active,A R H,Single,,SOT-323,0.2,2.4,5,0.05,1,100,600,1,150
MCC (Micro Commercial Components),BZX84C2V7WHE3,Active,A R H,Single,,SOT-323,0.2,2.7,5,0.02,1,100,600,1,150
MCC (Micro Commercial Components),BZX84C3V0WHE3,Active,A R H,Single,,SOT-323,0.2,3,5,0.01,1,95,600,1,150
MCC (Micro Commercial Components),BZX84C3V3WHE3,Active,A R H,Single,,SOT-323,0.2,3.3,5,0.005,1,95,600,1,150
MCC (Micro Commercial Components),BZX84C20WHE3,Active,A R H,Single,,SOT-323,0.2,20,5,0.0001,14,55,225,1,150
MCC (Micro Commercial Components),BZX84C22WHE3,Active,A R H,Single,,SOT-323,0.2,22,5,0.0001,15.4,55,250,1,150
MCC (Micro Commercial Components),BZX84C24WHE3,Active,A R H,Single,,SOT-323,0.2,24,5,0.0001,16.8,70,250,1,150
MCC (Micro Commercial Components),BZX84C27WHE3,Active,A R H,Single,,SOT-323,0.2,27,2,0.0001,18.9,80,300,0.5,150
MCC (Micro Commercial Components),BZX84C30WHE3,Active,A R H,Single,,SOT-323,0.2,30,2,0.0001,21,80,300,0.5,150
MCC (Micro Commercial Components),BZX84C33WHE3,Active,A R H,Single,,SOT-323,0.2,33,2,0.0001,23.1,80,325,0.5,150
MCC (Micro Commercial Components),BZX84C11WHE3,Active,A R H,Single,,SOT-323,0.2,11,5,0.0001,8,20,150,1,150
MCC (Micro Commercial Components),BZX84C12WHE3,Active,A R H,Single,,SOT-323,0.2,12,5,0.0001,8,25,150,1,150
MCC (Micro Commercial Components),BZX84C13WHE3,Active,A R H,Single,,SOT-323,0.2,13,5,0.0001,8,30,170,1,150
MCC (Micro Commercial Components),BZX84C15WHE3,Active,A R H,Single,,SOT-323,0.2,15,5,0.0001,10.5,30,200,1,150
MCC (Micro Commercial Components),BZX84C16WHE3,Active,A R H,Single,,SOT-323,0.2,16,5,0.0001,11.2,40,200,1,150
MCC (Micro Commercial Components),BZX84C18WHE3,Active,A R H,Single,,SOT-323,0.2,18,5,0.0001,12.6,45,225,1,150
MCC (Micro Commercial Components),AZ23C20WHE3,Active,A R H,Dual,,SOT-323,0.2,20,5,0.0001,14,55,225,1,150
MCC (Micro Commercial Components),AZ23C22WHE3,Active,A R H,Dual,,SOT-323,0.2,22,5,0.0001,15.4,55,250,1,150
MCC (Micro Commercial Components),AZ23C24WHE3,Active,A R H,Dual,,SOT-323,0.2,24,5,0.0001,16.8,70,250,1,150
MCC (Micro Commercial Components),AZ23C27WHE3,Active,A R H,Dual,,SOT-323,0.2,27,2,0.0001,18.9,80,300,0.5,150
MCC (Micro Commercial Components),AZ23C30WHE3,Active,A R H,Dual,,SOT-323,0.2,30,2,0.0001,21,80,300,0.5,150
MCC (Micro Commercial Components),AZ23C33WHE3,Active,A R H,Dual,,SOT-323,0.2,33,2,0.0001,23.1,80,325,0.5,150
MCC (Micro Commercial Components),AZ23C11WHE3,Active,A R H,Dual,,SOT-323,0.2,11,5,0.0001,8,20,150,1,150
MCC (Micro Commercial Components),AZ23C12WHE3,Active,A R H,Dual,,SOT-323,0.2,12,5,0.0001,8,25,150,1,150
MCC (Micro Commercial Components),AZ23C13WHE3,Active,A R H,Dual,,SOT-323,0.2,13,5,0.0001,8,30,170,1,150
MCC (Micro Commercial Components),AZ23C15WHE3,Active,A R H,Dual,,SOT-323,0.2,15,5,0.0001,10.5,30,200,1,150
MCC (Micro Commercial Components),AZ23C16WHE3,Active,A R H,Dual,,SOT-323,0.2,16,5,0.0001,11.2,40,200,1,150
MCC (Micro Commercial Components),AZ23C18WHE3,Active,A R H,Dual,,SOT-323,0.2,17.95,5,0.0001,12.6,45,225,1,150
MCC (Micro Commercial Components),AZ23C6V2WHE3,Active,A R H,Dual,,SOT-323,0.2,6.2,5,0.003,4,10,150,1,150
MCC (Micro Commercial Components),AZ23C6V8WHE3,Active,A R H,Dual,,SOT-323,0.2,6.8,5,0.002,4,15,80,1,150
MCC (Micro Commercial Components),AZ23C7V5WHE3,Active,A R H,Dual,,SOT-323,0.2,7.45,5,0.001,5,15,80,1,150
MCC (Micro Commercial Components),AZ23C8V2WHE3,Active,A R H,Dual,,SOT-323,0.2,8.2,5,0.0007,5,15,80,1,150
MCC (Micro Commercial Components),AZ23C9V1WHE3,Active,A R H,Dual,,SOT-323,0.2,9.05,5,0.0005,6,15,100,1,150
MCC (Micro Commercial Components),AZ23C10WHE3,Active,A R H,Dual,,SOT-323,0.2,10,5,0.0002,7,20,150,1,150
MCC (Micro Commercial Components),AZ23C3V6WHE3,Active,A R H,Dual,,SOT-323,0.2,3.6,5,0.005,1,90,600,1,150
MCC (Micro Commercial Components),AZ23C3V9WHE3,Active,A R H,Dual,,SOT-323,0.2,3.9,5,0.003,1,90,600,1,150
MCC (Micro Commercial Components),AZ23C4V3WHE3,Active,A R H,Dual,,SOT-323,0.2,4.3,5,0.003,1,90,600,1,150
MCC (Micro Commercial Components),AZ23C4V7WHE3,Active,A R H,Dual,,SOT-323,0.2,4.7,5,0.003,2,80,500,1,150
MCC (Micro Commercial Components),AZ23C5V1WHE3,Active,A R H,Dual,,SOT-323,0.2,5.1,5,0.002,2,60,480,1,150
MCC (Micro Commercial Components),AZ23C5V6WHE3,Active,A R H,Dual,,SOT-323,0.2,5.6,5,0.001,2,40,400,1,150
MCC (Micro Commercial Components),AZ23C36WHE3,Active,A R H,Dual,,SOT-323,0.2,36,2,0.0001,25.2,90,350,0.5,150
MCC (Micro Commercial Components),AZ23C39WHE3,Active,A R H,Dual,,SOT-323,0.2,39,2,0.0001,27.3,130,350,0.5,150
MCC (Micro Commercial Components),AZ23C2V4WHE3,Active,A R H,Dual,,SOT-323,0.2,2.4,5,0.05,1,100,600,1,150
MCC (Micro Commercial Components),AZ23C2V7WHE3,Active,A R H,Dual,,SOT-323,0.2,2.7,5,0.02,1,100,600,1,150
MCC (Micro Commercial Components),AZ23C3V0WHE3,Active,A R H,Dual,,SOT-323,0.2,3,5,0.01,1,95,600,1,150
MCC (Micro Commercial Components),AZ23C3V3WHE3,Active,A R H,Dual,,SOT-323,0.2,3.3,5,0.005,1,95,600,1,150
MCC (Micro Commercial Components),SMA2Z6.8AQ,Active,A R H,Single,,SMA,2,6.8,73.5,0.01,4,2,700,1,175
MCC (Micro Commercial Components),SMA2Z62AQ,Active,A R H,Single,,SMA,2,62,8.1,0.0005,47.1,60,2000,0.25,175
MCC (Micro Commercial Components),SMA2Z75AQ,Active,A R H,Single,,SMA,2,75,6.7,0.0005,56,90,2000,0.25,175
MCC (Micro Commercial Components),SMA2Z91AQ,Active,A R H,Single,,SMA,2,91,5.5,0.0005,69.2,125,3000,0.25,175
MCC (Micro Commercial Components),SMA2Z110AQ,Active,A R H,Single,,SMA,2,110,4.5,0.0005,83.6,250,4000,0.25,175
MCC (Micro Commercial Components),SMA2Z130AQ,Active,A R H,Single,,SMA,2,130,3.8,0.0005,98.8,400,5000,0.25,175
MCC (Micro Commercial Components),SMA2Z82AQ,Active,A R H,Single,,SMA,2,82,6.1,0.0005,62.2,100,3000,0.25,175
MCC (Micro Commercial Components),SMA2Z150AQ,Active,A R H,Single,,SMA,2,150,3.3,0.0005,114,575,6000,0.25,175
MCC (Micro Commercial Components),SMA2Z160AQ,Active,A R H,Single,,SMA,2,160,3.1,0.0005,121.6,650,6500,0.25,175
MCC (Micro Commercial Components),SMA2Z180AQ,Active,A R H,Single,,SMA,2,180,2.8,0.0005,136.8,725,7000,0.25,175
MCC (Micro Commercial Components),SMA2Z190AQ,Active,A R H,Single,,SMA,2,190,2.6,0.0005,144.8,825,8000,0.25,175
MCC (Micro Commercial Components),SMA2Z220AQ,Active,A R H,Single,,SMA,2,220,2,0.0005,167,2000,8500,0.25,175
MCC (Micro Commercial Components),SMA2Z68AQ,Active,A R H,Single,,SMA,2,68,7.4,0.0005,51.7,75,2000,0.25,175
MCC (Micro Commercial Components),SMA2Z47AQ,Active,A R H,Single,,SMA,2,47,10.6,0.0005,35.8,40,1500,0.25,175
MCC (Micro Commercial Components),SMA2Z51AQ,Active,A R H,Single,,SMA,2,51,9.8,0.0005,38.8,48,1500,0.25,175
MCC (Micro Commercial Components),SMA2Z56AQ,Active,A R H,Single,,SMA,2,56,9,0.0005,42.6,55,2000,0.25,175
MCC (Micro Commercial Components),SMA2Z100AQ,Active,A R H,Single,,SMA,2,100,5,0.0005,76,175,3000,0.25,175
MCC (Micro Commercial Components),SMA2Z120AQ,Active,A R H,Single,,SMA,2,120,4.2,0.0005,91.2,325,4500,0.25,175
MCC (Micro Commercial Components),SMA2Z140AQ,Active,A R H,Single,,SMA,2,140,3.6,0.0005,106.4,500,5500,0.25,175
MCC (Micro Commercial Components),SMA2Z27AQ,Active,A R H,Single,,SMA,2,27,18.5,0.0005,20.6,18,750,0.25,175
MCC (Micro Commercial Components),SMA2Z30AQ,Active,A R H,Single,,SMA,2,30,16.6,0.0005,22.5,20,1000,0.25,175
MCC (Micro Commercial Components),SMA2Z33AQ,Active,A R H,Single,,SMA,2,33,15.1,0.0005,25.1,23,1000,0.25,175
MCC (Micro Commercial Components),SMA2Z36AQ,Active,A R H,Single,,SMA,2,36,13.9,0.0005,27.4,25,1000,0.25,175
MCC (Micro Commercial Components),SMA2Z39AQ,Active,A R H,Single,,SMA,2,39,12.8,0.0005,29.7,30,1000,0.25,175
MCC (Micro Commercial Components),SMA2Z43AQ,Active,A R H,Single,,SMA,2,43,11.6,0.0005,32.7,35,1500,0.25,175
MCC (Micro Commercial Components),SMA2Z17AQ,Active,A R H,Single,,SMA,2,17,29.4,0.0005,13,9,750,0.25,175
MCC (Micro Commercial Components),SMA2Z18AQ,Active,A R H,Single,,SMA,2,18,27.8,0.0005,13.7,10,750,0.25,175
MCC (Micro Commercial Components),SMA2Z19AQ,Active,A R H,Single,,SMA,2,19,26.3,0.0005,14.4,11,750,0.25,175
MCC (Micro Commercial Components),SMA2Z20AQ,Active,A R H,Single,,SMA,2,20,25,0.0005,15.2,11,750,0.25,175
MCC (Micro Commercial Components),SMA2Z22AQ,Active,A R H,Single,,SMA,2,22,22.8,0.0005,16.7,12,750,0.25,175
MCC (Micro Commercial Components),SMA2Z24AQ,Active,A R H,Single,,SMA,2,24,20.8,0.0005,18.2,13,750,0.25,175
MCC (Micro Commercial Components),SMA2Z11AQ,Active,A R H,Single,,SMA,2,11,45.5,0.001,8.4,4,700,0.25,175
MCC (Micro Commercial Components),SMA2Z12AQ,Active,A R H,Single,,SMA,2,12,41.5,0.001,9.1,4.5,700,0.25,175
MCC (Micro Commercial Components),SMA2Z13AQ,Active,A R H,Single,,SMA,2,13,38.5,0.0005,9.9,5,700,0.25,175
MCC (Micro Commercial Components),SMA2Z14AQ,Active,A R H,Single,,SMA,2,14,35.7,0.0005,10.6,5.5,700,0.25,175
MCC (Micro Commercial Components),SMA2Z15AQ,Active,A R H,Single,,SMA,2,15,33.4,0.0005,11.4,7,700,0.25,175
MCC (Micro Commercial Components),SMA2Z16AQ,Active,A R H,Single,,SMA,2,16,31.2,0.0005,12.2,8,700,0.25,175
MCC (Micro Commercial Components),SMA2Z170AQ,Active,A R H,Single,,SMA,2,170,2.9,0.0005,130.4,675,7000,0.25,175
MCC (Micro Commercial Components),SMA2Z200AQ,Active,A R H,Single,,SMA,2,200,2.5,0.0005,152,1900,9990,0.25,175
MCC (Micro Commercial Components),SMA2Z7.5AQ,Active,A R H,Single,,SMA,2,7.5,66.5,0.01,5,2,700,0.5,175
MCC (Micro Commercial Components),SMA2Z8.2AQ,Active,A R H,Single,,SMA,2,8.2,61,0.01,6,2.3,700,0.5,175
MCC (Micro Commercial Components),SMA2Z10AQ,Active,A R H,Single,,SMA,2,10,50,0.01,7.6,3.5,700,0.25,175
MCC (Micro Commercial Components),SMAJ4735AQ,Active,A R H,Single,,SMA,1,6.2,41,0.01,3,2,700,1,175
MCC (Micro Commercial Components),SMAJ4736AQ,Active,A R H,Single,,SMA,1,6.8,37,0.01,4,3.5,700,1,175
MCC (Micro Commercial Components),SMAJ4737AQ,Active,A R H,Single,,SMA,1,7.5,34,0.01,5,4,700,0.5,175
MCC (Micro Commercial Components),SMAJ4738AQ,Active,A R H,Single,,SMA,1,8.2,31,0.01,6,4.5,700,0.5,175
MCC (Micro Commercial Components),SMAJ4739AQ,Active,A R H,Single,,SMA,1,9.1,28,0.01,7,5,700,0.5,175
MCC (Micro Commercial Components),SMAJ4740AQ,Active,A R H,Single,,SMA,1,10,25,0.01,7.6,7,700,0.25,175
MCC (Micro Commercial Components),SMAJ4759AQ,Active,A R H,Single,,SMA,1,62,4,0.005,47.1,125,2000,0.25,175
MCC (Micro Commercial Components),SMAJ4760AQ,Active,A R H,Single,,SMA,1,68,3.7,0.005,51.7,150,2000,0.25,175
MCC (Micro Commercial Components),SMAJ4761AQ,Active,A R H,Single,,SMA,1,75,3.3,0.005,56,175,2000,0.25,175
MCC (Micro Commercial Components),SMAJ4762AQ,Active,A R H,Single,,SMA,1,82,3,0.005,62.2,200,3000,0.25,175
MCC (Micro Commercial Components),SMAJ4763AQ,Active,A R H,Single,,SMA,1,91,2.8,0.005,69.2,250,3000,0.25,175
MCC (Micro Commercial Components),SMAJ4764AQ,Active,A R H,Single,,SMA,1,100,2.5,0.005,76,350,3000,0.25,175
MCC (Micro Commercial Components),SMAJ4753AQ,Active,A R H,Single,,SMA,1,36,7,0.005,27.4,50,1000,0.25,175
MCC (Micro Commercial Components),SMAJ4754AQ,Active,A R H,Single,,SMA,1,39,6.5,0.005,29.7,60,1000,0.25,175
MCC (Micro Commercial Components),SMAJ4755AQ,Active,A R H,Single,,SMA,1,43,6,0.005,32.7,70,1500,0.25,175
MCC (Micro Commercial Components),SMAJ4756AQ,Active,A R H,Single,,SMA,1,47,5.5,0.005,35.8,80,1500,0.25,175
MCC (Micro Commercial Components),SMAJ4757AQ,Active,A R H,Single,,SMA,1,51,5,0.005,38.8,95,1500,0.25,175
MCC (Micro Commercial Components),SMAJ4758AQ,Active,A R H,Single,,SMA,1,56,4.5,0.005,42.6,110,2000,0.25,175
MCC (Micro Commercial Components),SMAJ4747AQ,Active,A R H,Single,,SMA,1,20,12.5,0.005,15.2,22,750,0.25,175
MCC (Micro Commercial Components),SMAJ4748AQ,Active,A R H,Single,,SMA,1,22,11.5,0.005,16.7,23,750,0.25,175
MCC (Micro Commercial Components),SMAJ4749AQ,Active,A R H,Single,,SMA,1,24,10.5,0.005,18.2,25,750,0.25,175
MCC (Micro Commercial Components),SMAJ4750AQ,Active,A R H,Single,,SMA,1,27,9.5,0.005,20.6,35,750,0.25,175
MCC (Micro Commercial Components),SMAJ4751AQ,Active,A R H,Single,,SMA,1,30,8.5,0.005,22.8,40,1000,0.25,175
MCC (Micro Commercial Components),SMAJ4752AQ,Active,A R H,Single,,SMA,1,33,7.5,0.005,25.1,45,1000,0.25,175
MCC (Micro Commercial Components),SMAJ4741AQ,Active,A R H,Single,,SMA,1,11,23,0.005,8.4,8,700,0.25,175
MCC (Micro Commercial Components),SMAJ4742AQ,Active,A R H,Single,,SMA,1,12,21,0.005,9.1,9,700,0.25,175
MCC (Micro Commercial Components),SMAJ4743AQ,Active,A R H,Single,,SMA,1,13,19,0.005,9.9,10,700,0.25,175
MCC (Micro Commercial Components),SMAJ4744AQ,Active,A R H,Single,,SMA,1,15,17,0.005,11.4,14,700,0.25,175
MCC (Micro Commercial Components),SMAJ4745AQ,Active,A R H,Single,,SMA,1,16,15.5,0.005,12.2,16,700,0.25,175
MCC (Micro Commercial Components),SMAJ4746AQ,Active,A R H,Single,,SMA,1,18,14,0.005,13.7,20,750,0.25,175
MCC (Micro Commercial Components),SMAJ5943BQ,Active,A R H,Single,,SMA,1.5,56,6.7,0.0005,42.6,86,1300,0.25,175
MCC (Micro Commercial Components),SMAJ5945BQ,Active,A R H,Single,,SMA,1.5,68,5.5,0.0005,51.7,120,1700,0.25,175
MCC (Micro Commercial Components),SMAJ5947BQ,Active,A R H,Single,,SMA,1.5,82,4.6,0.0005,62.2,160,2500,0.25,175
MCC (Micro Commercial Components),SMAJ5949BQ,Active,A R H,Single,,SMA,1.5,100,3.7,0.0005,76,250,3100,0.25,175
MCC (Micro Commercial Components),SMAJ5952BQ,Active,A R H,Single,,SMA,1.5,130,2.9,0.0005,98.8,450,5000,0.25,175
MCC (Micro Commercial Components),SMAJ5954BQ,Active,A R H,Single,,SMA,1.5,160,2.3,0.0005,121.6,700,6500,0.25,175
MCC (Micro Commercial Components),SMAJ5931BQ,Active,A R H,Single,,SMA,1.5,18,20.8,0.0005,13.7,12,650,0.25,175
MCC (Micro Commercial Components),SMAJ5933BQ,Active,A R H,Single,,SMA,1.5,22,17,0.0005,16.7,17.5,650,0.25,175
MCC (Micro Commercial Components),SMAJ5935BQ,Active,A R H,Single,,SMA,1.5,27,13.9,0.0005,20.6,23,700,0.25,175
MCC (Micro Commercial Components),SMAJ5937BQ,Active,A R H,Single,,SMA,1.5,33,11.4,0.0005,25.1,33,800,0.25,175
MCC (Micro Commercial Components),SMAJ5939BQ,Active,A R H,Single,,SMA,1.5,39,9.6,0.0005,29.7,45,900,0.25,175
MCC (Micro Commercial Components),SMAJ5941BQ,Active,A R H,Single,,SMA,1.5,47,8,0.0005,35.8,67,1000,0.25,175
MCC (Micro Commercial Components),SMAJ5928BQ,Active,A R H,Single,,SMA,1.5,13,28.8,0.0005,9.9,7,550,0.25,175
MCC (Micro Commercial Components),SMAJ5921BQ,Active,A R H,Single,,SMA,1.5,6.8,55.1,0.01,5.2,2.5,200,1,175
MCC (Micro Commercial Components),SMAJ5923BQ,Active,A R H,Single,,SMA,1.5,8.2,45.7,0.01,6.5,3.5,400,0.5,175
MCC (Micro Commercial Components),SMAJ5925BQ,Active,A R H,Single,,SMA,1.5,10,37.5,0.01,8,4.5,500,0.25,175
MCC (Micro Commercial Components),SMAJ5927BQ,Active,A R H,Single,,SMA,1.5,12,31.2,0.0005,9.1,6.5,550,0.25,175
MCC (Micro Commercial Components),SMAJ5929BQ,Active,A R H,Single,,SMA,1.5,15,25,0.0005,11.4,9,600,0.25,175
MCC (Micro Commercial Components),SMAJ5948BQ,Active,A R H,Single,,SMA,1.5,91,4.1,0.0005,69.2,200,3000,0.25,175
MCC (Micro Commercial Components),SMAJ5950BQ,Active,A R H,Single,,SMA,1.5,110,3.4,0.0005,83.6,300,4000,0.25,175
MCC (Micro Commercial Components),SMAJ5951BQ,Active,A R H,Single,,SMA,1.5,120,3.1,0.0005,91.2,380,4500,0.25,175
MCC (Micro Commercial Components),SMAJ5922BQ,Active,A R H,Single,,SMA,1.5,7.5,50,0.01,6,3,400,0.5,175
MCC (Micro Commercial Components),SMAJ5924BQ,Active,A R H,Single,,SMA,1.5,9.1,41.2,0.01,7,4,500,0.5,175
MCC (Micro Commercial Components),SMAJ5926BQ,Active,A R H,Single,,SMA,1.5,11,34.1,0.0005,8.4,5.5,550,0.25,175
MCC (Micro Commercial Components),SMAJ5936BQ,Active,A R H,Single,,SMA,1.5,30,12.5,0.0005,22.8,26,750,0.25,175
MCC (Micro Commercial Components),SMAJ5938BQ,Active,A R H,Single,,SMA,1.5,36,10.4,0.0005,27.4,38,850,0.25,175
MCC (Micro Commercial Components),SMAJ5940BQ,Active,A R H,Single,,SMA,1.5,43,8.7,0.0005,32.7,53,950,0.25,175
MCC (Micro Commercial Components),SMAJ5942BQ,Active,A R H,Single,,SMA,1.5,51,7.3,0.0005,38.8,70,1100,0.25,175
MCC (Micro Commercial Components),SMAJ5944BQ,Active,A R H,Single,,SMA,1.5,62,6,0.0005,47.1,100,1500,0.25,175
MCC (Micro Commercial Components),SMAJ5946BQ,Active,A R H,Single,,SMA,1.5,75,5,0.0005,56,140,2000,0.25,175
MCC (Micro Commercial Components),SMAJ5956BQ,Active,A R H,Single,,SMA,1.5,200,1.9,0.0005,152,1200,8000,0.25,175
MCC (Micro Commercial Components),SMAJ5953BQ,Active,A R H,Single,,SMA,1.5,150,2.5,0.0005,114,600,6000,0.25,175
MCC (Micro Commercial Components),SMAJ5955BQ,Active,A R H,Single,,SMA,1.5,180,2.1,0.0005,136.8,900,7000,0.25,175
MCC (Micro Commercial Components),SMAJ5930BQ,Active,A R H,Single,,SMA,1.5,16,23.4,0.0005,12.2,10,600,0.25,175
MCC (Micro Commercial Components),SMAJ5932BQ,Active,A R H,Single,,SMA,1.5,20,18.7,0.0005,15.2,14,650,0.25,175
MCC (Micro Commercial Components),SMAJ5934BQ,Active,A R H,Single,,SMA,1.5,24,15.6,0.0005,18.2,19,700,0.25,175
MCC (Micro Commercial Components),3SMBJ5921BQ,Active,A R H,Single,,SMB,3,6.8,110,0.01,4,2,700,1,175
MCC (Micro Commercial Components),3SMBJ5923BQ,Active,A R H,Single,,SMB,3,8.2,91,0.01,6,2.3,700,0.5,175
MCC (Micro Commercial Components),3SMBJ5925BQ,Active,A R H,Single,,SMB,3,10,75,0.01,7.6,3.5,700,0.25,175
MCC (Micro Commercial Components),3SMBJ5927BQ,Active,A R H,Single,,SMB,3,12,63,0.0005,9.1,4.5,700,0.25,175
MCC (Micro Commercial Components),3SMBJ5929BQ,Active,A R H,Single,,SMB,3,15,50,0.0005,11.4,5.5,700,0.25,175
MCC (Micro Commercial Components),3SMBJ5931BQ,Active,A R H,Single,,SMB,3,18,42,0.0005,13.7,6,750,0.25,175
MCC (Micro Commercial Components),3SMBJ5932BQ,Active,A R H,Single,,SMB,3,20,37,0.0005,15.2,7,750,0.25,175
MCC (Micro Commercial Components),3SMBJ5934BQ,Active,A R H,Single,,SMB,3,24,31,0.0005,18.2,9,750,0.25,175
MCC (Micro Commercial Components),3SMBJ5958BQ,Active,A R H,Single,,SMB,3,220,3.3,0.0005,178,1600,8500,0.25,175
MCC (Micro Commercial Components),3SMBJ5924BQ,Active,A R H,Single,,SMB,3,9.1,82,0.01,7,2.5,700,0.5,175
MCC (Micro Commercial Components),3SMBJ5922BQ,Active,A R H,Single,,SMB,3,7.5,100,0.01,5,2,700,0.5,175
MCC (Micro Commercial Components),3SMBJ5926BQ,Active,A R H,Single,,SMB,3,11,68,0.0005,8.4,4,700,0.25,175
MCC (Micro Commercial Components),3SMBJ5928BQ,Active,A R H,Single,,SMB,3,13,58,0.0005,9.9,4.5,700,0.25,175
MCC (Micro Commercial Components),3SMBJ5930BQ,Active,A R H,Single,,SMB,3,16,47,0.0005,12.2,5.5,700,0.25,175
MCC (Micro Commercial Components),3SMBJ5946BQ,Active,A R H,Single,,SMB,3,75,10,0.0005,56,85,2000,0.25,175
MCC (Micro Commercial Components),3SMBJ5948BQ,Active,A R H,Single,,SMB,3,91,8.2,0.0005,69.2,115,3000,0.25,175
MCC (Micro Commercial Components),3SMBJ5950BQ,Active,A R H,Single,,SMB,3,110,6.8,0.0005,83.6,225,4000,0.25,175
MCC (Micro Commercial Components),3SMBJ5952BQ,Active,A R H,Single,,SMB,3,130,5.8,0.0005,98.8,375,5000,0.25,175
MCC (Micro Commercial Components),3SMBJ5954BQ,Active,A R H,Single,,SMB,3,160,4.7,0.0005,121.6,625,6500,0.25,175
MCC (Micro Commercial Components),3SMBJ5956BQ,Active,A R H,Single,,SMB,3,200,3.7,0.0005,152,875,8000,0.25,175
MCC (Micro Commercial Components),3SMBJ5938BQ,Active,A R H,Single,,SMB,3,36,21,0.0005,27.4,22,1000,0.25,175
MCC (Micro Commercial Components),3SMBJ5939BQ,Active,A R H,Single,,SMB,3,39,19,0.0005,29.7,28,1000,0.25,175
MCC (Micro Commercial Components),3SMBJ5941BQ,Active,A R H,Single,,SMB,3,47,16,0.0005,35.6,38,1500,0.25,175
MCC (Micro Commercial Components),3SMBJ5942BQ,Active,A R H,Single,,SMB,3,51,15,0.0005,38.8,45,1500,0.25,175
MCC (Micro Commercial Components),3SMBJ5943BQ,Active,A R H,Single,,SMB,3,56,13,0.0005,42.6,50,2000,0.25,175
MCC (Micro Commercial Components),3SMBJ5944BQ,Active,A R H,Single,,SMB,3,62,12,0.0005,47.1,55,2000,0.25,175
MCC (Micro Commercial Components),3SMBJ5951BQ,Active,A R H,Single,,SMB,3,120,6.3,0.0005,91.2,300,4500,0.25,175
MCC (Micro Commercial Components),3SMBJ5953BQ,Active,A R H,Single,,SMB,3,150,5,0.0005,114,550,6000,0.25,175
MCC (Micro Commercial Components),3SMBJ5955BQ,Active,A R H,Single,,SMB,3,180,4.2,0.0005,136.8,700,7000,0.25,175
MCC (Micro Commercial Components),3SMBJ5957BQ,Active,A R H,Single,,SMB,3,210,3.5,0.0005,169,950,8300,0.25,175
MCC (Micro Commercial Components),3SMBJ5936BQ,Active,A R H,Single,,SMB,3,30,25,0.0005,22.5,16,1000,0.25,175
MCC (Micro Commercial Components),3SMBJ5937BQ,Active,A R H,Single,,SMB,3,33,23,0.0005,25.1,20,1000,0.25,175
MCC (Micro Commercial Components),3SMBJ5933BQ,Active,A R H,Single,,SMB,3,22,34,0.0005,16.7,8,750,0.25,175
MCC (Micro Commercial Components),3SMBJ5935BQ,Active,A R H,Single,,SMB,3,27,28,0.0005,20.6,10,750,0.25,175
MCC (Micro Commercial Components),3SMBJ5940BQ,Active,A R H,Single,,SMB,3,43,17,0.0005,32.7,33,1500,0.25,175
MCC (Micro Commercial Components),3SMBJ5945BQ,Active,A R H,Single,,SMB,3,68,11,0.0005,51.7,70,2000,0.25,175
MCC (Micro Commercial Components),3SMBJ5947BQ,Active,A R H,Single,,SMB,3,82,9.1,0.0005,62.2,95,3000,0.25,175
MCC (Micro Commercial Components),3SMBJ5949BQ,Active,A R H,Single,,SMB,3,100,7.5,0.0005,76,160,3000,0.25,175
MCC (Micro Commercial Components),DFLZ6V2Q,Active,A R H,Single,,SOD-123FL,1,6.2,41,0.01,3,2,700,1,175
MCC (Micro Commercial Components),DFLZ6V8Q,Active,A R H,Single,,SOD-123FL,1,6.8,37,0.01,4,3.5,700,1,175
MCC (Micro Commercial Components),DFLZ7V5Q,Active,A R H,Single,,SOD-123FL,1,7.5,34,0.01,5,4,700,0.5,175
MCC (Micro Commercial Components),DFLZ8V2Q,Active,A R H,Single,,SOD-123FL,1,8.2,31,0.01,6,4.5,700,0.5,175
MCC (Micro Commercial Components),DFLZ9V1Q,Active,A R H,Single,,SOD-123FL,1,9.1,28,0.01,7,5,700,0.5,175
MCC (Micro Commercial Components),DFLZ10Q,Active,A R H,Single,,SOD-123FL,1,10,25,0.01,7.6,7,700,0.25,175
MCC (Micro Commercial Components),DFLZ75Q,Active,A R H,Single,,SOD-123FL,1,75,3.3,0.005,56,175,2000,0.25,175
MCC (Micro Commercial Components),DFLZ82Q,Active,A R H,Single,,SOD-123FL,1,82,3,0.005,62.2,200,3000,0.25,175
MCC (Micro Commercial Components),DFLZ91Q,Active,A R H,Single,,SOD-123FL,1,91,2.8,0.005,69.2,250,3000,0.25,175
MCC (Micro Commercial Components),DFLZ100Q,Active,A R H,Single,,SOD-123FL,1,100,2.5,0.005,76,350,3000,0.25,175
MCC (Micro Commercial Components),DFLZ27Q,Active,A R H,Single,,SOD-123FL,1,27,9.5,0.005,20.6,35,750,0.25,175
MCC (Micro Commercial Components),DFLZ13Q,Active,A R H,Single,,SOD-123FL,1,13,19,0.005,9.9,10,700,0.25,175
MCC (Micro Commercial Components),DFLZ43Q,Active,A R H,Single,,SOD-123FL,1,43,6,0.005,32.7,70,1500,0.25,175
MCC (Micro Commercial Components),DFLZ47Q,Active,A R H,Single,,SOD-123FL,1,47,5.5,0.005,35.8,80,1500,0.25,175
MCC (Micro Commercial Components),DFLZ51Q,Active,A R H,Single,,SOD-123FL,1,51,5,0.005,38.8,95,1500,0.25,175
MCC (Micro Commercial Components),DFLZ56Q,Active,A R H,Single,,SOD-123FL,1,56,4.5,0.005,42.6,110,2000,0.25,175
MCC (Micro Commercial Components),DFLZ62Q,Active,A R H,Single,,SOD-123FL,1,62,4,0.005,47.1,125,2000,0.25,175
MCC (Micro Commercial Components),DFLZ68Q,Active,A R H,Single,,SOD-123FL,1,68,3.7,0.005,51.7,150,2000,0.25,175
MCC (Micro Commercial Components),DFLZ22Q,Active,A R H,Single,,SOD-123FL,1,22,11.5,0.005,16.7,23,750,0.25,175
MCC (Micro Commercial Components),DFLZ24Q,Active,A R H,Single,,SOD-123FL,1,24,10.5,0.005,18.2,25,750,0.25,175
MCC (Micro Commercial Components),DFLZ30Q,Active,A R H,Single,,SOD-123FL,1,30,8.5,0.005,22.8,40,1000,0.25,175
MCC (Micro Commercial Components),DFLZ33Q,Active,A R H,Single,,SOD-123FL,1,33,7.5,0.005,25.1,45,1000,0.25,175
MCC (Micro Commercial Components),DFLZ36Q,Active,A R H,Single,,SOD-123FL,1,36,7,0.005,27.4,50,1000,0.25,175
MCC (Micro Commercial Components),DFLZ39Q,Active,A R H,Single,,SOD-123FL,1,39,6.5,0.005,29.7,60,1000,0.25,175
MCC (Micro Commercial Components),DFLZ11Q,Active,A R H,Single,,SOD-123FL,1,11,23,0.005,8.4,8,700,0.25,175
MCC (Micro Commercial Components),DFLZ12Q,Active,A R H,Single,,SOD-123FL,1,12,21,0.005,9.1,9,700,0.25,175
MCC (Micro Commercial Components),DFLZ15Q,Active,A R H,Single,,SOD-123FL,1,15,17,0.005,11.4,14,700,0.25,175
MCC (Micro Commercial Components),DFLZ16Q,Active,A R H,Single,,SOD-123FL,1,16,15.5,0.005,12.2,16,700,0.25,175
MCC (Micro Commercial Components),DFLZ18Q,Active,A R H,Single,,SOD-123FL,1,18,14,0.005,13.7,20,750,0.25,175
MCC (Micro Commercial Components),DFLZ20Q,Active,A R H,Single,,SOD-123FL,1,20,12.5,0.005,15.2,22,750,0.25,175
MCC (Micro Commercial Components),BZT52C3V9L3PHE3,Active,A R H,Single,,DFN1006-2L,0.15,3.9,5,0.003,1,90,600,1,150
MCC (Micro Commercial Components),BZT52C4V3L3PHE3,Active,A R H,Single,,DFN1006-2L,0.15,4.3,5,0.003,1,90,600,1,150
MCC (Micro Commercial Components),BZT52C2V7L3PHE3,Active,A R H,Single,,DFN1006-2L,0.15,2.7,5,0.02,1,100,600,1,150
MCC (Micro Commercial Components),BZT52C3V0L3PHE3,Active,A R H,Single,,DFN1006-2L,0.15,3,5,0.01,1,95,600,1,150
MCC (Micro Commercial Components),BZT52C4V7L3PHE3,Active,A R H,Single,,DFN1006-2L,0.15,4.7,5,0.003,2,80,500,1,150
MCC (Micro Commercial Components),BZT52C5V1L3PHE3,Active,A R H,Single,,DFN1006-2L,0.15,5.1,5,0.002,2,60,480,1,150
MCC (Micro Commercial Components),BZT52C22L3PHE3,Active,A R H,Single,,DFN1006-2L,0.15,22,5,0.0001,15.4,55,250,1,150
MCC (Micro Commercial Components),BZT52C24L3PHE3,Active,A R H,Single,,DFN1006-2L,0.15,24,5,0.0001,16.8,70,250,1,150
MCC (Micro Commercial Components),BZT52C12L3PHE3,Active,A R H,Single,,DFN1006-2L,0.15,12,5,0.0001,8,25,150,1,150
MCC (Micro Commercial Components),BZT52C13L3PHE3,Active,A R H,Single,,DFN1006-2L,0.15,13,5,0.0001,8,30,170,1,150
MCC (Micro Commercial Components),BZT52C15L3PHE3,Active,A R H,Single,,DFN1006-2L,0.15,15,5,0.0001,10.5,30,200,1,150
MCC (Micro Commercial Components),BZT52C16L3PHE3,Active,A R H,Single,,DFN1006-2L,0.15,16,5,0.0001,11.2,40,200,1,150
MCC (Micro Commercial Components),BZT52C18L3PHE3,Active,A R H,Single,,DFN1006-2L,0.15,18,5,0.0001,12.6,45,225,1,150
MCC (Micro Commercial Components),BZT52C20L3PHE3,Active,A R H,Single,,DFN1006-2L,0.15,20,5,0.0001,14,55,225,1,150
MCC (Micro Commercial Components),BZT52C39L3PHE3,Active,A R H,Single,,DFN1006-2L,0.15,39,2,0.0001,27.3,130,350,0.5,150
MCC (Micro Commercial Components),BZT52C43L3PHE3,Active,A R H,Single,,DFN1006-2L,0.15,43,2,0.0001,32,100,700,0.5,150
MCC (Micro Commercial Components),BZT52C47L3PHE3,Active,A R H,Single,,DFN1006-2L,0.15,47,2,0.0001,35,100,750,0.5,150
MCC (Micro Commercial Components),BZT52C9V1L3PHE3,Active,A R H,Single,,DFN1006-2L,0.15,9.1,5,0.0005,6,15,100,1,150
MCC (Micro Commercial Components),BZT52C10L3PHE3,Active,A R H,Single,,DFN1006-2L,0.15,10,5,0.0002,7,20,150,1,150
MCC (Micro Commercial Components),BZT52C11L3PHE3,Active,A R H,Single,,DFN1006-2L,0.15,11,5,0.0001,8,20,150,1,150
MCC (Micro Commercial Components),BZT52C3V3L3PHE3,Active,A R H,Single,,DFN1006-2L,0.15,3.3,5,0.005,1,95,600,1,150
MCC (Micro Commercial Components),BZT52C3V6L3PHE3,Active,A R H,Single,,DFN1006-2L,0.15,3.6,5,0.005,1,90,600,1,150
MCC (Micro Commercial Components),BZT52C27L3PHE3,Active,A R H,Single,,DFN1006-2L,0.15,27,2,0.0001,18.9,80,300,0.5,150
MCC (Micro Commercial Components),BZT52C30L3PHE3,Active,A R H,Single,,DFN1006-2L,0.15,30,2,0.0001,21,80,300,0.5,150
MCC (Micro Commercial Components),BZT52C33L3PHE3,Active,A R H,Single,,DFN1006-2L,0.15,33,2,0.0001,23.1,80,325,0.5,150
MCC (Micro Commercial Components),BZT52C36L3PHE3,Active,A R H,Single,,DFN1006-2L,0.15,36,2,0.0001,25.2,90,350,0.5,150
MCC (Micro Commercial Components),BZT52C5V6L3PHE3,Active,A R H,Single,,DFN1006-2L,0.15,5.6,5,0.001,2,40,400,1,150
MCC (Micro Commercial Components),BZT52C6V2L3PHE3,Active,A R H,Single,,DFN1006-2L,0.15,6.2,5,0.003,4,10,150,1,150
MCC (Micro Commercial Components),BZT52C6V8L3PHE3,Active,A R H,Single,,DFN1006-2L,0.15,6.8,5,0.002,4,15,80,1,150
MCC (Micro Commercial Components),BZT52C7V5L3PHE3,Active,A R H,Single,,DFN1006-2L,0.15,7.5,5,0.001,5,15,80,1,150
MCC (Micro Commercial Components),BZT52C8V2L3PHE3,Active,A R H,Single,,DFN1006-2L,0.15,8.2,5,0.0007,5,15,80,1,150
MCC (Micro Commercial Components),BZT52C2V4L3PHE3,Active,A R H,Single,,DFN1006-2L,0.15,2.4,5,0.05,1,100,600,1,150
MCC (Micro Commercial Components),SMA2Z9.1AQ,Active,A R H,Single,,SMA,2,9.1,55,0.01,7,2.5,700,0.5,175
MCC (Micro Commercial Components),BZT52B3V6L3P,Active,R H,Single,,DFN1006-2L,0.15,3.6,5,0.015,1,95,600,1,150
MCC (Micro Commercial Components),BZT52B4V7L3P,Active,R H,Single,,DFN1006-2L,0.15,4.7,5,0.001,1,78,500,1,150
MCC (Micro Commercial Components),BZT52B5V1L3P,Active,R H,Single,,DFN1006-2L,0.15,5.1,5,0.0001,0.8,60,480,1,150
MCC (Micro Commercial Components),BZT52B5V6L3P,Active,R H,Single,,DFN1006-2L,0.15,5.6,5,0.0001,1,40,400,1,150
MCC (Micro Commercial Components),BZT52B6V2L3P,Active,R H,Single,,DFN1006-2L,0.15,6.2,5,0.0001,2,10,150,1,150
MCC (Micro Commercial Components),BZT52B6V8L3P,Active,R H,Single,,DFN1006-2L,0.15,6.8,5,0.0001,3,8,80,1,150
MCC (Micro Commercial Components),BZT52B36L3P,Active,R H,Single,,DFN1006-2L,0.15,36,5,0.0001,27,90,350,1,150
MCC (Micro Commercial Components),BZT52B20L3P,Active,R H,Single,,DFN1006-2L,0.15,20,5,0.0001,15,55,225,1,150
MCC (Micro Commercial Components),BZT52B22L3P,Active,R H,Single,,DFN1006-2L,0.15,22,5,0.0001,17,55,250,1,150
MCC (Micro Commercial Components),BZT52B24L3P,Active,R H,Single,,DFN1006-2L,0.15,24,5,0.0001,18,70,250,1,150
MCC (Micro Commercial Components),BZT52B27L3P,Active,R H,Single,,DFN1006-2L,0.15,27,5,0.0001,20,80,300,1,150
MCC (Micro Commercial Components),BZT52B30L3P,Active,R H,Single,,DFN1006-2L,0.15,30,5,0.0001,22,80,300,1,150
MCC (Micro Commercial Components),BZT52B33L3P,Active,R H,Single,,DFN1006-2L,0.15,33,5,0.0001,24,80,325,1,150
MCC (Micro Commercial Components),BZT52B13L3P,Active,R H,Single,,DFN1006-2L,0.15,13,5,0.0001,9.7,26,170,1,150
MCC (Micro Commercial Components),BZT52B15L3P,Active,R H,Single,,DFN1006-2L,0.15,15,5,0.0001,11,30,200,1,150
MCC (Micro Commercial Components),BZT52B16L3P,Active,R H,Single,,DFN1006-2L,0.15,16,5,0.0001,12,40,200,1,150
MCC (Micro Commercial Components),BZT52B3V9L3P,Active,R H,Single,,DFN1006-2L,0.15,3.9,5,0.01,1,95,600,1,150
MCC (Micro Commercial Components),BZT52B4V3L3P,Active,R H,Single,,DFN1006-2L,0.15,4.3,5,0.005,1,95,600,1,150
MCC (Micro Commercial Components),BZT52B18L3P,Active,R H,Single,,DFN1006-2L,0.15,18,5,0.0001,14,50,225,1,150
MCC (Micro Commercial Components),BZT52B7V5L3P,Active,R H,Single,,DFN1006-2L,0.15,7.5,5,0.0001,5,7,80,1,150
MCC (Micro Commercial Components),BZT52B8V2L3P,Active,R H,Single,,DFN1006-2L,0.15,8.2,5,0.0001,6,7,80,1,150
MCC (Micro Commercial Components),BZT52B9V1L3P,Active,R H,Single,,DFN1006-2L,0.15,9.1,5,0.0001,6.8,10,100,1,150
MCC (Micro Commercial Components),BZT52B10L3P,Active,R H,Single,,DFN1006-2L,0.15,10,5,0.0001,7.5,15,150,1,150
MCC (Micro Commercial Components),BZT52B11L3P,Active,R H,Single,,DFN1006-2L,0.15,11,5,0.0001,8.2,20,150,1,150
MCC (Micro Commercial Components),BZT52B12L3P,Active,R H,Single,,DFN1006-2L,0.15,12,5,0.0001,9,20,150,1,150
MCC (Micro Commercial Components),SMAF4735A,Active,R H,Single,,DO-221AC,1,6.2,41,0.01,3,2,700,1,150
MCC (Micro Commercial Components),SMAF4736A,Active,R H,Single,,DO-221AC,1,6.8,37,0.01,4,3.5,700,1,150
MCC (Micro Commercial Components),SMAF4737A,Active,R H,Single,,DO-221AC,1,7.5,34,0.01,5,4,700,0.5,150
MCC (Micro Commercial Components),SMAF4738A,Active,R H,Single,,DO-221AC,1,8.2,31,0.01,6,4.5,700,0.5,150
MCC (Micro Commercial Components),SMAF4739A,Active,R H,Single,,DO-221AC,1,9.1,28,0.01,7,5,700,0.5,150
MCC (Micro Commercial Components),SMAF4740A,Active,R H,Single,,DO-221AC,1,10,25,0.01,7.6,7,700,0.25,150
MCC (Micro Commercial Components),SMAF4764A,Active,R H,Single,,DO-221AC,1,100,2.5,0.005,76,350,3000,0.25,150
MCC (Micro Commercial Components),SMAF4749A,Active,R H,Single,,DO-221AC,1,24,10.5,0.005,18.2,25,750,0.25,150
MCC (Micro Commercial Components),SMAF4750A,Active,R H,Single,,DO-221AC,1,27,9.5,0.005,20.6,35,750,0.25,150
MCC (Micro Commercial Components),SMAF4751A,Active,R H,Single,,DO-221AC,1,30,8.5,0.005,22.8,40,1000,0.25,150
MCC (Micro Commercial Components),SMAF4752A,Active,R H,Single,,DO-221AC,1,33,7.5,0.005,25.1,45,1000,0.25,150
MCC (Micro Commercial Components),SMAF4753A,Active,R H,Single,,DO-221AC,1,36,7,0.005,27.4,50,1000,0.25,150
MCC (Micro Commercial Components),SMAF4758A,Active,R H,Single,,DO-221AC,1,56,4.5,0.005,42.6,110,2000,0.25,150
MCC (Micro Commercial Components),SMAF4759A,Active,R H,Single,,DO-221AC,1,62,4,0.005,47.1,125,2000,0.25,150
MCC (Micro Commercial Components),SMAF4760A,Active,R H,Single,,DO-221AC,1,68,3.7,0.005,51.7,150,2000,0.25,150
MCC (Micro Commercial Components),SMAF4761A,Active,R H,Single,,DO-221AC,1,75,3.3,0.005,56,175,2000,0.25,150
MCC (Micro Commercial Components),SMAF4762A,Active,R H,Single,,DO-221AC,1,82,3,0.005,62.2,200,3000,0.25,150
MCC (Micro Commercial Components),SMAF4763A,Active,R H,Single,,DO-221AC,1,91,2.8,0.005,69.2,250,3000,0.25,150
MCC (Micro Commercial Components),SMAF4747A,Active,R H,Single,,DO-221AC,1,20,12.5,0.005,15.2,22,750,0.25,150
MCC (Micro Commercial Components),SMAF4748A,Active,R H,Single,,DO-221AC,1,22,11.5,0.005,16.7,23,750,0.25,150
MCC (Micro Commercial Components),SMAF4754A,Active,R H,Single,,DO-221AC,1,39,6.5,0.005,29.7,60,1000,0.25,150
MCC (Micro Commercial Components),SMAF4755A,Active,R H,Single,,DO-221AC,1,43,6,0.005,32.7,70,1500,0.25,150
MCC (Micro Commercial Components),SMAF4756A,Active,R H,Single,,DO-221AC,1,47,5.5,0.005,35.8,80,1500,0.25,150
MCC (Micro Commercial Components),SMAF4757A,Active,R H,Single,,DO-221AC,1,51,5,0.005,38.8,95,1500,0.25,150
MCC (Micro Commercial Components),SMAF4741A,Active,R H,Single,,DO-221AC,1,11,23,0.005,8.4,8,700,0.25,150
MCC (Micro Commercial Components),SMAF4742A,Active,R H,Single,,DO-221AC,1,12,21,0.005,9.1,9,700,0.25,150
MCC (Micro Commercial Components),SMAF4743A,Active,R H,Single,,DO-221AC,1,13,19,0.005,9.9,10,700,0.25,150
MCC (Micro Commercial Components),SMAF4744A,Active,R H,Single,,DO-221AC,1,15,17,0.005,11.4,14,700,0.25,150
MCC (Micro Commercial Components),SMAF4745A,Active,R H,Single,,DO-221AC,1,16,15.5,0.005,12.2,16,700,0.25,150
MCC (Micro Commercial Components),SMAF4746A,Active,R H,Single,,DO-221AC,1,18,14,0.005,13.7,20,750,0.25,150
MCC (Micro Commercial Components),AZ23C5V6L,Active,R H,Dual,,SOT-23,0.2,5.6,5,0.0001,1,30,400,1,150
MCC (Micro Commercial Components),BZX584C5V6L,Active,R H,Single,,SOD-523,0.2,5.6,5,0.0001,1,30,400,1,150
MCC (Micro Commercial Components),BZX84B3V6HE3,Active,A R H,Single,,SOT-23,0.35,3.6,5,0.005,1,90,600,1,150
MCC (Micro Commercial Components),BZX84B3V9HE3,Active,A R H,Single,,SOT-23,0.35,3.9,5,0.003,1,90,600,1,150
MCC (Micro Commercial Components),BZT52C62S,Active,R H,Single,,SOD-323,0.2,62,2,0.00005,43.4,215,450,0.5,150
MCC (Micro Commercial Components),BZT52C68S,Active,R H,Single,,SOD-323,0.2,68,2,0.00005,47.6,240,475,0.5,150
MCC (Micro Commercial Components),BZT52C75S,Active,R H,Single,,SOD-323,0.2,75,2,0.00005,52.5,255,500,0.5,150
MCC (Micro Commercial Components),3SMAJ5932BQ,Active,A R H,Single,,SMA,3,20,18.7,0.001,15.2,14,650,0.25,150
